num;utterance;child;age;skipped;reconstructed;bow;gold;prediction;chance;controlledscore
0;[<__main__.Word instance at 0x11ab08518>];Alex;1_6;False;True;[['tree']];tree;tree;1.0;0.0
1;[<__main__.Word instance at 0x11ab08710>];Alex;1_6;False;True;[['tree']];tree;tree;1.0;0.0
2;[<__main__.Word instance at 0x11ab08950>];Alex;1_6;False;True;[['ball']];ball;ball;1.0;0.0
3;[<__main__.Word instance at 0x11ab08b90>];Alex;1_6;False;True;[['wee']];wee;wee;1.0;0.0
4;[<__main__.Word instance at 0x11ab08dd0>];Alex;1_6;False;True;[['wee']];wee;wee;1.0;0.0
5;[<__main__.Word instance at 0x10dbc46c8>];Alex;1_6;False;True;[['wee']];wee;wee;1.0;0.0
6;[<__main__.Word instance at 0x10dbc4998>];Alex;1_6;False;True;[['wee']];wee;wee;1.0;0.0
7;[<__main__.Word instance at 0x10dbc4b00>];Alex;1_6;False;True;[['&']];&;&;1.0;0.0
8;[<__main__.Word instance at 0x10dbc6ab8>];Alex;1_6;False;True;[['wee']];wee;wee;1.0;0.0
9;[<__main__.Word instance at 0x10dbc6c68>];Alex;1_6;False;True;[['water']];water;water;1.0;0.0
10;[<__main__.Word instance at 0x10dd5da70>];Alex;1_6;False;True;[['wee']];wee;wee;1.0;0.0
11;[<__main__.Word instance at 0x10dd5dcf8>];Alex;1_6;False;True;[['wow']];wow;wow;1.0;0.0
12;[<__main__.Word instance at 0x10dd5d758>];Alex;1_6;False;True;[['bat']];bat;bat;1.0;0.0
13;[<__main__.Word instance at 0x10dd5d518>];Alex;1_6;False;True;[['bat']];bat;bat;1.0;0.0
14;[<__main__.Word instance at 0x11ab0e050>];Alex;1_6;False;True;[['bat']];bat;bat;1.0;0.0
15;[<__main__.Word instance at 0x11ab0e200>];Alex;1_6;False;True;[['bat']];bat;bat;1.0;0.0
16;[<__main__.Word instance at 0x11ab0e3b0>];Alex;1_6;False;True;[['one']];one;one;1.0;0.0
17;[<__main__.Word instance at 0x11ab0e680>];Alex;1_6;False;True;[['octopus']];octopus;octopus;1.0;0.0
18;[<__main__.Word instance at 0x11ab0e758>];Alex;1_6;False;True;[['octopus']];octopus;octopus;1.0;0.0
19;[<__main__.Word instance at 0x11ab0e6c8>];Alex;1_6;False;True;[['wee']];wee;wee;1.0;0.0
20;[<__main__.Word instance at 0x11ab0e7a0>];Alex;1_6;False;True;[['boot']];boot;boot;1.0;0.0
21;[<__main__.Word instance at 0x11ab0e878>];Alex;1_6;False;True;[['b']];b;b;1.0;0.0
22;[<__main__.Word instance at 0x11ab0e440>];Alex;1_6;False;True;[['b']];b;b;1.0;0.0
23;[<__main__.Word instance at 0x11ab0ea28>];Alex;1_6;False;True;[['two']];two;two;1.0;0.0
24;[<__main__.Word instance at 0x11ab0eb00>];Alex;1_6;False;True;[['wee']];wee;wee;1.0;0.0
25;[<__main__.Word instance at 0x11ab0ebd8>];Alex;1_6;False;True;[['boot']];boot;boot;1.0;0.0
26;"[<__main__.Word instance at 0x11ab0e950>
 <__main__.Word instance at 0x11ab0ee60>]";Alex;1_6;False;True;[['a'], ['tree']];atree;atree;0.5;0.69314718056
27;[<__main__.Word instance at 0x11ab0ef38>];Alex;1_6;False;True;[['wee']];wee;wee;1.0;0.0
28;[<__main__.Word instance at 0x11ab0e518>];Alex;1_6;False;True;[['&']];&;&;1.0;0.0
29;[<__main__.Word instance at 0x11ab12170>];Alex;1_6;False;True;[['ice']];ice;ice;1.0;0.0
30;"[<__main__.Word instance at 0x11ab120e0>
 <__main__.Word instance at 0x11ab12320>]";Alex;1_6;False;True;[['Mama'], ['Mama']];MamaMama;MamaMama;0.5;0.69314718056
31;[<__main__.Word instance at 0x11ab123f8>];Alex;1_6;False;True;[['two']];two;two;1.0;0.0
32;[<__main__.Word instance at 0x11ab124d0>];Alex;1_6;False;True;[['three']];three;three;1.0;0.0
33;[<__main__.Word instance at 0x11ab125a8>];Alex;1_6;False;True;[['three']];three;three;1.0;0.0
34;[<__main__.Word instance at 0x11ab12518>];Alex;1_6;False;True;[['three']];three;three;1.0;0.0
35;[<__main__.Word instance at 0x11ab128c0>];Alex;1_6;False;True;[['two']];two;two;1.0;0.0
36;[<__main__.Word instance at 0x11ab12ab8>];Alex;1_6;False;True;[['two']];two;two;1.0;0.0
37;[<__main__.Word instance at 0x11ab12b90>];Alex;1_6;False;True;[['no']];no;no;1.0;0.0
38;[<__main__.Word instance at 0x11ab12c68>];Alex;1_6;False;True;[['two']];two;two;1.0;0.0
39;"[<__main__.Word instance at 0x11ab12d40>
 <__main__.Word instance at 0x11ab12440>]";Alex;1_6;False;True;[['two'], ['two']];twotwo;twotwo;0.5;0.69314718056
40;[<__main__.Word instance at 0x11ab12cb0>];Alex;1_6;False;True;[['two']];two;two;1.0;0.0
41;[<__main__.Word instance at 0x11ab12d88>];Alex;1_6;False;True;[['wow']];wow;wow;1.0;0.0
42;[<__main__.Word instance at 0x11ab12e60>];Alex;1_6;False;True;[['wow']];wow;wow;1.0;0.0
43;[<__main__.Word instance at 0x11ab12bd8>];Alex;1_6;False;True;[['wow']];wow;wow;1.0;0.0
44;[<__main__.Word instance at 0x11ab19050>];Alex;1_6;False;True;[['uhoh']];uhoh;uhoh;1.0;0.0
45;[<__main__.Word instance at 0x11ab19200>];Alex;1_6;False;True;[['slow']];slow;slow;1.0;0.0
46;"[<__main__.Word instance at 0x11ab19320>
 <__main__.Word instance at 0x11ab19170>]";Alex;1_6;False;True;[['tree'], ['a']];atree;atree;0.5;0.69314718056
47;[<__main__.Word instance at 0x11ab19248>];Alex;1_6;False;True;[['wee']];wee;wee;1.0;0.0
48;[<__main__.Word instance at 0x11ab193f8>];Alex;1_6;False;True;[['wee']];wee;wee;1.0;0.0
49;[<__main__.Word instance at 0x11ab191b8>];Alex;1_6;False;True;[['wee']];wee;wee;1.0;0.0
50;[<__main__.Word instance at 0x11ab19680>];Alex;1_6;False;True;[['pop']];pop;pop;1.0;0.0
51;[<__main__.Word instance at 0x11ab19830>];Alex;1_6;False;True;[['pop']];pop;pop;1.0;0.0
52;[<__main__.Word instance at 0x11ab19710>];Alex;1_6;False;True;[['wee']];wee;wee;1.0;0.0
53;[<__main__.Word instance at 0x11ab19998>];Alex;1_6;False;True;[['tree']];tree;tree;1.0;0.0
