num;utterance;child;age;skipped;reconstructed;bow;gold;prediction;chance;controlledscore
0;[<__main__.Word instance at 0x1157ebab8>];Lily;1_6;False;True;[['&']];&;&;1.0;0.0
1;[<__main__.Word instance at 0x1157ebcb0>];Lily;1_6;False;True;[['&']];&;&;1.0;0.0
2;[<__main__.Word instance at 0x1157ebf38>];Lily;1_6;False;True;[['&muah']];&muah;&muah;1.0;0.0
3;[<__main__.Word instance at 0x1074ada70>];Lily;1_6;False;True;[['&']];&;&;1.0;0.0
4;[<__main__.Word instance at 0x1074adcf8>];Lily;1_6;False;True;[['dirty']];dirty;dirty;1.0;0.0
5;[<__main__.Word instance at 0x1074ad758>];Lily;1_6;False;True;[['dirty']];dirty;dirty;1.0;0.0
6;[<__main__.Word instance at 0x1074ad5a8>];Lily;1_6;False;True;[['dirty']];dirty;dirty;1.0;0.0
7;[<__main__.Word instance at 0x1074adf80>];Lily;1_6;False;True;[['daddy']];daddy;daddy;1.0;0.0
8;[<__main__.Word instance at 0x1074ad488>];Lily;1_6;False;True;[['daddy']];daddy;daddy;1.0;0.0
9;[<__main__.Word instance at 0x107314a28>];Lily;1_6;False;True;[['daddy']];daddy;daddy;1.0;0.0
10;[<__main__.Word instance at 0x1073145a8>];Lily;1_6;False;True;[['daddy']];daddy;daddy;1.0;0.0
11;[<__main__.Word instance at 0x107314b48>];Lily;1_6;False;True;[['mommy']];mommy;mommy;1.0;0.0
12;[<__main__.Word instance at 0x107314908>];Lily;1_6;False;True;[['daddy']];daddy;daddy;1.0;0.0
13;[<__main__.Word instance at 0x1073169e0>];Lily;1_6;False;True;[['daddy']];daddy;daddy;1.0;0.0
14;[<__main__.Word instance at 0x1157f10e0>];Lily;1_6;False;True;[['daddy']];daddy;daddy;1.0;0.0
15;[<__main__.Word instance at 0x1157f1200>];Lily;1_6;False;True;[['mommy']];mommy;mommy;1.0;0.0
16;[<__main__.Word instance at 0x1157f12d8>];Lily;1_6;False;True;[['daddy']];daddy;daddy;1.0;0.0
17;[<__main__.Word instance at 0x1157f1518>];Lily;1_6;False;True;[['daddy']];daddy;daddy;1.0;0.0
18;[<__main__.Word instance at 0x1157f15f0>];Lily;1_6;False;True;[['mommy']];mommy;mommy;1.0;0.0
19;[<__main__.Word instance at 0x1157f17e8>];Lily;1_6;False;True;[['daddy']];daddy;daddy;1.0;0.0
20;[<__main__.Word instance at 0x1157f1908>];Lily;1_6;False;True;[['daddy']];daddy;daddy;1.0;0.0
21;[<__main__.Word instance at 0x1157f1a28>];Lily;1_6;False;True;[['daddy']];daddy;daddy;1.0;0.0
22;[<__main__.Word instance at 0x1157f1b48>];Lily;1_6;False;True;[['daddy']];daddy;daddy;1.0;0.0
23;[<__main__.Word instance at 0x1157f1bd8>];Lily;1_6;False;True;[['daddy']];daddy;daddy;1.0;0.0
24;[<__main__.Word instance at 0x1157f1fc8>];Lily;1_6;False;True;[['dirty']];dirty;dirty;1.0;0.0
25;[<__main__.Word instance at 0x1157f1d88>];Lily;1_6;False;True;[['&']];&;&;1.0;0.0
26;[<__main__.Word instance at 0x1157f1cf8>];Lily;1_6;False;True;[['&muah']];&muah;&muah;1.0;0.0
27;[<__main__.Word instance at 0x1157f5170>];Lily;1_6;False;True;[['duckie']];duckie;duckie;1.0;0.0
28;[<__main__.Word instance at 0x1157f55f0>];Lily;1_6;False;True;[['no']];no;no;1.0;0.0
29;[<__main__.Word instance at 0x1157f57e8>];Lily;1_6;False;True;[['&']];&;&;1.0;0.0
30;[<__main__.Word instance at 0x1157f5830>];Lily;1_6;False;True;[['blah']];blah;blah;1.0;0.0
31;[<__main__.Word instance at 0x1157f5950>];Lily;1_6;False;True;[['mommy']];mommy;mommy;1.0;0.0
32;[<__main__.Word instance at 0x1157f58c0>];Lily;1_6;False;True;[['daddy']];daddy;daddy;1.0;0.0
33;[<__main__.Word instance at 0x1157f5c20>];Lily;1_6;False;True;[['daddy']];daddy;daddy;1.0;0.0
34;[<__main__.Word instance at 0x1157f5cb0>];Lily;1_6;False;True;[['daddy']];daddy;daddy;1.0;0.0
35;[<__main__.Word instance at 0x1157f5d88>];Lily;1_6;False;True;[['woofy']];woofy;woofy;1.0;0.0
36;[<__main__.Word instance at 0x1157f5e60>];Lily;1_6;False;True;[['woofy']];woofy;woofy;1.0;0.0
37;[<__main__.Word instance at 0x1157f5f38>];Lily;1_6;False;True;[['woof']];woof;woof;1.0;0.0
38;[<__main__.Word instance at 0x1157f5fc8>];Lily;1_6;False;True;[['blah']];blah;blah;1.0;0.0
39;[<__main__.Word instance at 0x1157f5a70>];Lily;1_6;False;True;[['blah']];blah;blah;1.0;0.0
40;[<__main__.Word instance at 0x1157f56c8>];Lily;1_6;False;True;[['dirty']];dirty;dirty;1.0;0.0
41;"[<__main__.Word instance at 0x1157f9290>
 <__main__.Word instance at 0x1157f9170>]";Lily;1_6;False;True;[['Pooh', 'Bear']];PoohBear;PoohBear;1.0;0.0
42;[<__main__.Word instance at 0x1157f93f8>];Lily;1_6;False;True;[['blah']];blah;blah;1.0;0.0
43;[<__main__.Word instance at 0x1157f9638>];Lily;1_6;False;True;[['dirty']];dirty;dirty;1.0;0.0
44;"[<__main__.Word instance at 0x1157f9830>
 <__main__.Word instance at 0x1157f9758>]";Lily;1_6;False;True;[['Pooh', 'Bear']];PoohBear;PoohBear;1.0;0.0
45;[<__main__.Word instance at 0x1157f99e0>];Lily;1_6;False;True;[['Poohbie']];Poohbie;Poohbie;1.0;0.0
46;[<__main__.Word instance at 0x1157f9ab8>];Lily;1_6;False;True;[['&']];&;&;1.0;0.0
47;[<__main__.Word instance at 0x1157f9b90>];Lily;1_6;False;True;[['dirty']];dirty;dirty;1.0;0.0
48;[<__main__.Word instance at 0x1157f9cb0>];Lily;1_6;False;True;[['hm']];hm;hm;1.0;0.0
49;[<__main__.Word instance at 0x1157f9cf8>];Lily;1_6;False;True;[['dirty']];dirty;dirty;1.0;0.0
50;[<__main__.Word instance at 0x1157f9dd0>];Lily;1_6;False;True;[['dirty']];dirty;dirty;1.0;0.0
51;[<__main__.Word instance at 0x1157f9ea8>];Lily;1_6;False;True;[['hm']];hm;hm;1.0;0.0
52;[<__main__.Word instance at 0x1157f9fc8>];Lily;1_6;False;True;[['backpack']];backpack;backpack;1.0;0.0
53;[<__main__.Word instance at 0x1157fc050>];Lily;1_6;False;True;[['dirty']];dirty;dirty;1.0;0.0
54;[<__main__.Word instance at 0x1157fc200>];Lily;1_6;False;True;[['daddy']];daddy;daddy;1.0;0.0
55;[<__main__.Word instance at 0x1157fc290>];Lily;1_6;False;True;[['mommy']];mommy;mommy;1.0;0.0
56;[<__main__.Word instance at 0x1157fc488>];Lily;1_6;False;True;[['daddy']];daddy;daddy;1.0;0.0
57;[<__main__.Word instance at 0x1157fc560>];Lily;1_6;False;True;[['daddy']];daddy;daddy;1.0;0.0
58;[<__main__.Word instance at 0x1157fc638>];Lily;1_6;False;True;[['puppy']];puppy;puppy;1.0;0.0
59;[<__main__.Word instance at 0x1157fc440>];Lily;1_6;False;True;[['doggy']];doggy;doggy;1.0;0.0
60;[<__main__.Word instance at 0x1157fc7a0>];Lily;1_6;False;True;[['puppy']];puppy;puppy;1.0;0.0
61;[<__main__.Word instance at 0x1157fc5a8>];Lily;1_6;False;True;[['ah']];ah;ah;1.0;0.0
62;[<__main__.Word instance at 0x1157fc908>];Lily;1_6;False;True;[['&']];&;&;1.0;0.0
63;"[<__main__.Word instance at 0x1157fc9e0>
 <__main__.Word instance at 0x1157fcc20>]";Lily;1_6;False;True;[['bumble'], ['bee']];bumblebee;bumblebee;0.5;0.69314718056
64;[<__main__.Word instance at 0x1157fccf8>];Lily;1_6;False;True;[['ah']];ah;ah;1.0;0.0
65;[<__main__.Word instance at 0x1157fcdd0>];Lily;1_6;False;True;[['puppy']];puppy;puppy;1.0;0.0
66;[<__main__.Word instance at 0x1157fccb0>];Lily;1_6;False;True;[['puppy']];puppy;puppy;1.0;0.0
67;[<__main__.Word instance at 0x1157fcef0>];Lily;1_6;False;True;[['woof']];woof;woof;1.0;0.0
68;[<__main__.Word instance at 0x1157fcc68>];Lily;1_6;False;True;[['moon']];moon;moon;1.0;0.0
69;"[<__main__.Word instance at 0x1157fce18>
 <__main__.Word instance at 0x1157ff050>]";Lily;1_6;False;True;[['a', 'helicopter']];ahelicopter;ahelicopter;1.0;0.0
70;[<__main__.Word instance at 0x1157ff1b8>];Lily;1_6;False;True;[['dirty']];dirty;dirty;1.0;0.0
71;[<__main__.Word instance at 0x1157ff2d8>];Lily;1_6;False;True;[['bleh']];bleh;bleh;1.0;0.0
72;[<__main__.Word instance at 0x1157ff560>];Lily;1_6;False;True;[['bleh']];bleh;bleh;1.0;0.0
73;[<__main__.Word instance at 0x1157ff680>];Lily;1_6;False;True;[['hm']];hm;hm;1.0;0.0
74;[<__main__.Word instance at 0x1157ff5f0>];Lily;1_6;False;True;[['&']];&;&;1.0;0.0
75;[<__main__.Word instance at 0x1157ff7a0>];Lily;1_6;False;True;[['&']];&;&;1.0;0.0
76;[<__main__.Word instance at 0x1157ffb48>];Lily;1_6;False;True;[['puppy']];puppy;puppy;1.0;0.0
77;[<__main__.Word instance at 0x1157ffd40>];Lily;1_6;False;True;[['gaudy']];gaudy;gaudy;1.0;0.0
78;[<__main__.Word instance at 0x1157ffef0>];Lily;1_6;False;True;[['daddy']];daddy;daddy;1.0;0.0
79;[<__main__.Word instance at 0x1157fff80>];Lily;1_6;False;True;[['gaudy']];gaudy;gaudy;1.0;0.0
80;[<__main__.Word instance at 0x1157ffd88>];Lily;1_6;False;True;[['gaudy']];gaudy;gaudy;1.0;0.0
81;[<__main__.Word instance at 0x1157ffb00>];Lily;1_6;False;True;[['huh']];huh;huh;1.0;0.0
82;[<__main__.Word instance at 0x1158020e0>];Lily;1_6;False;True;[['daddy']];daddy;daddy;1.0;0.0
83;[<__main__.Word instance at 0x1158022d8>];Lily;1_6;False;True;[['daddy']];daddy;daddy;1.0;0.0
84;[<__main__.Word instance at 0x115802368>];Lily;1_6;False;True;[['moon']];moon;moon;1.0;0.0
85;[<__main__.Word instance at 0x1158023f8>];Lily;1_6;False;True;[['moon']];moon;moon;1.0;0.0
86;[<__main__.Word instance at 0x115802248>];Lily;1_6;False;True;[['dirty']];dirty;dirty;1.0;0.0
87;[<__main__.Word instance at 0x1158026c8>];Lily;1_6;False;True;[['dirty']];dirty;dirty;1.0;0.0
88;[<__main__.Word instance at 0x115802518>];Lily;1_6;False;True;[['dirty']];dirty;dirty;1.0;0.0
89;[<__main__.Word instance at 0x115802950>];Lily;1_6;False;True;[['dirty']];dirty;dirty;1.0;0.0
90;[<__main__.Word instance at 0x115802c20>];Lily;1_6;False;True;[['dirty']];dirty;dirty;1.0;0.0
91;[<__main__.Word instance at 0x115802d40>];Lily;1_6;False;True;[['mm']];mm;mm;1.0;0.0
92;[<__main__.Word instance at 0x115802e18>];Lily;1_6;False;True;[['mm']];mm;mm;1.0;0.0
93;[<__main__.Word instance at 0x115802fc8>];Lily;1_6;False;True;[['dede']];dede;dede;1.0;0.0
94;[<__main__.Word instance at 0x115802dd0>];Lily;1_6;False;True;[['daddy']];daddy;daddy;1.0;0.0
95;[<__main__.Word instance at 0x115802e60>];Lily;1_6;False;True;[['dirty']];dirty;dirty;1.0;0.0
96;[<__main__.Word instance at 0x115806050>];Lily;1_6;False;True;[['dirty']];dirty;dirty;1.0;0.0
97;[<__main__.Word instance at 0x115806320>];Lily;1_6;False;True;[['puppy']];puppy;puppy;1.0;0.0
98;[<__main__.Word instance at 0x1158063f8>];Lily;1_6;False;True;[['puppy']];puppy;puppy;1.0;0.0
99;[<__main__.Word instance at 0x115806368>];Lily;1_6;False;True;[['dirty']];dirty;dirty;1.0;0.0
100;[<__main__.Word instance at 0x1158067a0>];Lily;1_6;False;True;[['mama']];mama;mama;1.0;0.0
101;[<__main__.Word instance at 0x1158068c0>];Lily;1_6;False;True;[['puppy']];puppy;puppy;1.0;0.0
102;[<__main__.Word instance at 0x1158069e0>];Lily;1_6;False;True;[['woof']];woof;woof;1.0;0.0
103;[<__main__.Word instance at 0x1158066c8>];Lily;1_6;False;True;[['puppy']];puppy;puppy;1.0;0.0
104;[<__main__.Word instance at 0x115806b00>];Lily;1_6;False;True;[['dirty']];dirty;dirty;1.0;0.0
105;[<__main__.Word instance at 0x115806a28>];Lily;1_6;False;True;[['puppy']];puppy;puppy;1.0;0.0
106;[<__main__.Word instance at 0x115806dd0>];Lily;1_6;False;True;[['puppy']];puppy;puppy;1.0;0.0
107;"[<__main__.Word instance at 0x115806e60>
 <__main__.Word instance at 0x115806680>]";Lily;1_6;False;True;[['woof'], ['woof']];woofwoof;woofwoof;0.5;0.69314718056
108;[<__main__.Word instance at 0x115806950>];Lily;1_6;False;True;[['moo']];moo;moo;1.0;0.0
109;"[<__main__.Word instance at 0x115806c68>
 <__main__.Word instance at 0x115806758>
 <__main__.Word instance at 0x115809050>]";Lily;1_6;False;True;[['ooh'], ['ooh'], ['ooh']];oohoohooh;oohoohooh;0.166666666667;1.79175946923
110;"[<__main__.Word instance at 0x115809290>
 <__main__.Word instance at 0x115809170>]";Lily;1_6;False;False;[['bumble'], ['bee']];bumblebee;beebumble;0.5;-0.69314718056
111;[<__main__.Word instance at 0x115809368>];Lily;1_6;False;True;[['&-um']];&-um;&-um;1.0;0.0
112;[<__main__.Word instance at 0x115809710>];Lily;1_6;False;True;[['baby']];baby;baby;1.0;0.0
113;[<__main__.Word instance at 0x115809830>];Lily;1_6;False;True;[['baby']];baby;baby;1.0;0.0
114;[<__main__.Word instance at 0x1158098c0>];Lily;1_6;False;True;[['no']];no;no;1.0;0.0
115;[<__main__.Word instance at 0x115809bd8>];Lily;1_6;False;True;[['dirty']];dirty;dirty;1.0;0.0
116;[<__main__.Word instance at 0x115809cb0>];Lily;1_6;False;True;[['dirty']];dirty;dirty;1.0;0.0
117;[<__main__.Word instance at 0x115809d88>];Lily;1_6;False;True;[['blah']];blah;blah;1.0;0.0
118;"[<__main__.Word instance at 0x115809e60>
 <__main__.Word instance at 0x115809518>
 <__main__.Word instance at 0x115809f80>]";Lily;1_6;False;True;[['ooh'], ['ooh'], ['ooh']];oohoohooh;oohoohooh;0.166666666667;1.79175946923
119;[<__main__.Word instance at 0x115809fc8>];Lily;1_6;False;True;[['bear']];bear;bear;1.0;0.0
120;[<__main__.Word instance at 0x115809488>];Lily;1_6;False;True;[['moon']];moon;moon;1.0;0.0
121;[<__main__.Word instance at 0x11580c248>];Lily;1_6;False;True;[['baby']];baby;baby;1.0;0.0
122;[<__main__.Word instance at 0x11580c200>];Lily;1_6;False;True;[['baby']];baby;baby;1.0;0.0
123;[<__main__.Word instance at 0x11580c3b0>];Lily;1_6;False;True;[['baby']];baby;baby;1.0;0.0
124;[<__main__.Word instance at 0x11580c830>];Lily;1_6;False;True;[['daddy']];daddy;daddy;1.0;0.0
125;[<__main__.Word instance at 0x11580c8c0>];Lily;1_6;False;True;[['baby']];baby;baby;1.0;0.0
126;[<__main__.Word instance at 0x11580c9e0>];Lily;1_6;False;True;[['puppy']];puppy;puppy;1.0;0.0
127;"[<__main__.Word instance at 0x11580cb90>
 <__main__.Word instance at 0x11580c908>]";Lily;1_6;False;True;[['woof'], ['woof']];woofwoof;woofwoof;0.5;0.69314718056
128;[<__main__.Word instance at 0x11580c710>];Lily;1_6;False;True;[['puppy']];puppy;puppy;1.0;0.0
129;[<__main__.Word instance at 0x11580ca28>];Lily;1_6;False;True;[['baby']];baby;baby;1.0;0.0
130;[<__main__.Word instance at 0x11580cc68>];Lily;1_6;False;True;[['daddy']];daddy;daddy;1.0;0.0
131;[<__main__.Word instance at 0x11580c950>];Lily;1_6;False;True;[['puppy']];puppy;puppy;1.0;0.0
132;[<__main__.Word instance at 0x11580c7e8>];Lily;1_6;False;True;[['puppy']];puppy;puppy;1.0;0.0
133;"[<__main__.Word instance at 0x11580cf80>
 <__main__.Word instance at 0x11580f098>]";Lily;1_6;False;True;[['moon'], ['moon']];moonmoon;moonmoon;0.5;0.69314718056
134;[<__main__.Word instance at 0x11580f128>];Lily;1_6;False;True;[['moon']];moon;moon;1.0;0.0
135;"[<__main__.Word instance at 0x11580f368>
 <__main__.Word instance at 0x11580f050>]";Lily;1_6;False;True;[['baby'], ['baby']];babybaby;babybaby;0.5;0.69314718056
136;[<__main__.Word instance at 0x11580f710>];Lily;1_6;False;True;[['dirty']];dirty;dirty;1.0;0.0
137;[<__main__.Word instance at 0x11580f7e8>];Lily;1_6;False;True;[['dirty']];dirty;dirty;1.0;0.0
138;[<__main__.Word instance at 0x11580f8c0>];Lily;1_6;False;True;[['dirty']];dirty;dirty;1.0;0.0
139;[<__main__.Word instance at 0x11580f950>];Lily;1_6;False;True;[['dirty']];dirty;dirty;1.0;0.0
140;[<__main__.Word instance at 0x11580fa28>];Lily;1_6;False;True;[['&']];&;&;1.0;0.0
141;[<__main__.Word instance at 0x11580fd40>];Lily;1_6;False;True;[['puppy']];puppy;puppy;1.0;0.0
142;[<__main__.Word instance at 0x11580fe18>];Lily;1_6;False;True;[['dirty']];dirty;dirty;1.0;0.0
143;[<__main__.Word instance at 0x11580fab8>];Lily;1_6;False;True;[['dirty']];dirty;dirty;1.0;0.0
144;[<__main__.Word instance at 0x11580fe60>];Lily;1_6;False;True;[['dirty']];dirty;dirty;1.0;0.0
145;[<__main__.Word instance at 0x11580fd88>];Lily;1_6;False;True;[['whoa']];whoa;whoa;1.0;0.0
146;[<__main__.Word instance at 0x115813170>];Lily;1_6;False;True;[['mommy']];mommy;mommy;1.0;0.0
147;[<__main__.Word instance at 0x115813320>];Lily;1_6;False;True;[['mommy']];mommy;mommy;1.0;0.0
148;[<__main__.Word instance at 0x115813518>];Lily;1_6;False;True;[['mommy']];mommy;mommy;1.0;0.0
149;[<__main__.Word instance at 0x1158135f0>];Lily;1_6;False;True;[['mommy']];mommy;mommy;1.0;0.0
150;[<__main__.Word instance at 0x115813560>];Lily;1_6;False;True;[['puppy']];puppy;puppy;1.0;0.0
151;[<__main__.Word instance at 0x115813710>];Lily;1_6;False;True;[['puppy']];puppy;puppy;1.0;0.0
152;[<__main__.Word instance at 0x1158134d0>];Lily;1_6;False;True;[['puppy']];puppy;puppy;1.0;0.0
153;[<__main__.Word instance at 0x115813998>];Lily;1_6;False;True;[['yeah']];yeah;yeah;1.0;0.0
154;[<__main__.Word instance at 0x115813b90>];Lily;1_6;False;True;[['whoa']];whoa;whoa;1.0;0.0
155;[<__main__.Word instance at 0x115813a28>];Lily;1_6;False;True;[['oh']];oh;oh;1.0;0.0
156;[<__main__.Word instance at 0x1158132d8>];Lily;1_6;False;True;[['moon']];moon;moon;1.0;0.0
157;[<__main__.Word instance at 0x115813ab8>];Lily;1_6;False;True;[['moon']];moon;moon;1.0;0.0
158;[<__main__.Word instance at 0x1158163b0>];Lily;1_6;False;True;[['mom']];mom;mom;1.0;0.0
159;[<__main__.Word instance at 0x1158162d8>];Lily;1_6;False;True;[['moon']];moon;moon;1.0;0.0
160;[<__main__.Word instance at 0x1158163f8>];Lily;1_6;False;True;[['&']];&;&;1.0;0.0
161;[<__main__.Word instance at 0x115816710>];Lily;1_6;False;True;[['moon']];moon;moon;1.0;0.0
162;[<__main__.Word instance at 0x115816440>];Lily;1_6;False;True;[['moon']];moon;moon;1.0;0.0
163;[<__main__.Word instance at 0x115816998>];Lily;1_6;False;True;[['moon']];moon;moon;1.0;0.0
164;[<__main__.Word instance at 0x115816488>];Lily;1_6;False;True;[['moon']];moon;moon;1.0;0.0
165;[<__main__.Word instance at 0x115816248>];Lily;1_6;False;True;[['Po']];Po;Po;1.0;0.0
166;[<__main__.Word instance at 0x115816908>];Lily;1_6;False;True;[['Po']];Po;Po;1.0;0.0
167;[<__main__.Word instance at 0x115816dd0>];Lily;1_6;False;True;[['Po']];Po;Po;1.0;0.0
168;[<__main__.Word instance at 0x115816d40>];Lily;1_6;False;True;[['Mama']];Mama;Mama;1.0;0.0
169;[<__main__.Word instance at 0x1158190e0>];Lily;1_6;False;True;[['Mama']];Mama;Mama;1.0;0.0
170;[<__main__.Word instance at 0x115819290>];Lily;1_6;False;True;[['Mama']];Mama;Mama;1.0;0.0
171;[<__main__.Word instance at 0x115819320>];Lily;1_6;False;True;[['Mama']];Mama;Mama;1.0;0.0
172;[<__main__.Word instance at 0x115819638>];Lily;1_6;False;True;[['Floppy']];Floppy;Floppy;1.0;0.0
173;[<__main__.Word instance at 0x115819710>];Lily;1_6;False;True;[['Floppy']];Floppy;Floppy;1.0;0.0
174;[<__main__.Word instance at 0x115819758>];Lily;1_6;False;True;[['duck']];duck;duck;1.0;0.0
175;[<__main__.Word instance at 0x1158196c8>];Lily;1_6;False;True;[['Po']];Po;Po;1.0;0.0
176;"[<__main__.Word instance at 0x115819a28>
 <__main__.Word instance at 0x115819488>]";Lily;1_6;False;True;[['Po'], ['Po']];PoPo;PoPo;0.5;0.69314718056
177;[<__main__.Word instance at 0x115819b00>];Lily;1_6;False;True;[['Po']];Po;Po;1.0;0.0
178;[<__main__.Word instance at 0x1158198c0>];Lily;1_6;False;True;[['puppy']];puppy;puppy;1.0;0.0
179;[<__main__.Word instance at 0x1158193b0>];Lily;1_6;False;True;[['baby']];baby;baby;1.0;0.0
180;[<__main__.Word instance at 0x115819f38>];Lily;1_6;False;True;[['baby']];baby;baby;1.0;0.0
181;[<__main__.Word instance at 0x115819e60>];Lily;1_6;False;True;[['baby']];baby;baby;1.0;0.0
182;[<__main__.Word instance at 0x115819ab8>];Lily;1_6;False;True;[['baby']];baby;baby;1.0;0.0
183;[<__main__.Word instance at 0x11581c050>];Lily;1_6;False;True;[['grr']];grr;grr;1.0;0.0
184;"[<__main__.Word instance at 0x11581c1b8>
 <__main__.Word instance at 0x11581c3b0>
 <__main__.Word instance at 0x11581c290>
 <__main__.Word instance at 0x11581c4d0>
 <__main__.Word instance at 0x11581c128>
 <__main__.Word instance at 0x11581c518>
 <__main__.Word instance at 0x11581c3f8>
 <__main__.Word instance at 0x11581c8c0>
 <__main__.Word instance at 0x11581c7e8>]";Lily;1_6;False;False;"[['tummy'], ['tum'], ['tummy'], ['tummy'], ['tummy'], [""I've"", 'got'], ['tummy'], ['your']]";I'vegotyourtummytummytummytummytummytum;yourtumtummyI'vegottummytummytummytummy;2.48015873016e-05;-2.4801894866e-05
185;[<__main__.Word instance at 0x11581cb00>];Lily;1_6;False;True;[['puppy']];puppy;puppy;1.0;0.0
186;[<__main__.Word instance at 0x11581cc20>];Lily;1_6;False;True;[['duck']];duck;duck;1.0;0.0
187;[<__main__.Word instance at 0x11581ccf8>];Lily;1_6;False;True;[['puppy']];puppy;puppy;1.0;0.0
188;[<__main__.Word instance at 0x11581cd88>];Lily;1_6;False;True;[['puppy']];puppy;puppy;1.0;0.0
189;[<__main__.Word instance at 0x11581cf80>];Lily;1_6;False;True;[['baby']];baby;baby;1.0;0.0
190;[<__main__.Word instance at 0x11581cab8>];Lily;1_6;False;True;[['puppy']];puppy;puppy;1.0;0.0
191;[<__main__.Word instance at 0x11581f098>];Lily;1_6;False;True;[['Po']];Po;Po;1.0;0.0
192;[<__main__.Word instance at 0x11581f4d0>];Lily;1_6;False;True;[['Boo']];Boo;Boo;1.0;0.0
193;[<__main__.Word instance at 0x11581f560>];Lily;1_6;False;True;[['dirty']];dirty;dirty;1.0;0.0
194;"[<__main__.Word instance at 0x11581f6c8>
 <__main__.Word instance at 0x11581f5a8>]";Lily;1_6;False;True;[['Pooh', 'Bear']];PoohBear;PoohBear;1.0;0.0
195;[<__main__.Word instance at 0x11581f7a0>];Lily;1_6;False;True;[['dirty']];dirty;dirty;1.0;0.0
196;[<__main__.Word instance at 0x11581f950>];Lily;1_6;False;True;[['dirty']];dirty;dirty;1.0;0.0
197;[<__main__.Word instance at 0x11581f9e0>];Lily;1_6;False;True;[['moon']];moon;moon;1.0;0.0
198;[<__main__.Word instance at 0x11581fb00>];Lily;1_6;False;True;[['moon']];moon;moon;1.0;0.0
199;[<__main__.Word instance at 0x11581fb90>];Lily;1_6;False;True;[['cow']];cow;cow;1.0;0.0
200;"[<__main__.Word instance at 0x11581f878>
 <__main__.Word instance at 0x11581ff80>]";Lily;1_6;False;True;[['moo'], ['moo']];moomoo;moomoo;0.5;0.69314718056
201;[<__main__.Word instance at 0x11581fa70>];Lily;1_6;False;True;[['moo']];moo;moo;1.0;0.0
202;[<__main__.Word instance at 0x115822098>];Lily;1_6;False;True;[['Floppy']];Floppy;Floppy;1.0;0.0
203;[<__main__.Word instance at 0x115822248>];Lily;1_6;False;True;[['Floppy']];Floppy;Floppy;1.0;0.0
204;[<__main__.Word instance at 0x1158225f0>];Lily;1_6;False;True;[['Floppy']];Floppy;Floppy;1.0;0.0
205;[<__main__.Word instance at 0x1158227a0>];Lily;1_6;False;True;[['Floppy']];Floppy;Floppy;1.0;0.0
206;[<__main__.Word instance at 0x115822998>];Lily;1_6;False;True;[['Floppy']];Floppy;Floppy;1.0;0.0
207;"[<__main__.Word instance at 0x115822b48>
 <__main__.Word instance at 0x115822a28>]";Lily;1_6;False;True;[['boo'], ['boo']];booboo;booboo;0.5;0.69314718056
208;[<__main__.Word instance at 0x115822bd8>];Lily;1_6;False;True;[['boo']];boo;boo;1.0;0.0
209;[<__main__.Word instance at 0x115822b00>];Lily;1_6;False;True;[['boo']];boo;boo;1.0;0.0
210;[<__main__.Word instance at 0x115822518>];Lily;1_6;False;True;[['puppy']];puppy;puppy;1.0;0.0
211;[<__main__.Word instance at 0x115822ef0>];Lily;1_6;False;True;[['puppy']];puppy;puppy;1.0;0.0
212;[<__main__.Word instance at 0x115826050>];Lily;1_6;False;True;[['boo']];boo;boo;1.0;0.0
213;"[<__main__.Word instance at 0x115826248>
 <__main__.Word instance at 0x115826440>]";Lily;1_6;False;True;[['boo'], ['boo']];booboo;booboo;0.5;0.69314718056
214;[<__main__.Word instance at 0x115826518>];Lily;1_6;False;True;[['boo']];boo;boo;1.0;0.0
215;"[<__main__.Word instance at 0x115826950>
 <__main__.Word instance at 0x115826638>
 <__main__.Word instance at 0x115826b00>
 <__main__.Word instance at 0x115826998>]";Lily;1_6;False;True;[['boo'], ['boo'], ['boo'], ['boo']];booboobooboo;booboobooboo;0.0416666666667;3.17805383035
216;[<__main__.Word instance at 0x1158267e8>];Lily;1_6;False;True;[['Elmo']];Elmo;Elmo;1.0;0.0
217;[<__main__.Word instance at 0x115826c20>];Lily;1_6;False;True;[['Elmo']];Elmo;Elmo;1.0;0.0
218;[<__main__.Word instance at 0x1158263f8>];Lily;1_6;False;True;[['Elmo']];Elmo;Elmo;1.0;0.0
219;[<__main__.Word instance at 0x115829368>];Lily;1_6;False;True;[['Elmo']];Elmo;Elmo;1.0;0.0
220;[<__main__.Word instance at 0x115829440>];Lily;1_6;False;True;[['boom']];boom;boom;1.0;0.0
221;[<__main__.Word instance at 0x115829518>];Lily;1_6;False;True;[['&']];&;&;1.0;0.0
222;[<__main__.Word instance at 0x115829290>];Lily;1_6;False;True;[['blah']];blah;blah;1.0;0.0
223;[<__main__.Word instance at 0x115829248>];Lily;1_6;False;True;[['puppy']];puppy;puppy;1.0;0.0
224;[<__main__.Word instance at 0x115829758>];Lily;1_6;False;True;[['woof']];woof;woof;1.0;0.0
225;[<__main__.Word instance at 0x115829170>];Lily;1_6;False;True;[['boom']];boom;boom;1.0;0.0
226;[<__main__.Word instance at 0x115829998>];Lily;1_6;False;True;[['boom']];boom;boom;1.0;0.0
227;[<__main__.Word instance at 0x115829320>];Lily;1_6;False;True;[['baby']];baby;baby;1.0;0.0
228;[<__main__.Word instance at 0x115829b90>];Lily;1_6;False;True;[['daddy']];daddy;daddy;1.0;0.0
229;[<__main__.Word instance at 0x115829c68>];Lily;1_6;False;True;[['daddy']];daddy;daddy;1.0;0.0
230;"[<__main__.Word instance at 0x115829e18>
 <__main__.Word instance at 0x115829ea8>]";Lily;1_6;False;False;"[['mommy'], [""that's""]]";that'smommy;mommythat's;0.5;-0.69314718056
231;[<__main__.Word instance at 0x11582d128>];Lily;1_6;False;True;[['oh']];oh;oh;1.0;0.0
232;[<__main__.Word instance at 0x11582d0e0>];Lily;1_6;False;True;[['oh']];oh;oh;1.0;0.0
233;[<__main__.Word instance at 0x11582d368>];Lily;1_6;False;True;[['oh']];oh;oh;1.0;0.0
234;[<__main__.Word instance at 0x11582d638>];Lily;1_6;False;True;[['whoa']];whoa;whoa;1.0;0.0
235;[<__main__.Word instance at 0x11582d6c8>];Lily;1_6;False;True;[['whoa']];whoa;whoa;1.0;0.0
236;[<__main__.Word instance at 0x11582d7a0>];Lily;1_6;False;True;[['whoa']];whoa;whoa;1.0;0.0
237;[<__main__.Word instance at 0x11582da70>];Lily;1_6;False;True;[['oh']];oh;oh;1.0;0.0
238;[<__main__.Word instance at 0x11582dd88>];Lily;1_6;False;True;[['baby']];baby;baby;1.0;0.0
239;[<__main__.Word instance at 0x11582df38>];Lily;1_6;False;True;[['baby']];baby;baby;1.0;0.0
240;[<__main__.Word instance at 0x11582ddd0>];Lily;1_6;False;True;[['baby']];baby;baby;1.0;0.0
241;[<__main__.Word instance at 0x115830200>];Lily;1_6;False;True;[['yes']];yes;yes;1.0;0.0
242;[<__main__.Word instance at 0x115830248>];Lily;1_6;False;True;[['yes']];yes;yes;1.0;0.0
243;[<__main__.Word instance at 0x115830518>];Lily;1_6;False;True;[['yes']];yes;yes;1.0;0.0
244;[<__main__.Word instance at 0x1158305f0>];Lily;1_6;False;True;[['daddy']];daddy;daddy;1.0;0.0
245;[<__main__.Word instance at 0x115830950>];Lily;1_6;False;True;[['baby']];baby;baby;1.0;0.0
246;[<__main__.Word instance at 0x115830bd8>];Lily;1_6;False;True;[['baby']];baby;baby;1.0;0.0
247;[<__main__.Word instance at 0x115830b48>];Lily;1_6;False;True;[['baby']];baby;baby;1.0;0.0
248;[<__main__.Word instance at 0x115830ea8>];Lily;1_6;False;True;[['baby']];baby;baby;1.0;0.0
249;[<__main__.Word instance at 0x115833050>];Lily;1_6;False;True;[['baby']];baby;baby;1.0;0.0
250;[<__main__.Word instance at 0x115833320>];Lily;1_6;False;True;[['Floppy']];Floppy;Floppy;1.0;0.0
251;[<__main__.Word instance at 0x115833368>];Lily;1_6;False;True;[['dada']];dada;dada;1.0;0.0
252;[<__main__.Word instance at 0x1158335f0>];Lily;1_6;False;True;[['daddy']];daddy;daddy;1.0;0.0
253;[<__main__.Word instance at 0x115833638>];Lily;1_6;False;True;[['dada']];dada;dada;1.0;0.0
254;[<__main__.Word instance at 0x1158337a0>];Lily;1_6;False;True;[['blah']];blah;blah;1.0;0.0
255;[<__main__.Word instance at 0x115833b00>];Lily;1_6;False;True;[['daddy']];daddy;daddy;1.0;0.0
256;[<__main__.Word instance at 0x115833cf8>];Lily;1_6;False;True;[['dada']];dada;dada;1.0;0.0
257;[<__main__.Word instance at 0x115833ea8>];Lily;1_6;False;True;[['dada']];dada;dada;1.0;0.0
258;[<__main__.Word instance at 0x115833f38>];Lily;1_6;False;True;[['daddy']];daddy;daddy;1.0;0.0
259;[<__main__.Word instance at 0x115836248>];Lily;1_6;False;True;[['grr']];grr;grr;1.0;0.0
260;"[<__main__.Word instance at 0x115836440>
 <__main__.Word instance at 0x1158362d8>]";Lily;1_6;False;False;"[[""it's""], ['stuck']]";it'sstuck;stuckit's;0.5;-0.69314718056
261;"[<__main__.Word instance at 0x115836200>
 <__main__.Word instance at 0x115836758>]";Lily;1_6;False;False;"[['stuck'], [""it's""]]";it'sstuck;stuckit's;0.5;-0.69314718056
262;[<__main__.Word instance at 0x1158367e8>];Lily;1_6;False;True;[['duck']];duck;duck;1.0;0.0
263;[<__main__.Word instance at 0x115836950>];Lily;1_6;False;True;[['boo']];boo;boo;1.0;0.0
264;"[<__main__.Word instance at 0x115836998>
 <__main__.Word instance at 0x115836518>
 <__main__.Word instance at 0x115836d88>
 <__main__.Word instance at 0x115836cf8>]";Lily;1_6;False;True;[['boo'], ['boo'], ['boo'], ['boo']];booboobooboo;booboobooboo;0.0416666666667;3.17805383035
265;[<__main__.Word instance at 0x115836878>];Lily;1_6;False;True;[['Po']];Po;Po;1.0;0.0
266;"[<__main__.Word instance at 0x115839248>
 <__main__.Word instance at 0x1158393b0>]";Lily;1_6;False;True;[['Po'], ['Po']];PoPo;PoPo;0.5;0.69314718056
267;[<__main__.Word instance at 0x115839488>];Lily;1_6;False;True;[['Po']];Po;Po;1.0;0.0
268;"[<__main__.Word instance at 0x115839518>
 <__main__.Word instance at 0x115839320>]";Lily;1_6;False;False;[['moon'], ['a']];amoon;moona;0.5;-0.69314718056
269;"[<__main__.Word instance at 0x1158393f8>
 <__main__.Word instance at 0x1158397a0>
 <__main__.Word instance at 0x115839638>]";Lily;1_6;False;False;[['a'], ['moon'], ['Mama']];amoonMama;moonaMama;0.166666666667;-0.182321556794
270;[<__main__.Word instance at 0x115839878>];Lily;1_6;False;True;[['moo']];moo;moo;1.0;0.0
271;[<__main__.Word instance at 0x115839758>];Lily;1_6;False;True;[['moon']];moon;moon;1.0;0.0
272;"[<__main__.Word instance at 0x115839d88>
 <__main__.Word instance at 0x115839ef0>
 <__main__.Word instance at 0x1158396c8>
 <__main__.Word instance at 0x115839fc8>]";Lily;1_6;False;False;[['moon'], ['moon'], ['a'], ['a']];amoonamoon;moonamoona;0.0416666666667;-0.0425596144188
273;[<__main__.Word instance at 0x11583c320>];Lily;1_6;False;True;[['bye']];bye;bye;1.0;0.0
