,num,utterance,child,age,skipped,reconstructed,bow,gold,prediction,chance,controlledscore,repetition,correctedscore
0,0,[<__main__.Word instance at 0x11cd27c20>],Violet,1_6,False,True,[['hi']],hi,hi,1.0,0.0,False,-0.0
1,1,[<__main__.Word instance at 0x11cd27dd0>],Violet,1_6,False,True,[['hi']],hi,hi,1.0,0.0,False,-0.0
2,2,[<__main__.Word instance at 0x11cd27fc8>],Violet,1_6,False,True,[['hi']],hi,hi,1.0,0.0,False,-0.0
3,3,[<__main__.Word instance at 0x10f855560>],Violet,1_6,False,True,[['hi']],hi,hi,1.0,0.0,False,-0.0
4,4,[<__main__.Word instance at 0x10f8557a0>],Violet,1_6,False,True,[['this']],this,this,1.0,0.0,False,-0.0
5,5,[<__main__.Word instance at 0x10f855a28>],Violet,1_6,False,True,[['baby']],baby,baby,1.0,0.0,False,-0.0
6,6,[<__main__.Word instance at 0x10f8558c0>],Violet,1_6,False,True,[['by']],by,by,1.0,0.0,False,-0.0
7,7,[<__main__.Word instance at 0x10f855680>],Violet,1_6,False,True,[['hi']],hi,hi,1.0,0.0,False,-0.0
8,8,[<__main__.Word instance at 0x10f8554d0>],Violet,1_6,False,True,[['spank']],spank,spank,1.0,0.0,False,-0.0
9,9,[<__main__.Word instance at 0x10f8553f8>],Violet,1_6,False,True,[['spank']],spank,spank,1.0,0.0,False,-0.0
10,10,[<__main__.Word instance at 0x10f855f80>],Violet,1_6,False,True,[['spank']],spank,spank,1.0,0.0,False,-0.0
11,11,[<__main__.Word instance at 0x10f6bc5a8>],Violet,1_6,False,True,[['hi']],hi,hi,1.0,0.0,False,-0.0
12,12,[<__main__.Word instance at 0x10f6bc908>],Violet,1_6,False,True,[['hi']],hi,hi,1.0,0.0,False,-0.0
13,13,[<__main__.Word instance at 0x10f6bc878>],Violet,1_6,False,True,[['no']],no,no,1.0,0.0,False,-0.0
14,14,[<__main__.Word instance at 0x10f6bcb48>],Violet,1_6,False,True,[['no']],no,no,1.0,0.0,False,-0.0
15,15,[<__main__.Word instance at 0x11cd2d128>],Violet,1_6,False,True,[['no']],no,no,1.0,0.0,False,-0.0
16,16,[<__main__.Word instance at 0x11cd2d248>],Violet,1_6,False,True,[['hi']],hi,hi,1.0,0.0,False,-0.0
17,17,[<__main__.Word instance at 0x11cd2d368>],Violet,1_6,False,True,[['hi']],hi,hi,1.0,0.0,False,-0.0
18,18,"[<__main__.Word instance at 0x11cd2d488>
 <__main__.Word instance at 0x11cd2d518>]",Violet,1_6,False,True,"[[""daddy's""], ['guitar']]",daddy'sguitar,daddy'sguitar,0.5,0.69314718056,False,0.6931471805599453
19,19,[<__main__.Word instance at 0x11cd2d638>],Violet,1_6,False,True,[['butterfly']],butterfly,butterfly,1.0,0.0,False,-0.0
20,20,[<__main__.Word instance at 0x11cd2d758>],Violet,1_6,False,True,[['piggy']],piggy,piggy,1.0,0.0,False,-0.0
21,21,[<__main__.Word instance at 0x11cd2d878>],Violet,1_6,False,True,[['neck']],neck,neck,1.0,0.0,False,-0.0
22,22,[<__main__.Word instance at 0x11cd2d950>],Violet,1_6,False,True,[['duck']],duck,duck,1.0,0.0,False,-0.0
23,23,[<__main__.Word instance at 0x11cd2db00>],Violet,1_6,False,True,[['duck']],duck,duck,1.0,0.0,False,-0.0
24,24,[<__main__.Word instance at 0x11cd2dc20>],Violet,1_6,False,True,[['duck']],duck,duck,1.0,0.0,False,-0.0
25,25,[<__main__.Word instance at 0x11cd2dd88>],Violet,1_6,False,True,[['duck']],duck,duck,1.0,0.0,False,-0.0
26,26,[<__main__.Word instance at 0x11cd2df38>],Violet,1_6,False,True,[['duck']],duck,duck,1.0,0.0,False,-0.0
27,27,[<__main__.Word instance at 0x11cd2dcf8>],Violet,1_6,False,True,[['piggy']],piggy,piggy,1.0,0.0,False,-0.0
28,28,[<__main__.Word instance at 0x10f6bec68>],Violet,1_6,False,True,[['Violet']],Violet,Violet,1.0,0.0,False,-0.0
29,29,[<__main__.Word instance at 0x10f6bec20>],Violet,1_6,False,True,[['doggy']],doggy,doggy,1.0,0.0,False,-0.0
30,30,[<__main__.Word instance at 0x10f6beab8>],Violet,1_6,False,True,[['there']],there,there,1.0,0.0,False,-0.0
31,31,[<__main__.Word instance at 0x11cd32128>],Violet,1_6,False,True,[['there']],there,there,1.0,0.0,False,-0.0
32,32,[<__main__.Word instance at 0x11cd32098>],Violet,1_6,False,True,[['there']],there,there,1.0,0.0,False,-0.0
33,33,[<__main__.Word instance at 0x11cd32290>],Violet,1_6,False,True,[['there']],there,there,1.0,0.0,False,-0.0
34,34,[<__main__.Word instance at 0x11cd32560>],Violet,1_6,False,True,[['there']],there,there,1.0,0.0,False,-0.0
35,35,[<__main__.Word instance at 0x11cd327a0>],Violet,1_6,False,True,[['there']],there,there,1.0,0.0,False,-0.0
36,36,[<__main__.Word instance at 0x11cd32830>],Violet,1_6,False,True,[['this']],this,this,1.0,0.0,False,-0.0
37,37,[<__main__.Word instance at 0x11cd32908>],Violet,1_6,False,True,[['this']],this,this,1.0,0.0,False,-0.0
38,38,[<__main__.Word instance at 0x11cd32998>],Violet,1_6,False,True,[['there']],there,there,1.0,0.0,False,-0.0
39,39,[<__main__.Word instance at 0x11cd32b48>],Violet,1_6,False,True,[['there']],there,there,1.0,0.0,False,-0.0
40,40,[<__main__.Word instance at 0x11cd32c20>],Violet,1_6,False,True,[['there']],there,there,1.0,0.0,False,-0.0
41,41,[<__main__.Word instance at 0x11cd32d88>],Violet,1_6,False,True,[['there']],there,there,1.0,0.0,False,-0.0
42,42,[<__main__.Word instance at 0x11cd32e60>],Violet,1_6,False,True,[['there']],there,there,1.0,0.0,False,-0.0
43,43,[<__main__.Word instance at 0x11cd32f38>],Violet,1_6,False,True,[['there']],there,there,1.0,0.0,False,-0.0
44,44,[<__main__.Word instance at 0x11cd32ea8>],Violet,1_6,False,True,[['there']],there,there,1.0,0.0,False,-0.0
45,45,[<__main__.Word instance at 0x11cd32b00>],Violet,1_6,False,True,[['there']],there,there,1.0,0.0,False,-0.0
46,46,[<__main__.Word instance at 0x11cd35128>],Violet,1_6,False,True,[['there']],there,there,1.0,0.0,False,-0.0
47,47,[<__main__.Word instance at 0x11cd353f8>],Violet,1_6,False,True,[['there']],there,there,1.0,0.0,False,-0.0
48,48,[<__main__.Word instance at 0x11cd354d0>],Violet,1_6,False,True,[['there']],there,there,1.0,0.0,False,-0.0
49,49,[<__main__.Word instance at 0x11cd35560>],Violet,1_6,False,True,[['there']],there,there,1.0,0.0,False,-0.0
50,50,[<__main__.Word instance at 0x11cd35758>],Violet,1_6,False,True,[['there']],there,there,1.0,0.0,False,-0.0
51,51,[<__main__.Word instance at 0x11cd35950>],Violet,1_6,False,True,[['tea']],tea,tea,1.0,0.0,False,-0.0
52,52,"[<__main__.Word instance at 0x11cd359e0>
 <__main__.Word instance at 0x11cd357a0>]",Violet,1_6,False,False,"[['ready'], [""tea's""]]",tea'sready,readytea's,0.5,-0.69314718056,False,-0.6931471805599453
53,53,"[<__main__.Word instance at 0x11cd35830>
 <__main__.Word instance at 0x11cd35c20>]",Violet,1_6,False,False,"[['do'], ['I']]",Ido,doI,0.5,-0.69314718056,False,-0.6931471805599453
54,54,[<__main__.Word instance at 0x11cd35e18>],Violet,1_6,False,True,[['page']],page,page,1.0,0.0,False,-0.0
55,55,[<__main__.Word instance at 0x11cd35ef0>],Violet,1_6,False,True,[['hi']],hi,hi,1.0,0.0,False,-0.0
56,56,[<__main__.Word instance at 0x11cd38290>],Violet,1_6,False,True,[['rock']],rock,rock,1.0,0.0,False,-0.0
57,57,[<__main__.Word instance at 0x11cd38518>],Violet,1_6,False,True,[['rock']],rock,rock,1.0,0.0,False,-0.0
58,58,[<__main__.Word instance at 0x11cd385a8>],Violet,1_6,False,True,[['rock']],rock,rock,1.0,0.0,False,-0.0
59,59,[<__main__.Word instance at 0x11cd38758>],Violet,1_6,False,True,[['rock']],rock,rock,1.0,0.0,False,-0.0
60,60,[<__main__.Word instance at 0x11cd38908>],Violet,1_6,False,True,[['rock']],rock,rock,1.0,0.0,False,-0.0
61,61,[<__main__.Word instance at 0x11cd38b00>],Violet,1_6,False,True,[['rock']],rock,rock,1.0,0.0,False,-0.0
62,62,[<__main__.Word instance at 0x11cd38b90>],Violet,1_6,False,True,[['mommy']],mommy,mommy,1.0,0.0,False,-0.0
63,63,[<__main__.Word instance at 0x11cd38d88>],Violet,1_6,False,True,[['this']],this,this,1.0,0.0,False,-0.0
64,64,[<__main__.Word instance at 0x11cd38e18>],Violet,1_6,False,True,[['Ace']],Ace,Ace,1.0,0.0,False,-0.0
65,65,[<__main__.Word instance at 0x11cd38ea8>],Violet,1_6,False,True,[['Violet']],Violet,Violet,1.0,0.0,False,-0.0
66,66,[<__main__.Word instance at 0x11cd38d40>],Violet,1_6,False,True,[['let']],let,let,1.0,0.0,False,-0.0
67,67,"[<__main__.Word instance at 0x11cd3b050>
 <__main__.Word instance at 0x11cd3b128>]",Violet,1_6,False,False,"[['that'], [""what's""]]",what'sthat,thatwhat's,0.5,-0.69314718056,False,-0.6931471805599453
68,68,"[<__main__.Word instance at 0x11cd3b098>
 <__main__.Word instance at 0x11cd3b2d8>
 <__main__.Word instance at 0x11cd3b368>]",Violet,1_6,False,False,"[['did'], ['it'], ['&-uh']]",&-uhdidit,itdid&-uh,0.166666666667,-0.182321556794,False,-0.1823215567939546
69,69,[<__main__.Word instance at 0x11cd3b560>],Violet,1_6,False,True,[['broke']],broke,broke,1.0,0.0,False,-0.0
70,70,[<__main__.Word instance at 0x11cd3b638>],Violet,1_6,False,True,[['broke']],broke,broke,1.0,0.0,False,-0.0
71,71,[<__main__.Word instance at 0x11cd3b5a8>],Violet,1_6,False,True,[['that']],that,that,1.0,0.0,False,-0.0
72,72,[<__main__.Word instance at 0x11cd3b680>],Violet,1_6,False,True,[['this']],this,this,1.0,0.0,False,-0.0
73,73,[<__main__.Word instance at 0x11cd3b758>],Violet,1_6,False,True,[['this']],this,this,1.0,0.0,False,-0.0
74,74,[<__main__.Word instance at 0x11cd3b908>],Violet,1_6,False,True,[['this']],this,this,1.0,0.0,False,-0.0
75,75,[<__main__.Word instance at 0x11cd3b518>],Violet,1_6,False,True,[['meow']],meow,meow,1.0,0.0,False,-0.0
76,76,[<__main__.Word instance at 0x11cd3b170>],Violet,1_6,False,True,[['bag']],bag,bag,1.0,0.0,False,-0.0
77,77,[<__main__.Word instance at 0x11cd3bc68>],Violet,1_6,False,True,[['bag']],bag,bag,1.0,0.0,False,-0.0
78,78,[<__main__.Word instance at 0x11cd3be18>],Violet,1_6,False,True,[['bag']],bag,bag,1.0,0.0,False,-0.0
79,79,[<__main__.Word instance at 0x11cd3f098>],Violet,1_6,False,True,[['bag']],bag,bag,1.0,0.0,False,-0.0
80,80,"[<__main__.Word instance at 0x11cd3f128>
 <__main__.Word instance at 0x11cd3f368>]",Violet,1_6,False,True,"[['bag'], ['bag']]",bagbag,bagbag,0.5,0.69314718056,True,-0.0
