num;utterance;child;age;skipped;reconstructed;bow;gold;prediction;chance;controlledscore
0;[<__main__.Word instance at 0x11da876c8>];William;1_6;False;True;[['book']];book;book;1.0;0.0
1;[<__main__.Word instance at 0x11da878c0>];William;1_6;False;True;[['lion']];lion;lion;1.0;0.0
2;[<__main__.Word instance at 0x11da87b00>];William;1_6;False;True;[['uhoh']];uhoh;uhoh;1.0;0.0
3;"[<__main__.Word instance at 0x11da87d40>
 <__main__.Word instance at 0x11da87e60>
 <__main__.Word instance at 0x11da87f80>]";William;1_6;False;False;[['oh'], ['the'], ['book']];ohthebook;thebookoh;0.166666666667;-0.182321556794
4;[<__main__.Word instance at 0x110ce3a70>];William;1_6;False;True;[['peacock']];peacock;peacock;1.0;0.0
5;"[<__main__.Word instance at 0x110ce3cf8>
 <__main__.Word instance at 0x110ce3a28>
 <__main__.Word instance at 0x110ce3758>]";William;1_6;False;True;[['mm'], ['mm'], ['mm']];mmmmmm;mmmmmm;0.166666666667;1.79175946923
6;[<__main__.Word instance at 0x110ce3518>];William;1_6;False;True;[['no']];no;no;1.0;0.0
7;[<__main__.Word instance at 0x110b4a6c8>];William;1_6;False;True;[['eye']];eye;eye;1.0;0.0
8;[<__main__.Word instance at 0x110b4a368>];William;1_6;False;True;[['nose']];nose;nose;1.0;0.0
9;[<__main__.Word instance at 0x110b4a878>];William;1_6;False;True;[['nose']];nose;nose;1.0;0.0
10;[<__main__.Word instance at 0x110b4a998>];William;1_6;False;True;[['&-uh']];&-uh;&-uh;1.0;0.0
11;"[<__main__.Word instance at 0x110b4cc20>
 <__main__.Word instance at 0x110b4cbd8>]";William;1_6;False;True;[['all', 'done']];alldone;alldone;1.0;0.0
12;[<__main__.Word instance at 0x11da8d0e0>];William;1_6;False;True;[['elbow']];elbow;elbow;1.0;0.0
13;[<__main__.Word instance at 0x11da8d248>];William;1_6;False;True;[['elbow']];elbow;elbow;1.0;0.0
14;[<__main__.Word instance at 0x11da8d2d8>];William;1_6;False;True;[['arm']];arm;arm;1.0;0.0
15;[<__main__.Word instance at 0x11da8d518>];William;1_6;False;True;[['arm']];arm;arm;1.0;0.0
16;[<__main__.Word instance at 0x11da8d680>];William;1_6;False;True;[['arm']];arm;arm;1.0;0.0
17;"[<__main__.Word instance at 0x11da8d5f0>
 <__main__.Word instance at 0x11da8d830>]";William;1_6;False;True;[['book'], ['book']];bookbook;bookbook;0.5;0.69314718056
18;[<__main__.Word instance at 0x11da8d908>];William;1_6;False;True;[['toe']];toe;toe;1.0;0.0
19;[<__main__.Word instance at 0x11da8d9e0>];William;1_6;False;True;[['eye']];eye;eye;1.0;0.0
20;[<__main__.Word instance at 0x11da8d878>];William;1_6;False;True;[['eye']];eye;eye;1.0;0.0
21;[<__main__.Word instance at 0x11da8da28>];William;1_6;False;True;[['feet']];feet;feet;1.0;0.0
22;[<__main__.Word instance at 0x11da8db00>];William;1_6;False;True;[['where']];where;where;1.0;0.0
23;[<__main__.Word instance at 0x11da8dbd8>];William;1_6;False;True;[['ew']];ew;ew;1.0;0.0
24;[<__main__.Word instance at 0x11da8ddd0>];William;1_6;False;True;[['ew']];ew;ew;1.0;0.0
25;[<__main__.Word instance at 0x11da8df38>];William;1_6;False;True;[['ew']];ew;ew;1.0;0.0
26;"[<__main__.Word instance at 0x11da8d950>
 <__main__.Word instance at 0x11da910e0>
 <__main__.Word instance at 0x11da91170>]";William;1_6;False;True;[['ew'], ['ew'], ['ew']];ewewew;ewewew;0.166666666667;1.79175946923
27;[<__main__.Word instance at 0x11da91368>];William;1_6;False;True;[['ooh']];ooh;ooh;1.0;0.0
28;[<__main__.Word instance at 0x11da91440>];William;1_6;False;True;[['ooh']];ooh;ooh;1.0;0.0
29;[<__main__.Word instance at 0x11da913b0>];William;1_6;False;True;[['ooh']];ooh;ooh;1.0;0.0
30;[<__main__.Word instance at 0x11da915a8>];William;1_6;False;True;[['ooh']];ooh;ooh;1.0;0.0
31;"[<__main__.Word instance at 0x11da916c8>
 <__main__.Word instance at 0x11da91908>]";William;1_6;False;False;[['ooh'], ['ee']];eeooh;oohee;0.5;-0.69314718056
32;[<__main__.Word instance at 0x11da91758>];William;1_6;False;True;[['ee']];ee;ee;1.0;0.0
33;"[<__main__.Word instance at 0x11da91950>
 <__main__.Word instance at 0x11da91b90>
 <__main__.Word instance at 0x11da91a28>
 <__main__.Word instance at 0x11da91c68>]";William;1_6;False;False;[['ah'], ['ah'], ['ee'], ['ee']];eeaheeah;aheeeeah;0.0416666666667;-0.0425596144188
34;"[<__main__.Word instance at 0x11da91d40>
 <__main__.Word instance at 0x11da91bd8>]";William;1_6;False;True;[['ee'], ['ah']];eeah;eeah;0.5;0.69314718056
35;[<__main__.Word instance at 0x11da91cb0>];William;1_6;False;True;[['towel']];towel;towel;1.0;0.0
36;[<__main__.Word instance at 0x11da91d88>];William;1_6;False;True;[['ball']];ball;ball;1.0;0.0
37;[<__main__.Word instance at 0x11da91e60>];William;1_6;False;True;[['hat']];hat;hat;1.0;0.0
38;[<__main__.Word instance at 0x11da91200>];William;1_6;False;True;[['keys']];keys;keys;1.0;0.0
39;[<__main__.Word instance at 0x11da91638>];William;1_6;False;True;[['bubbles']];bubbles;bubbles;1.0;0.0
40;[<__main__.Word instance at 0x11da941b8>];William;1_6;False;True;[['ha']];ha;ha;1.0;0.0
41;[<__main__.Word instance at 0x11da943b0>];William;1_6;False;True;[['bus']];bus;bus;1.0;0.0
42;[<__main__.Word instance at 0x11da944d0>];William;1_6;False;True;[['toes']];toes;toes;1.0;0.0
43;[<__main__.Word instance at 0x11da94248>];William;1_6;False;True;[['uhoh']];uhoh;uhoh;1.0;0.0
44;[<__main__.Word instance at 0x11da945f0>];William;1_6;False;True;[['oh']];oh;oh;1.0;0.0
45;[<__main__.Word instance at 0x11da94368>];William;1_6;False;True;[['town']];town;town;1.0;0.0
46;[<__main__.Word instance at 0x11da94518>];William;1_6;False;True;[['swish']];swish;swish;1.0;0.0
47;"[<__main__.Word instance at 0x11da94830>
 <__main__.Word instance at 0x11da94a70>
 <__main__.Word instance at 0x11da94908>]";William;1_6;False;True;[['swish'], ['swish'], ['swish']];swishswishswish;swishswishswish;0.166666666667;1.79175946923
48;[<__main__.Word instance at 0x11da949e0>];William;1_6;False;True;[['swish']];swish;swish;1.0;0.0
49;[<__main__.Word instance at 0x11da945a8>];William;1_6;False;True;[['town']];town;town;1.0;0.0
50;[<__main__.Word instance at 0x11da94c68>];William;1_6;False;True;[['okay']];okay;okay;1.0;0.0
51;[<__main__.Word instance at 0x11da94e18>];William;1_6;False;True;[['town']];town;town;1.0;0.0
52;"[<__main__.Word instance at 0x11da94ef0>
 <__main__.Word instance at 0x11da94758>]";William;1_6;False;True;[['no'], ['no']];nono;nono;0.5;0.69314718056
53;[<__main__.Word instance at 0x11da98200>];William;1_6;False;True;[['buses']];buses;buses;1.0;0.0
54;[<__main__.Word instance at 0x11da98368>];William;1_6;False;True;[['town']];town;town;1.0;0.0
55;[<__main__.Word instance at 0x11da984d0>];William;1_6;False;True;[['yay']];yay;yay;1.0;0.0
56;[<__main__.Word instance at 0x11da98290>];William;1_6;False;True;[['no']];no;no;1.0;0.0
57;[<__main__.Word instance at 0x11da98638>];William;1_6;False;True;[['fish']];fish;fish;1.0;0.0
58;[<__main__.Word instance at 0x11da987e8>];William;1_6;False;True;[['cow']];cow;cow;1.0;0.0
59;[<__main__.Word instance at 0x11da983f8>];William;1_6;False;True;[['daddy']];daddy;daddy;1.0;0.0
60;[<__main__.Word instance at 0x11da98a70>];William;1_6;False;True;[['doggie']];doggie;doggie;1.0;0.0
61;[<__main__.Word instance at 0x11da98f80>];William;1_6;False;True;[['doggie']];doggie;doggie;1.0;0.0
62;[<__main__.Word instance at 0x11da98e18>];William;1_6;False;True;[['no']];no;no;1.0;0.0
63;"[<__main__.Word instance at 0x11da98f38>
 <__main__.Word instance at 0x11da98a28>]";William;1_6;False;True;[['car'], ['a']];acar;acar;0.5;0.69314718056
64;[<__main__.Word instance at 0x11da9b128>];William;1_6;False;True;[['uhoh']];uhoh;uhoh;1.0;0.0
65;[<__main__.Word instance at 0x11da9b1b8>];William;1_6;False;True;[['no']];no;no;1.0;0.0
66;[<__main__.Word instance at 0x11da9b3b0>];William;1_6;False;True;[['no']];no;no;1.0;0.0
67;[<__main__.Word instance at 0x11da9b320>];William;1_6;False;True;[['oh']];oh;oh;1.0;0.0
68;[<__main__.Word instance at 0x11da9b3f8>];William;1_6;False;True;[['oh']];oh;oh;1.0;0.0
69;[<__main__.Word instance at 0x11da9b4d0>];William;1_6;False;True;[['boom']];boom;boom;1.0;0.0
70;[<__main__.Word instance at 0x11da9b680>];William;1_6;False;True;[['boom']];boom;boom;1.0;0.0
71;[<__main__.Word instance at 0x11da9b950>];William;1_6;False;True;[['hello']];hello;hello;1.0;0.0
72;[<__main__.Word instance at 0x11da9b9e0>];William;1_6;False;True;[['hello']];hello;hello;1.0;0.0
73;[<__main__.Word instance at 0x11da9b7a0>];William;1_6;False;True;[['oh']];oh;oh;1.0;0.0
74;[<__main__.Word instance at 0x11da9b830>];William;1_6;False;True;[['oh']];oh;oh;1.0;0.0
75;[<__main__.Word instance at 0x11da9bc68>];William;1_6;False;True;[['uhhuh']];uhhuh;uhhuh;1.0;0.0
76;[<__main__.Word instance at 0x11da9bb00>];William;1_6;False;True;[['hello']];hello;hello;1.0;0.0
77;[<__main__.Word instance at 0x11da9e248>];William;1_6;False;True;[['oh']];oh;oh;1.0;0.0
78;[<__main__.Word instance at 0x11da9e3f8>];William;1_6;False;True;[['oh']];oh;oh;1.0;0.0
79;[<__main__.Word instance at 0x11da9e710>];William;1_6;False;True;[['what']];what;what;1.0;0.0
80;[<__main__.Word instance at 0x11da9e7e8>];William;1_6;False;True;[['what']];what;what;1.0;0.0
81;[<__main__.Word instance at 0x11da9e830>];William;1_6;False;True;[['what']];what;what;1.0;0.0
82;[<__main__.Word instance at 0x11da9ea28>];William;1_6;False;True;[['what']];what;what;1.0;0.0
83;[<__main__.Word instance at 0x11da9e878>];William;1_6;False;True;[['bye']];bye;bye;1.0;0.0
84;[<__main__.Word instance at 0x11da9e638>];William;1_6;False;True;[['what']];what;what;1.0;0.0
85;[<__main__.Word instance at 0x11da9e7a0>];William;1_6;False;True;[['what']];what;what;1.0;0.0
86;[<__main__.Word instance at 0x11da9edd0>];William;1_6;False;True;[['what']];what;what;1.0;0.0
87;[<__main__.Word instance at 0x11da9ef80>];William;1_6;False;True;[['oh']];oh;oh;1.0;0.0
88;[<__main__.Word instance at 0x11daa1050>];William;1_6;False;True;[['what']];what;what;1.0;0.0
89;[<__main__.Word instance at 0x11daa1200>];William;1_6;False;True;[['what']];what;what;1.0;0.0
90;[<__main__.Word instance at 0x11daa1170>];William;1_6;False;True;[['what']];what;what;1.0;0.0
91;[<__main__.Word instance at 0x11daa1320>];William;1_6;False;True;[['no']];no;no;1.0;0.0
92;[<__main__.Word instance at 0x11daa12d8>];William;1_6;False;True;[['what']];what;what;1.0;0.0
93;[<__main__.Word instance at 0x11daa1a28>];William;1_6;False;True;[['what']];what;what;1.0;0.0
94;[<__main__.Word instance at 0x11daa1638>];William;1_6;False;True;[['oh']];oh;oh;1.0;0.0
95;[<__main__.Word instance at 0x11daa1c68>];William;1_6;False;True;[['oh']];oh;oh;1.0;0.0
96;[<__main__.Word instance at 0x11daa1908>];William;1_6;False;True;[['toe']];toe;toe;1.0;0.0
97;[<__main__.Word instance at 0x11daa1fc8>];William;1_6;False;True;[['mommy']];mommy;mommy;1.0;0.0
98;[<__main__.Word instance at 0x11daa4050>];William;1_6;False;True;[['what']];what;what;1.0;0.0
99;[<__main__.Word instance at 0x11daa40e0>];William;1_6;False;True;[['what']];what;what;1.0;0.0
100;[<__main__.Word instance at 0x11daa4518>];William;1_6;False;True;[['what']];what;what;1.0;0.0
101;[<__main__.Word instance at 0x11daa45a8>];William;1_6;False;True;[['what']];what;what;1.0;0.0
102;[<__main__.Word instance at 0x11daa4680>];William;1_6;False;True;[['what']];what;what;1.0;0.0
103;[<__main__.Word instance at 0x11daa45f0>];William;1_6;False;True;[['hello']];hello;hello;1.0;0.0
104;[<__main__.Word instance at 0x11daa46c8>];William;1_6;False;True;[['what']];what;what;1.0;0.0
105;[<__main__.Word instance at 0x11daa4290>];William;1_6;False;True;[['what']];what;what;1.0;0.0
106;[<__main__.Word instance at 0x11daa4830>];William;1_6;False;True;[['what']];what;what;1.0;0.0
107;[<__main__.Word instance at 0x11daa47a0>];William;1_6;False;True;[['oh']];oh;oh;1.0;0.0
108;[<__main__.Word instance at 0x11daa4c20>];William;1_6;False;True;[['what']];what;what;1.0;0.0
109;[<__main__.Word instance at 0x11daa4b90>];William;1_6;False;True;[['what']];what;what;1.0;0.0
110;[<__main__.Word instance at 0x11daa4cb0>];William;1_6;False;True;[['&']];&;&;1.0;0.0
111;[<__main__.Word instance at 0x11daa4ab8>];William;1_6;False;True;[['Sarah']];Sarah;Sarah;1.0;0.0
112;[<__main__.Word instance at 0x11daa49e0>];William;1_6;False;True;[['what']];what;what;1.0;0.0
113;[<__main__.Word instance at 0x11daa8128>];William;1_6;False;True;[['no']];no;no;1.0;0.0
114;[<__main__.Word instance at 0x11daa8320>];William;1_6;False;True;[['Sarah']];Sarah;Sarah;1.0;0.0
115;[<__main__.Word instance at 0x11daa82d8>];William;1_6;False;True;[['no']];no;no;1.0;0.0
116;[<__main__.Word instance at 0x11daa8710>];William;1_6;False;True;[['what']];what;what;1.0;0.0
117;[<__main__.Word instance at 0x11daa8a28>];William;1_6;False;True;[['no']];no;no;1.0;0.0
118;[<__main__.Word instance at 0x11daa8908>];William;1_6;False;True;[['no']];no;no;1.0;0.0
119;[<__main__.Word instance at 0x11daa87a0>];William;1_6;False;True;[['no']];no;no;1.0;0.0
120;"[<__main__.Word instance at 0x11daa8950>
 <__main__.Word instance at 0x11daa8ea8>]";William;1_6;False;True;[['Sarah'], ['y']];ySarah;ySarah;0.5;0.69314718056
121;"[<__main__.Word instance at 0x11daa8f38>
 <__main__.Word instance at 0x11daa8cb0>]";William;1_6;False;True;[['no'], ['no']];nono;nono;0.5;0.69314718056
122;[<__main__.Word instance at 0x11daa8878>];William;1_6;False;True;[['Sarah']];Sarah;Sarah;1.0;0.0
123;[<__main__.Word instance at 0x11daab200>];William;1_6;False;True;[['no']];no;no;1.0;0.0
124;[<__main__.Word instance at 0x11daab368>];William;1_6;False;True;[['Sarah']];Sarah;Sarah;1.0;0.0
125;[<__main__.Word instance at 0x11daab518>];William;1_6;False;True;[['Sarah']];Sarah;Sarah;1.0;0.0
126;[<__main__.Word instance at 0x11daab5a8>];William;1_6;False;True;[['Sarah']];Sarah;Sarah;1.0;0.0
127;[<__main__.Word instance at 0x11daab098>];William;1_6;False;True;[['what']];what;what;1.0;0.0
128;[<__main__.Word instance at 0x11daabb90>];William;1_6;False;True;[['no']];no;no;1.0;0.0
129;[<__main__.Word instance at 0x11daab908>];William;1_6;False;True;[['Sarah']];Sarah;Sarah;1.0;0.0
130;[<__main__.Word instance at 0x11daabbd8>];William;1_6;False;True;[['bye']];bye;bye;1.0;0.0
131;[<__main__.Word instance at 0x11daabea8>];William;1_6;False;True;[['no']];no;no;1.0;0.0
132;"[<__main__.Word instance at 0x11daae1b8>
 <__main__.Word instance at 0x11daae098>]";William;1_6;False;True;[['do'], ['it']];doit;doit;0.5;0.69314718056
133;[<__main__.Word instance at 0x11daae248>];William;1_6;False;True;[['Sarah']];Sarah;Sarah;1.0;0.0
134;[<__main__.Word instance at 0x11daae170>];William;1_6;False;True;[['Sarah']];Sarah;Sarah;1.0;0.0
135;[<__main__.Word instance at 0x11daae560>];William;1_6;False;True;[['what']];what;what;1.0;0.0
136;[<__main__.Word instance at 0x11daae7a0>];William;1_6;False;True;[['what']];what;what;1.0;0.0
137;[<__main__.Word instance at 0x11daaebd8>];William;1_6;False;True;[['no']];no;no;1.0;0.0
138;"[<__main__.Word instance at 0x11daaed88>
 <__main__.Word instance at 0x11daae998>
 <__main__.Word instance at 0x11daaee18>
 <__main__.Word instance at 0x11daaeb00>]";William;1_6;False;False;[['alright'], ['Sarah'], ['is'], ['what']];alrightisSarahwhat;isSarahwhatalright;0.0416666666667;-0.0425596144188
139;[<__main__.Word instance at 0x11daaecb0>];William;1_6;False;True;[['what']];what;what;1.0;0.0
140;[<__main__.Word instance at 0x11daaec20>];William;1_6;False;True;[['Sarah']];Sarah;Sarah;1.0;0.0
141;[<__main__.Word instance at 0x11dab1128>];William;1_6;False;True;[['oh']];oh;oh;1.0;0.0
142;[<__main__.Word instance at 0x11dab13b0>];William;1_6;False;True;[['oh']];oh;oh;1.0;0.0
143;[<__main__.Word instance at 0x11dab1440>];William;1_6;False;True;[['oh']];oh;oh;1.0;0.0
144;"[<__main__.Word instance at 0x11dab1368>
 <__main__.Word instance at 0x11dab1098>]";William;1_6;False;True;[['what'], ['Sarah']];Sarahwhat;Sarahwhat;0.5;0.69314718056
145;[<__main__.Word instance at 0x11dab1638>];William;1_6;False;True;[['what']];what;what;1.0;0.0
146;[<__main__.Word instance at 0x11dab17e8>];William;1_6;False;True;[['no']];no;no;1.0;0.0
147;[<__main__.Word instance at 0x11dab1ab8>];William;1_6;False;True;[['&-uh']];&-uh;&-uh;1.0;0.0
148;[<__main__.Word instance at 0x11dab1b48>];William;1_6;False;True;[['up']];up;up;1.0;0.0
149;[<__main__.Word instance at 0x11dab1a70>];William;1_6;False;True;[['no']];no;no;1.0;0.0
150;[<__main__.Word instance at 0x11dab1bd8>];William;1_6;False;True;[['oh']];oh;oh;1.0;0.0
151;[<__main__.Word instance at 0x11dab1e60>];William;1_6;False;True;[['Sarah']];Sarah;Sarah;1.0;0.0
152;[<__main__.Word instance at 0x11dab1f38>];William;1_6;False;True;[['what']];what;what;1.0;0.0
153;[<__main__.Word instance at 0x11dab1d40>];William;1_6;False;True;[['oh']];oh;oh;1.0;0.0
154;[<__main__.Word instance at 0x11dab1fc8>];William;1_6;False;True;[['button']];button;button;1.0;0.0
155;[<__main__.Word instance at 0x11dab1ea8>];William;1_6;False;True;[['Sarah']];Sarah;Sarah;1.0;0.0
156;[<__main__.Word instance at 0x11dab5050>];William;1_6;False;True;[['what']];what;what;1.0;0.0
157;[<__main__.Word instance at 0x11dab5200>];William;1_6;False;True;[['oh']];oh;oh;1.0;0.0
158;[<__main__.Word instance at 0x11dab5710>];William;1_6;False;True;[['book']];book;book;1.0;0.0
159;[<__main__.Word instance at 0x11dab58c0>];William;1_6;False;True;[['oh']];oh;oh;1.0;0.0
160;[<__main__.Word instance at 0x11dab5a70>];William;1_6;False;True;[['ah']];ah;ah;1.0;0.0
161;[<__main__.Word instance at 0x11dab5e60>];William;1_6;False;True;[['y']];y;y;1.0;0.0
162;[<__main__.Word instance at 0x11dab5f38>];William;1_6;False;True;[['moon']];moon;moon;1.0;0.0
163;[<__main__.Word instance at 0x11dab5ea8>];William;1_6;False;True;[['moon']];moon;moon;1.0;0.0
164;[<__main__.Word instance at 0x11dab5b48>];William;1_6;False;True;[['wild']];wild;wild;1.0;0.0
165;[<__main__.Word instance at 0x11dab90e0>];William;1_6;False;True;[['all']];all;all;1.0;0.0
166;[<__main__.Word instance at 0x11dab9170>];William;1_6;False;True;[['no']];no;no;1.0;0.0
167;[<__main__.Word instance at 0x11dab9488>];William;1_6;False;True;[['book']];book;book;1.0;0.0
168;[<__main__.Word instance at 0x11dab9560>];William;1_6;False;True;[['book']];book;book;1.0;0.0
169;"[<__main__.Word instance at 0x11dab9638>
 <__main__.Word instance at 0x11dab94d0>]";William;1_6;False;True;[['moon'], ['moon']];moonmoon;moonmoon;0.5;0.69314718056
170;[<__main__.Word instance at 0x11dab95a8>];William;1_6;False;True;[['doggy']];doggy;doggy;1.0;0.0
171;[<__main__.Word instance at 0x11dab9680>];William;1_6;False;True;[['moo']];moo;moo;1.0;0.0
172;[<__main__.Word instance at 0x11dab9830>];William;1_6;False;True;[['no']];no;no;1.0;0.0
173;[<__main__.Word instance at 0x11dab99e0>];William;1_6;False;True;[['toes']];toes;toes;1.0;0.0
174;[<__main__.Word instance at 0x11dab9b90>];William;1_6;False;True;[['toes']];toes;toes;1.0;0.0
175;[<__main__.Word instance at 0x11dab9c68>];William;1_6;False;True;[['no']];no;no;1.0;0.0
176;"[<__main__.Word instance at 0x11dab9d40>
 <__main__.Word instance at 0x11dab9ea8>]";William;1_6;False;True;[['hee'], ['hee']];heehee;heehee;0.5;0.69314718056
177;[<__main__.Word instance at 0x11dabc248>];William;1_6;False;True;[['doggie']];doggie;doggie;1.0;0.0
178;[<__main__.Word instance at 0x11dabc320>];William;1_6;False;True;[['kitty']];kitty;kitty;1.0;0.0
179;[<__main__.Word instance at 0x11dabc290>];William;1_6;False;True;[['oh']];oh;oh;1.0;0.0
180;[<__main__.Word instance at 0x11dabc440>];William;1_6;False;True;[['kitty']];kitty;kitty;1.0;0.0
181;"[<__main__.Word instance at 0x11dabc560>
 <__main__.Word instance at 0x11dabc758>]";William;1_6;False;True;[['kitty'], ['kitty']];kittykitty;kittykitty;0.5;0.69314718056
182;[<__main__.Word instance at 0x11dabc7a0>];William;1_6;False;True;[['kitty']];kitty;kitty;1.0;0.0
183;[<__main__.Word instance at 0x11dabc7e8>];William;1_6;False;True;[['kitty']];kitty;kitty;1.0;0.0
184;[<__main__.Word instance at 0x11dabc5f0>];William;1_6;False;True;[['kitty']];kitty;kitty;1.0;0.0
185;[<__main__.Word instance at 0x11dabc950>];William;1_6;False;True;[['kitty']];kitty;kitty;1.0;0.0
186;[<__main__.Word instance at 0x11dabcb90>];William;1_6;False;True;[['kitty']];kitty;kitty;1.0;0.0
187;"[<__main__.Word instance at 0x11dabc710>
 <__main__.Word instance at 0x11dabcef0>
 <__main__.Word instance at 0x11dabcdd0>
 <__main__.Word instance at 0x11dabcf80>]";William;1_6;False;False;[['kitty'], ['kitty'], ['kitty'], ['doggie']];kittydoggiekittykitty;doggiekittykittykitty;0.0416666666667;-0.0425596144188
188;"[<__main__.Word instance at 0x11dabf3f8>
 <__main__.Word instance at 0x11dabf2d8>]";William;1_6;False;True;[['kitty'], ['kitty']];kittykitty;kittykitty;0.5;0.69314718056
189;[<__main__.Word instance at 0x11dabf248>];William;1_6;False;True;[['kitty']];kitty;kitty;1.0;0.0
190;[<__main__.Word instance at 0x11dabf5f0>];William;1_6;False;True;[['oh']];oh;oh;1.0;0.0
191;[<__main__.Word instance at 0x11dabf7a0>];William;1_6;False;True;[['doggie']];doggie;doggie;1.0;0.0
192;[<__main__.Word instance at 0x11dabf758>];William;1_6;False;True;[['uhoh']];uhoh;uhoh;1.0;0.0
193;[<__main__.Word instance at 0x11dabf680>];William;1_6;False;True;[['Sarah']];Sarah;Sarah;1.0;0.0
194;[<__main__.Word instance at 0x11dabfb48>];William;1_6;False;True;[['Sarah']];Sarah;Sarah;1.0;0.0
195;[<__main__.Word instance at 0x11dabf518>];William;1_6;False;True;[['kitty']];kitty;kitty;1.0;0.0
196;[<__main__.Word instance at 0x11dabfdd0>];William;1_6;False;True;[['kitty']];kitty;kitty;1.0;0.0
197;"[<__main__.Word instance at 0x11dabf8c0>
 <__main__.Word instance at 0x11dabff80>]";William;1_6;False;True;[['no'], ['no']];nono;nono;0.5;0.69314718056
198;[<__main__.Word instance at 0x11dac20e0>];William;1_6;False;True;[['no']];no;no;1.0;0.0
199;[<__main__.Word instance at 0x11dac2170>];William;1_6;False;True;[['no']];no;no;1.0;0.0
200;[<__main__.Word instance at 0x11dac25a8>];William;1_6;False;True;[['acumma']];acumma;acumma;1.0;0.0
201;[<__main__.Word instance at 0x11dac2560>];William;1_6;False;True;[['no']];no;no;1.0;0.0
202;[<__main__.Word instance at 0x11dac24d0>];William;1_6;False;True;[['no']];no;no;1.0;0.0
203;"[<__main__.Word instance at 0x11dac23f8>
 <__main__.Word instance at 0x11dac2ab8>]";William;1_6;False;True;[['off'], ['off']];offoff;offoff;0.5;0.69314718056
204;[<__main__.Word instance at 0x11dac2c68>];William;1_6;False;True;[['mommy']];mommy;mommy;1.0;0.0
205;"[<__main__.Word instance at 0x11dac2cf8>
 <__main__.Word instance at 0x11dac2998>]";William;1_6;False;False;[['see'], ['light']];seelight;lightsee;0.5;-0.69314718056
206;[<__main__.Word instance at 0x11dac2ea8>];William;1_6;False;True;[['light']];light;light;1.0;0.0
207;"[<__main__.Word instance at 0x11dac2f38>
 <__main__.Word instance at 0x11dac2b00>]";William;1_6;False;True;[['the', 'light']];thelight;thelight;1.0;0.0
208;[<__main__.Word instance at 0x11dac5518>];William;1_6;False;True;[['light']];light;light;1.0;0.0
209;"[<__main__.Word instance at 0x11dac5680>
 <__main__.Word instance at 0x11dac5128>
 <__main__.Word instance at 0x11dac5710>]";William;1_6;False;True;[['the', 'light'], ['light']];lightthelight;lightthelight;0.5;0.69314718056
210;[<__main__.Word instance at 0x11dac59e0>];William;1_6;False;True;[['light']];light;light;1.0;0.0
211;[<__main__.Word instance at 0x11dac58c0>];William;1_6;False;True;[['no']];no;no;1.0;0.0
212;[<__main__.Word instance at 0x11dac57a0>];William;1_6;False;True;[['no']];no;no;1.0;0.0
213;[<__main__.Word instance at 0x11dac5c20>];William;1_6;False;True;[['no']];no;no;1.0;0.0
214;[<__main__.Word instance at 0x11dac5cf8>];William;1_6;False;True;[['no']];no;no;1.0;0.0
215;[<__main__.Word instance at 0x11dac9170>];William;1_6;False;True;[['hi']];hi;hi;1.0;0.0
216;[<__main__.Word instance at 0x11dac9290>];William;1_6;False;True;[['uhoh']];uhoh;uhoh;1.0;0.0
217;[<__main__.Word instance at 0x11dac92d8>];William;1_6;False;True;[['byebye']];byebye;byebye;1.0;0.0
218;[<__main__.Word instance at 0x11dac9050>];William;1_6;False;True;[['cookie']];cookie;cookie;1.0;0.0
219;[<__main__.Word instance at 0x11dac96c8>];William;1_6;False;True;[['ah']];ah;ah;1.0;0.0
220;[<__main__.Word instance at 0x11dac9680>];William;1_6;False;True;[['bus']];bus;bus;1.0;0.0
221;[<__main__.Word instance at 0x11dac9908>];William;1_6;False;True;[['cookie']];cookie;cookie;1.0;0.0
222;[<__main__.Word instance at 0x11dac99e0>];William;1_6;False;True;[['baby']];baby;baby;1.0;0.0
223;[<__main__.Word instance at 0x11dac9c68>];William;1_6;False;True;[['touch']];touch;touch;1.0;0.0
224;[<__main__.Word instance at 0x11dac9b48>];William;1_6;False;True;[['touch']];touch;touch;1.0;0.0
225;[<__main__.Word instance at 0x11dacc128>];William;1_6;False;True;[['cookie']];cookie;cookie;1.0;0.0
226;[<__main__.Word instance at 0x11dacc320>];William;1_6;False;True;[['cookie']];cookie;cookie;1.0;0.0
227;[<__main__.Word instance at 0x11dacc488>];William;1_6;False;True;[['cookie']];cookie;cookie;1.0;0.0
228;[<__main__.Word instance at 0x11dacc1b8>];William;1_6;False;True;[['raisin']];raisin;raisin;1.0;0.0
229;[<__main__.Word instance at 0x11dacc6c8>];William;1_6;False;True;[['off']];off;off;1.0;0.0
230;[<__main__.Word instance at 0x11dacc050>];William;1_6;False;True;[['off']];off;off;1.0;0.0
231;[<__main__.Word instance at 0x11dacc8c0>];William;1_6;False;True;[['blue']];blue;blue;1.0;0.0
232;[<__main__.Word instance at 0x11dacc878>];William;1_6;False;True;[['blue']];blue;blue;1.0;0.0
233;[<__main__.Word instance at 0x11daccb00>];William;1_6;False;True;[['yellow']];yellow;yellow;1.0;0.0
234;"[<__main__.Word instance at 0x11dacce18>
 <__main__.Word instance at 0x11daccfc8>]";William;1_6;False;True;[['cookie'], ['cookie']];cookiecookie;cookiecookie;0.5;0.69314718056
235;[<__main__.Word instance at 0x11dacccf8>];William;1_6;False;True;[['cookie']];cookie;cookie;1.0;0.0
236;[<__main__.Word instance at 0x11dacf440>];William;1_6;False;True;[['cookie']];cookie;cookie;1.0;0.0
237;[<__main__.Word instance at 0x11dacf3f8>];William;1_6;False;True;[['doggie']];doggie;doggie;1.0;0.0
238;[<__main__.Word instance at 0x11dacf560>];William;1_6;False;True;[['doggies']];doggies;doggies;1.0;0.0
239;[<__main__.Word instance at 0x11dacf878>];William;1_6;False;True;[['cookies']];cookies;cookies;1.0;0.0
240;"[<__main__.Word instance at 0x11dacf998>
 <__main__.Word instance at 0x11dacf488>]";William;1_6;False;True;[['see'], ['cookie']];seecookie;seecookie;0.5;0.69314718056
241;"[<__main__.Word instance at 0x11dacfa28>
 <__main__.Word instance at 0x11dacfe18>]";William;1_6;False;True;[['cookie'], ['cookie']];cookiecookie;cookiecookie;0.5;0.69314718056
242;[<__main__.Word instance at 0x11dacfe60>];William;1_6;False;True;[['mama']];mama;mama;1.0;0.0
243;[<__main__.Word instance at 0x11dacff80>];William;1_6;False;True;[['baby']];baby;baby;1.0;0.0
244;[<__main__.Word instance at 0x11dacf7a0>];William;1_6;False;True;[['feet']];feet;feet;1.0;0.0
245;[<__main__.Word instance at 0x11dad2170>];William;1_6;False;True;[['feet']];feet;feet;1.0;0.0
246;[<__main__.Word instance at 0x11dad2128>];William;1_6;False;True;[['uhoh']];uhoh;uhoh;1.0;0.0
247;[<__main__.Word instance at 0x11dad2248>];William;1_6;False;True;[['cookie']];cookie;cookie;1.0;0.0
248;[<__main__.Word instance at 0x11dad23f8>];William;1_6;False;True;[['cookie']];cookie;cookie;1.0;0.0
249;[<__main__.Word instance at 0x11dad25a8>];William;1_6;False;True;[['cookie']];cookie;cookie;1.0;0.0
250;[<__main__.Word instance at 0x11dad2878>];William;1_6;False;True;[['cookie']];cookie;cookie;1.0;0.0
251;[<__main__.Word instance at 0x11dad2ab8>];William;1_6;False;True;[['cookie']];cookie;cookie;1.0;0.0
252;[<__main__.Word instance at 0x11dad2f38>];William;1_6;False;True;[['cookie']];cookie;cookie;1.0;0.0
253;"[<__main__.Word instance at 0x11dad2cf8>
 <__main__.Word instance at 0x11dad2ea8>]";William;1_6;False;True;[['uhoh'], ['uhoh']];uhohuhoh;uhohuhoh;0.5;0.69314718056
254;[<__main__.Word instance at 0x11dad5128>];William;1_6;False;True;[['mama']];mama;mama;1.0;0.0
255;[<__main__.Word instance at 0x11dad51b8>];William;1_6;False;True;[['hi']];hi;hi;1.0;0.0
256;[<__main__.Word instance at 0x11dad5368>];William;1_6;False;True;[['hi']];hi;hi;1.0;0.0
257;[<__main__.Word instance at 0x11dad5518>];William;1_6;False;True;[['up']];up;up;1.0;0.0
258;[<__main__.Word instance at 0x11dad5950>];William;1_6;False;True;[['mommy']];mommy;mommy;1.0;0.0
259;[<__main__.Word instance at 0x11dad5a28>];William;1_6;False;True;[['Dada']];Dada;Dada;1.0;0.0
260;[<__main__.Word instance at 0x11dad5cb0>];William;1_6;False;True;[['Dada']];Dada;Dada;1.0;0.0
261;[<__main__.Word instance at 0x11dad5c20>];William;1_6;False;True;[['mommy']];mommy;mommy;1.0;0.0
262;[<__main__.Word instance at 0x11dad5fc8>];William;1_6;False;True;[['Yaya']];Yaya;Yaya;1.0;0.0
263;[<__main__.Word instance at 0x11dad8050>];William;1_6;False;True;[['Dada']];Dada;Dada;1.0;0.0
264;[<__main__.Word instance at 0x11dad83f8>];William;1_6;False;True;[['Yaya']];Yaya;Yaya;1.0;0.0
265;"[<__main__.Word instance at 0x11dad84d0>
 <__main__.Word instance at 0x11dad8200>]";William;1_6;False;False;[['baby'], ['Dada']];babyDada;Dadababy;0.5;-0.69314718056
266;[<__main__.Word instance at 0x11dad83b0>];William;1_6;False;True;[['baby']];baby;baby;1.0;0.0
267;"[<__main__.Word instance at 0x11dad87a0>
 <__main__.Word instance at 0x11dad8128>]";William;1_6;False;False;[['Dada'], ['hi']];hiDada;Dadahi;0.5;-0.69314718056
268;[<__main__.Word instance at 0x11dad8518>];William;1_6;False;True;[['Dada']];Dada;Dada;1.0;0.0
269;[<__main__.Word instance at 0x11dad8680>];William;1_6;False;True;[['James']];James;James;1.0;0.0
270;[<__main__.Word instance at 0x11dad8ab8>];William;1_6;False;True;[['James']];James;James;1.0;0.0
271;[<__main__.Word instance at 0x11dad8a28>];William;1_6;False;True;[['James']];James;James;1.0;0.0
272;[<__main__.Word instance at 0x11dad8d40>];William;1_6;False;True;[['Sarah']];Sarah;Sarah;1.0;0.0
273;"[<__main__.Word instance at 0x11dad8e18>
 <__main__.Word instance at 0x11dad8950>]";William;1_6;False;True;[['Sarah'], ['Sarah']];SarahSarah;SarahSarah;0.5;0.69314718056
274;[<__main__.Word instance at 0x11dadb128>];William;1_6;False;True;[['baby']];baby;baby;1.0;0.0
275;[<__main__.Word instance at 0x11dadb5a8>];William;1_6;False;True;[['Katie']];Katie;Katie;1.0;0.0
276;[<__main__.Word instance at 0x11dadb6c8>];William;1_6;False;True;[['Dada']];Dada;Dada;1.0;0.0
277;"[<__main__.Word instance at 0x11dadb7a0>
 <__main__.Word instance at 0x11dadb1b8>]";William;1_6;False;True;[['up'], ['up']];upup;upup;0.5;0.69314718056
278;[<__main__.Word instance at 0x11dadb710>];William;1_6;False;True;[['Dada']];Dada;Dada;1.0;0.0
279;[<__main__.Word instance at 0x11dadb488>];William;1_6;False;True;[['up']];up;up;1.0;0.0
280;[<__main__.Word instance at 0x11dadb7e8>];William;1_6;False;True;[['up']];up;up;1.0;0.0
281;[<__main__.Word instance at 0x11dadb290>];William;1_6;False;True;[['Katie']];Katie;Katie;1.0;0.0
282;[<__main__.Word instance at 0x11dadbb48>];William;1_6;False;True;[['Yaya']];Yaya;Yaya;1.0;0.0
283;[<__main__.Word instance at 0x11dadbc20>];William;1_6;False;True;[['Katie']];Katie;Katie;1.0;0.0
284;[<__main__.Word instance at 0x11dadb8c0>];William;1_6;False;True;[['Katie']];Katie;Katie;1.0;0.0
285;"[<__main__.Word instance at 0x11dadbdd0>
 <__main__.Word instance at 0x11dadb908>]";William;1_6;False;True;[['Uncle', 'Dean']];UncleDean;UncleDean;1.0;0.0
286;"[<__main__.Word instance at 0x11dade128>
 <__main__.Word instance at 0x11dade5f0>]";William;1_6;False;True;[['Uncle', 'Dean']];UncleDean;UncleDean;1.0;0.0
287;"[<__main__.Word instance at 0x11dade7e8>
 <__main__.Word instance at 0x11dade6c8>]";William;1_6;False;True;[['Uncle', 'Dean']];UncleDean;UncleDean;1.0;0.0
288;[<__main__.Word instance at 0x11dade518>];William;1_6;False;True;[['Yaya']];Yaya;Yaya;1.0;0.0
289;[<__main__.Word instance at 0x11dade830>];William;1_6;False;True;[['up']];up;up;1.0;0.0
290;[<__main__.Word instance at 0x11dade908>];William;1_6;False;True;[['see']];see;see;1.0;0.0
291;[<__main__.Word instance at 0x11dadec20>];William;1_6;False;True;[['Dada']];Dada;Dada;1.0;0.0
292;"[<__main__.Word instance at 0x11dadecb0>
 <__main__.Word instance at 0x11dade9e0>]";William;1_6;False;False;[['see'], ['Dada']];seeDada;Dadasee;0.5;-0.69314718056
293;[<__main__.Word instance at 0x11dade4d0>];William;1_6;False;True;[['see']];see;see;1.0;0.0
294;"[<__main__.Word instance at 0x11dae2290>
 <__main__.Word instance at 0x11dae20e0>]";William;1_6;False;False;[['Dada'], ['see']];seeDada;Dadasee;0.5;-0.69314718056
295;"[<__main__.Word instance at 0x11dae2170>
 <__main__.Word instance at 0x11dae2488>]";William;1_6;False;False;[['Dada'], ['see']];seeDada;Dadasee;0.5;-0.69314718056
296;"[<__main__.Word instance at 0x11dae23f8>
 <__main__.Word instance at 0x11dae26c8>]";William;1_6;False;False;[['Dada'], ['see']];seeDada;Dadasee;0.5;-0.69314718056
297;[<__main__.Word instance at 0x11dae2ab8>];William;1_6;False;True;[['cookie']];cookie;cookie;1.0;0.0
298;[<__main__.Word instance at 0x11dae2b90>];William;1_6;False;True;[['see']];see;see;1.0;0.0
299;[<__main__.Word instance at 0x11dae2c68>];William;1_6;False;True;[['potty']];potty;potty;1.0;0.0
300;[<__main__.Word instance at 0x11dae2d40>];William;1_6;False;True;[['potty']];potty;potty;1.0;0.0
301;"[<__main__.Word instance at 0x11dae2dd0>
 <__main__.Word instance at 0x11dae2cb0>]";William;1_6;False;True;[['Uncle', 'Dean']];UncleDean;UncleDean;1.0;0.0
302;[<__main__.Word instance at 0x11dae2e60>];William;1_6;False;True;[['William']];William;William;1.0;0.0
303;[<__main__.Word instance at 0x11dae2710>];William;1_6;False;True;[['Mama']];Mama;Mama;1.0;0.0
304;[<__main__.Word instance at 0x11dae5170>];William;1_6;False;True;[['Grandpa']];Grandpa;Grandpa;1.0;0.0
305;[<__main__.Word instance at 0x11dae5368>];William;1_6;False;True;[['Grandpa']];Grandpa;Grandpa;1.0;0.0
306;[<__main__.Word instance at 0x11dae5488>];William;1_6;False;True;[['hello']];hello;hello;1.0;0.0
307;"[<__main__.Word instance at 0x11dae5248>
 <__main__.Word instance at 0x11dae5680>
 <__main__.Word instance at 0x11dae5560>]";William;1_6;False;False;[['how'], ['you'], ['are']];howareyou;areyouhow;0.166666666667;-0.182321556794
308;[<__main__.Word instance at 0x11dae5878>];William;1_6;False;True;[['byebye']];byebye;byebye;1.0;0.0
309;"[<__main__.Word instance at 0x11dae5cb0>
 <__main__.Word instance at 0x11dae5f38>
 <__main__.Word instance at 0x11dae5e18>
 <__main__.Word instance at 0x11dae59e0>]";William;1_6;False;True;[['day'], ['a'], ['have'], ['good']];haveagoodday;haveagoodday;0.0416666666667;3.17805383035
310;"[<__main__.Word instance at 0x11dae5c68>
 <__main__.Word instance at 0x11dae5e60>
 <__main__.Word instance at 0x11dae80e0>]";William;1_6;False;True;[['have'], ['a'], ['day']];haveaday;haveaday;0.166666666667;1.79175946923
311;[<__main__.Word instance at 0x11dae8128>];William;1_6;False;True;[['byebye']];byebye;byebye;1.0;0.0
312;[<__main__.Word instance at 0x11dae8248>];William;1_6;False;True;[['town']];town;town;1.0;0.0
313;"[<__main__.Word instance at 0x11dae8638>
 <__main__.Word instance at 0x11dae8680>]";William;1_6;False;True;[['swish'], ['swish']];swishswish;swishswish;0.5;0.69314718056
314;[<__main__.Word instance at 0x11dae87a0>];William;1_6;False;True;[['town']];town;town;1.0;0.0
315;"[<__main__.Word instance at 0x11dae8320>
 <__main__.Word instance at 0x11dae8a28>]";William;1_6;False;True;[['bump'], ['bump']];bumpbump;bumpbump;0.5;0.69314718056
316;[<__main__.Word instance at 0x11dae8b00>];William;1_6;False;True;[['town']];town;town;1.0;0.0
317;"[<__main__.Word instance at 0x11dae8bd8>
 <__main__.Word instance at 0x11dae8a70>]";William;1_6;False;True;[['no'], ['no']];nono;nono;0.5;0.69314718056
318;[<__main__.Word instance at 0x11dae84d0>];William;1_6;False;True;[['bump']];bump;bump;1.0;0.0
319;[<__main__.Word instance at 0x11dae8c20>];William;1_6;False;True;[['town']];town;town;1.0;0.0
320;[<__main__.Word instance at 0x11dae8dd0>];William;1_6;False;True;[['Mommy']];Mommy;Mommy;1.0;0.0
321;[<__main__.Word instance at 0x11dae8f80>];William;1_6;False;True;[['swish']];swish;swish;1.0;0.0
322;"[<__main__.Word instance at 0x11dae8ef0>
 <__main__.Word instance at 0x11daeb050>
 <__main__.Word instance at 0x11daeb128>
 <__main__.Word instance at 0x11daeb200>]";William;1_6;False;True;[['swish'], ['swish'], ['swish'], ['swish']];swishswishswishswish;swishswishswishswish;0.0416666666667;3.17805383035
323;"[<__main__.Word instance at 0x11daeb170>
 <__main__.Word instance at 0x11daeb488>]";William;1_6;False;True;[['swish'], ['swish']];swishswish;swishswish;0.5;0.69314718056
324;[<__main__.Word instance at 0x11daeb560>];William;1_6;False;True;[['swish']];swish;swish;1.0;0.0
325;[<__main__.Word instance at 0x11daeb4d0>];William;1_6;False;True;[['green']];green;green;1.0;0.0
326;[<__main__.Word instance at 0x11daeb098>];William;1_6;False;True;[['swish']];swish;swish;1.0;0.0
327;"[<__main__.Word instance at 0x11daeb5a8>
 <__main__.Word instance at 0x11daeb950>]";William;1_6;False;True;[['all', 'gone']];allgone;allgone;1.0;0.0
328;"[<__main__.Word instance at 0x11daebb00>
 <__main__.Word instance at 0x11daeb9e0>]";William;1_6;False;True;[['all', 'gone']];allgone;allgone;1.0;0.0
329;"[<__main__.Word instance at 0x11daeb878>
 <__main__.Word instance at 0x11daebcb0>]";William;1_6;False;True;[['all', 'gone']];allgone;allgone;1.0;0.0
330;"[<__main__.Word instance at 0x11daebd40>
 <__main__.Word instance at 0x11daebc20>]";William;1_6;False;True;[['outside'], ['outside']];outsideoutside;outsideoutside;0.5;0.69314718056
331;[<__main__.Word instance at 0x11daeb998>];William;1_6;False;True;[['swing']];swing;swing;1.0;0.0
332;"[<__main__.Word instance at 0x11daebab8>
 <__main__.Word instance at 0x11daeb440>]";William;1_6;False;False;[['hi'], ['Yaya']];hiYaya;Yayahi;0.5;-0.69314718056
333;[<__main__.Word instance at 0x11daef0e0>];William;1_6;False;True;[['Yaya']];Yaya;Yaya;1.0;0.0
334;[<__main__.Word instance at 0x11daef170>];William;1_6;False;True;[['Mama']];Mama;Mama;1.0;0.0
335;[<__main__.Word instance at 0x11daef320>];William;1_6;False;True;[['Dada']];Dada;Dada;1.0;0.0
336;[<__main__.Word instance at 0x11daef4d0>];William;1_6;False;True;[['Dada']];Dada;Dada;1.0;0.0
337;[<__main__.Word instance at 0x11daef3f8>];William;1_6;False;True;[['Dada']];Dada;Dada;1.0;0.0
338;[<__main__.Word instance at 0x11daef8c0>];William;1_6;False;True;[['Dada']];Dada;Dada;1.0;0.0
339;"[<__main__.Word instance at 0x11daef6c8>
 <__main__.Word instance at 0x11daef830>]";William;1_6;False;False;[['hi'], ['Dada']];hiDada;Dadahi;0.5;-0.69314718056
340;[<__main__.Word instance at 0x11daef9e0>];William;1_6;False;True;[['book']];book;book;1.0;0.0
341;"[<__main__.Word instance at 0x11daef998>
 <__main__.Word instance at 0x11daefd88>]";William;1_6;False;True;[['tick', 'tock']];ticktock;ticktock;1.0;0.0
342;"[<__main__.Word instance at 0x11daefcf8>
 <__main__.Word instance at 0x11daefe60>
 <__main__.Word instance at 0x11daeff80>]";William;1_6;False;True;[['tock'], ['tock'], ['tock']];tocktocktock;tocktocktock;0.166666666667;1.79175946923
343;"[<__main__.Word instance at 0x11daf2200>
 <__main__.Word instance at 0x11daf21b8>
 <__main__.Word instance at 0x11daf2320>]";William;1_6;False;False;"[[""don't""], ['I'], ['know']]";Idon'tknow;don'tIknow;0.166666666667;-0.182321556794
344;"[<__main__.Word instance at 0x11daf2638>
 <__main__.Word instance at 0x11daf28c0>
 <__main__.Word instance at 0x11daf27a0>]";William;1_6;False;False;"[[""don't""], ['I'], ['know']]";Idon'tknow;don'tIknow;0.166666666667;-0.182321556794
345;"[<__main__.Word instance at 0x11daf2950>
 <__main__.Word instance at 0x11daf2b48>]";William;1_6;False;True;"[['know'], [""don't""]]";don'tknow;don'tknow;0.5;0.69314718056
346;[<__main__.Word instance at 0x11daf2cf8>];William;1_6;False;True;[['clock']];clock;clock;1.0;0.0
347;[<__main__.Word instance at 0x11daf2ef0>];William;1_6;False;True;[['Mama']];Mama;Mama;1.0;0.0
348;[<__main__.Word instance at 0x11daf2fc8>];William;1_6;False;True;[['Mama']];Mama;Mama;1.0;0.0
349;"[<__main__.Word instance at 0x11daf2ea8>
 <__main__.Word instance at 0x11daf2f38>]";William;1_6;False;True;[['Mama'], ['Mama']];MamaMama;MamaMama;0.5;0.69314718056
350;[<__main__.Word instance at 0x11daf5290>];William;1_6;False;True;[['cookie']];cookie;cookie;1.0;0.0
351;[<__main__.Word instance at 0x11daf5368>];William;1_6;False;True;[['cookie']];cookie;cookie;1.0;0.0
352;[<__main__.Word instance at 0x11daf52d8>];William;1_6;False;True;[['cookie']];cookie;cookie;1.0;0.0
353;[<__main__.Word instance at 0x11daf5248>];William;1_6;False;True;[['cookie']];cookie;cookie;1.0;0.0
354;[<__main__.Word instance at 0x11daf55a8>];William;1_6;False;True;[['horsie']];horsie;horsie;1.0;0.0
355;[<__main__.Word instance at 0x11daf5560>];William;1_6;False;True;[['no']];no;no;1.0;0.0
356;[<__main__.Word instance at 0x11daf59e0>];William;1_6;False;True;[['hi']];hi;hi;1.0;0.0
357;[<__main__.Word instance at 0x11daf5b90>];William;1_6;False;True;[['hi']];hi;hi;1.0;0.0
358;[<__main__.Word instance at 0x11daf5d88>];William;1_6;False;True;[['hi']];hi;hi;1.0;0.0
359;[<__main__.Word instance at 0x11daf5e60>];William;1_6;False;True;[['hi']];hi;hi;1.0;0.0
360;[<__main__.Word instance at 0x11daf5f80>];William;1_6;False;True;[['brush']];brush;brush;1.0;0.0
361;[<__main__.Word instance at 0x11daf5d40>];William;1_6;False;True;[['cookie']];cookie;cookie;1.0;0.0
362;"[<__main__.Word instance at 0x11daf5ea8>
 <__main__.Word instance at 0x11daf80e0>
 <__main__.Word instance at 0x11daf82d8>]";William;1_6;False;True;[['woo'], ['ooh', 'woo']];oohwoowoo;oohwoowoo;0.5;0.69314718056
363;[<__main__.Word instance at 0x11daf8368>];William;1_6;False;True;[['car']];car;car;1.0;0.0
364;"[<__main__.Word instance at 0x11daf83f8>
 <__main__.Word instance at 0x11daf85f0>
 <__main__.Word instance at 0x11daf8290>]";William;1_6;False;True;[['woo'], ['ooh', 'woo']];oohwoowoo;oohwoowoo;0.5;0.69314718056
365;"[<__main__.Word instance at 0x11daf8680>
 <__main__.Word instance at 0x11daf88c0>
 <__main__.Word instance at 0x11daf8518>
 <__main__.Word instance at 0x11daf8a70>]";William;1_6;False;False;[['ooh', 'woo'], ['woo'], ['woo']];oohwoowoowoo;woooohwoowoo;0.166666666667;-0.182321556794
366;"[<__main__.Word instance at 0x11daf8c68>
 <__main__.Word instance at 0x11daf8b48>]";William;1_6;False;True;[['ooh', 'woo']];oohwoo;oohwoo;1.0;0.0
367;[<__main__.Word instance at 0x11daf8cf8>];William;1_6;False;True;[['uhoh']];uhoh;uhoh;1.0;0.0
368;[<__main__.Word instance at 0x11daf8c20>];William;1_6;False;True;[['off']];off;off;1.0;0.0
369;[<__main__.Word instance at 0x11daf8e18>];William;1_6;False;True;[['off']];off;off;1.0;0.0
370;[<__main__.Word instance at 0x11dafb200>];William;1_6;False;True;[['off']];off;off;1.0;0.0
371;[<__main__.Word instance at 0x11dafb290>];William;1_6;False;True;[['off']];off;off;1.0;0.0
372;[<__main__.Word instance at 0x11dafb488>];William;1_6;False;True;[['hot']];hot;hot;1.0;0.0
373;"[<__main__.Word instance at 0x11dafb4d0>
 <__main__.Word instance at 0x11dafb680>]";William;1_6;False;True;[['all', 'gone']];allgone;allgone;1.0;0.0
374;"[<__main__.Word instance at 0x11dafb908>
 <__main__.Word instance at 0x11dafb950>]";William;1_6;False;True;[['all', 'gone']];allgone;allgone;1.0;0.0
375;[<__main__.Word instance at 0x11dafbb90>];William;1_6;False;True;[['Dada']];Dada;Dada;1.0;0.0
376;[<__main__.Word instance at 0x11dafbc20>];William;1_6;False;True;[['cookie']];cookie;cookie;1.0;0.0
377;[<__main__.Word instance at 0x11dafbcf8>];William;1_6;False;True;[['cookie']];cookie;cookie;1.0;0.0
378;[<__main__.Word instance at 0x11dafbef0>];William;1_6;False;True;[['cookie']];cookie;cookie;1.0;0.0
379;[<__main__.Word instance at 0x11dafbf80>];William;1_6;False;True;[['cookie']];cookie;cookie;1.0;0.0
380;[<__main__.Word instance at 0x11dafe0e0>];William;1_6;False;True;[['cookie']];cookie;cookie;1.0;0.0
381;"[<__main__.Word instance at 0x11dafe170>
 <__main__.Word instance at 0x11dafe368>]";William;1_6;False;True;[['cookie'], ['cookie']];cookiecookie;cookiecookie;0.5;0.69314718056
382;[<__main__.Word instance at 0x11dafe3f8>];William;1_6;False;True;[['cookie']];cookie;cookie;1.0;0.0
383;[<__main__.Word instance at 0x11dafe5f0>];William;1_6;False;True;[['cookie']];cookie;cookie;1.0;0.0
384;[<__main__.Word instance at 0x11dafe098>];William;1_6;False;True;[['no']];no;no;1.0;0.0
385;[<__main__.Word instance at 0x11dafe440>];William;1_6;False;True;[['cookie']];cookie;cookie;1.0;0.0
386;[<__main__.Word instance at 0x11dafe290>];William;1_6;False;True;[['uhoh']];uhoh;uhoh;1.0;0.0
387;[<__main__.Word instance at 0x11dafe9e0>];William;1_6;False;True;[['hi']];hi;hi;1.0;0.0
388;[<__main__.Word instance at 0x11dafed40>];William;1_6;False;True;[['hi']];hi;hi;1.0;0.0
389;[<__main__.Word instance at 0x11dafeea8>];William;1_6;False;True;[['Mama']];Mama;Mama;1.0;0.0
390;[<__main__.Word instance at 0x11dafe680>];William;1_6;False;True;[['byebye']];byebye;byebye;1.0;0.0
391;[<__main__.Word instance at 0x11db010e0>];William;1_6;False;True;[['doggie']];doggie;doggie;1.0;0.0
392;[<__main__.Word instance at 0x11db01248>];William;1_6;False;True;[['Mama']];Mama;Mama;1.0;0.0
393;[<__main__.Word instance at 0x11db013f8>];William;1_6;False;True;[['no']];no;no;1.0;0.0
394;[<__main__.Word instance at 0x11db015a8>];William;1_6;False;True;[['Mama']];Mama;Mama;1.0;0.0
395;[<__main__.Word instance at 0x11db017a0>];William;1_6;False;True;[['&']];&;&;1.0;0.0
396;[<__main__.Word instance at 0x11db01950>];William;1_6;False;True;[['no']];no;no;1.0;0.0
397;[<__main__.Word instance at 0x11db01a28>];William;1_6;False;True;[['doggie']];doggie;doggie;1.0;0.0
398;[<__main__.Word instance at 0x11db01b00>];William;1_6;False;True;[['cookie']];cookie;cookie;1.0;0.0
399;"[<__main__.Word instance at 0x11db01c20>
 <__main__.Word instance at 0x11db01b90>]";William;1_6;False;True;[['cookie'], ['see']];seecookie;seecookie;0.5;0.69314718056
400;[<__main__.Word instance at 0x11db01b48>];William;1_6;False;True;[['cookie']];cookie;cookie;1.0;0.0
401;"[<__main__.Word instance at 0x11db01ab8>
 <__main__.Word instance at 0x11db01ea8>]";William;1_6;False;True;[['see'], ['cookie']];seecookie;seecookie;0.5;0.69314718056
402;[<__main__.Word instance at 0x11db01f80>];William;1_6;False;True;[['cookie']];cookie;cookie;1.0;0.0
403;[<__main__.Word instance at 0x11db01fc8>];William;1_6;False;True;[['cookie']];cookie;cookie;1.0;0.0
404;[<__main__.Word instance at 0x11db01908>];William;1_6;False;True;[['donkey']];donkey;donkey;1.0;0.0
405;[<__main__.Word instance at 0x11db05248>];William;1_6;False;True;[['cookie']];cookie;cookie;1.0;0.0
406;[<__main__.Word instance at 0x11db052d8>];William;1_6;False;True;[['cookie']];cookie;cookie;1.0;0.0
407;[<__main__.Word instance at 0x11db05440>];William;1_6;False;True;[['cookie']];cookie;cookie;1.0;0.0
408;[<__main__.Word instance at 0x11db05560>];William;1_6;False;True;[['horsie']];horsie;horsie;1.0;0.0
409;[<__main__.Word instance at 0x11db05830>];William;1_6;False;True;[['horsie']];horsie;horsie;1.0;0.0
410;[<__main__.Word instance at 0x11db05758>];William;1_6;False;True;[['no']];no;no;1.0;0.0
411;[<__main__.Word instance at 0x11db05950>];William;1_6;False;True;[['no']];no;no;1.0;0.0
412;[<__main__.Word instance at 0x11db059e0>];William;1_6;False;True;[['button']];button;button;1.0;0.0
413;[<__main__.Word instance at 0x11db05c20>];William;1_6;False;True;[['no']];no;no;1.0;0.0
414;"[<__main__.Word instance at 0x11db05cf8>
 <__main__.Word instance at 0x11db05680>]";William;1_6;False;True;[['no'], ['clap']];clapno;clapno;0.5;0.69314718056
415;[<__main__.Word instance at 0x11db05c68>];William;1_6;False;True;[['tadah']];tadah;tadah;1.0;0.0
416;[<__main__.Word instance at 0x11db05b00>];William;1_6;False;True;[['tadah']];tadah;tadah;1.0;0.0
417;[<__main__.Word instance at 0x11db05ef0>];William;1_6;False;True;[['raisin']];raisin;raisin;1.0;0.0
418;"[<__main__.Word instance at 0x11db05f80>
 <__main__.Word instance at 0x11db08128>]";William;1_6;False;True;[['clap'], ['clap']];clapclap;clapclap;0.5;0.69314718056
419;[<__main__.Word instance at 0x11db084d0>];William;1_6;False;True;[['clap']];clap;clap;1.0;0.0
420;[<__main__.Word instance at 0x11db08560>];William;1_6;False;True;[['no']];no;no;1.0;0.0
421;[<__main__.Word instance at 0x11db08680>];William;1_6;False;True;[['no']];no;no;1.0;0.0
422;[<__main__.Word instance at 0x11db08320>];William;1_6;False;True;[['no']];no;no;1.0;0.0
423;[<__main__.Word instance at 0x11db088c0>];William;1_6;False;True;[['again']];again;again;1.0;0.0
424;[<__main__.Word instance at 0x11db089e0>];William;1_6;False;True;[['knee']];knee;knee;1.0;0.0
425;[<__main__.Word instance at 0x11db08ab8>];William;1_6;False;True;[['knee']];knee;knee;1.0;0.0
426;[<__main__.Word instance at 0x11db08a28>];William;1_6;False;True;[['toes']];toes;toes;1.0;0.0
427;"[<__main__.Word instance at 0x11db08bd8>
 <__main__.Word instance at 0x11db08710>]";William;1_6;False;True;[['up'], ['up']];upup;upup;0.5;0.69314718056
428;[<__main__.Word instance at 0x11db0b1b8>];William;1_6;False;True;[['up']];up;up;1.0;0.0
429;[<__main__.Word instance at 0x11db0b248>];William;1_6;False;True;[['no']];no;no;1.0;0.0
