num;utterance;child;age;skipped;reconstructed;bow;gold;prediction;chance;controlledscore
0;[<__main__.Word instance at 0x103deccf8>];Lily;1_6;False;True;[['&']];&;&;1.0;0.0
1;[<__main__.Word instance at 0x103df8998>];Lily;1_6;False;True;[['&']];&;&;1.0;0.0
2;[<__main__.Word instance at 0x103df8b00>];Lily;1_6;False;True;[['&muah']];&muah;&muah;1.0;0.0
3;[<__main__.Word instance at 0x111154098>];Lily;1_6;False;True;[['&']];&;&;1.0;0.0
4;[<__main__.Word instance at 0x111154248>];Lily;1_6;False;True;[['dirty']];dirty;dirty;1.0;0.0
5;[<__main__.Word instance at 0x1111543f8>];Lily;1_6;False;True;[['dirty']];dirty;dirty;1.0;0.0
6;[<__main__.Word instance at 0x111154680>];Lily;1_6;False;True;[['dirty']];dirty;dirty;1.0;0.0
7;[<__main__.Word instance at 0x1111547e8>];Lily;1_6;False;True;[['daddy']];daddy;daddy;1.0;0.0
8;[<__main__.Word instance at 0x111154950>];Lily;1_6;False;True;[['daddy']];daddy;daddy;1.0;0.0
9;[<__main__.Word instance at 0x111154ab8>];Lily;1_6;False;True;[['daddy']];daddy;daddy;1.0;0.0
10;[<__main__.Word instance at 0x111154c68>];Lily;1_6;False;True;[['daddy']];daddy;daddy;1.0;0.0
11;[<__main__.Word instance at 0x111154e18>];Lily;1_6;False;True;[['mommy']];mommy;mommy;1.0;0.0
12;[<__main__.Word instance at 0x111154f80>];Lily;1_6;False;True;[['daddy']];daddy;daddy;1.0;0.0
13;[<__main__.Word instance at 0x111154fc8>];Lily;1_6;False;True;[['daddy']];daddy;daddy;1.0;0.0
14;[<__main__.Word instance at 0x103f91a70>];Lily;1_6;False;True;[['daddy']];daddy;daddy;1.0;0.0
15;[<__main__.Word instance at 0x103f91cf8>];Lily;1_6;False;True;[['mommy']];mommy;mommy;1.0;0.0
16;[<__main__.Word instance at 0x103f91908>];Lily;1_6;False;True;[['daddy']];daddy;daddy;1.0;0.0
17;[<__main__.Word instance at 0x103f914d0>];Lily;1_6;False;True;[['daddy']];daddy;daddy;1.0;0.0
18;[<__main__.Word instance at 0x103f91488>];Lily;1_6;False;True;[['mommy']];mommy;mommy;1.0;0.0
19;[<__main__.Word instance at 0x103f915a8>];Lily;1_6;False;True;[['daddy']];daddy;daddy;1.0;0.0
20;[<__main__.Word instance at 0x103dfac68>];Lily;1_6;False;True;[['daddy']];daddy;daddy;1.0;0.0
21;[<__main__.Word instance at 0x103dfac20>];Lily;1_6;False;True;[['daddy']];daddy;daddy;1.0;0.0
22;[<__main__.Word instance at 0x11115a098>];Lily;1_6;False;True;[['daddy']];daddy;daddy;1.0;0.0
23;[<__main__.Word instance at 0x11115a248>];Lily;1_6;False;True;[['daddy']];daddy;daddy;1.0;0.0
24;[<__main__.Word instance at 0x11115a320>];Lily;1_6;False;True;[['dirty']];dirty;dirty;1.0;0.0
25;[<__main__.Word instance at 0x11115a290>];Lily;1_6;False;True;[['&']];&;&;1.0;0.0
26;[<__main__.Word instance at 0x11115a5a8>];Lily;1_6;False;True;[['&muah']];&muah;&muah;1.0;0.0
27;[<__main__.Word instance at 0x11115a680>];Lily;1_6;False;True;[['duckie']];duckie;duckie;1.0;0.0
28;[<__main__.Word instance at 0x11115a5f0>];Lily;1_6;False;True;[['no']];no;no;1.0;0.0
29;[<__main__.Word instance at 0x11115a488>];Lily;1_6;False;True;[['&']];&;&;1.0;0.0
30;[<__main__.Word instance at 0x11115a7a0>];Lily;1_6;False;True;[['blah']];blah;blah;1.0;0.0
31;[<__main__.Word instance at 0x11115a6c8>];Lily;1_6;False;True;[['mommy']];mommy;mommy;1.0;0.0
32;[<__main__.Word instance at 0x11115a710>];Lily;1_6;False;True;[['daddy']];daddy;daddy;1.0;0.0
33;[<__main__.Word instance at 0x11115ab00>];Lily;1_6;False;True;[['daddy']];daddy;daddy;1.0;0.0
34;[<__main__.Word instance at 0x11115ac20>];Lily;1_6;False;True;[['daddy']];daddy;daddy;1.0;0.0
35;[<__main__.Word instance at 0x11115a878>];Lily;1_6;False;True;[['woofy']];woofy;woofy;1.0;0.0
36;[<__main__.Word instance at 0x11115a950>];Lily;1_6;False;True;[['woofy']];woofy;woofy;1.0;0.0
37;[<__main__.Word instance at 0x11115acb0>];Lily;1_6;False;True;[['woof']];woof;woof;1.0;0.0
38;[<__main__.Word instance at 0x11115ae60>];Lily;1_6;False;True;[['blah']];blah;blah;1.0;0.0
39;[<__main__.Word instance at 0x11115d0e0>];Lily;1_6;False;True;[['blah']];blah;blah;1.0;0.0
40;[<__main__.Word instance at 0x11115d2d8>];Lily;1_6;False;True;[['dirty']];dirty;dirty;1.0;0.0
41;"[<__main__.Word instance at 0x11115d560>
 <__main__.Word instance at 0x11115d5f0>]";Lily;1_6;False;True;[['Pooh', 'Bear']];PoohBear;PoohBear;1.0;0.0
42;[<__main__.Word instance at 0x11115d7a0>];Lily;1_6;False;True;[['blah']];blah;blah;1.0;0.0
43;[<__main__.Word instance at 0x11115d878>];Lily;1_6;False;True;[['dirty']];dirty;dirty;1.0;0.0
44;"[<__main__.Word instance at 0x11115d908>
 <__main__.Word instance at 0x11115d7e8>]";Lily;1_6;False;True;[['Pooh', 'Bear']];PoohBear;PoohBear;1.0;0.0
45;[<__main__.Word instance at 0x11115d5a8>];Lily;1_6;False;True;[['Poohbie']];Poohbie;Poohbie;1.0;0.0
46;[<__main__.Word instance at 0x11115d3b0>];Lily;1_6;False;True;[['&']];&;&;1.0;0.0
47;[<__main__.Word instance at 0x11115d638>];Lily;1_6;False;True;[['dirty']];dirty;dirty;1.0;0.0
48;[<__main__.Word instance at 0x11115dc20>];Lily;1_6;False;True;[['hm']];hm;hm;1.0;0.0
49;[<__main__.Word instance at 0x11115da70>];Lily;1_6;False;True;[['dirty']];dirty;dirty;1.0;0.0
50;[<__main__.Word instance at 0x11115ddd0>];Lily;1_6;False;True;[['dirty']];dirty;dirty;1.0;0.0
51;[<__main__.Word instance at 0x11115db48>];Lily;1_6;False;True;[['hm']];hm;hm;1.0;0.0
52;[<__main__.Word instance at 0x111161128>];Lily;1_6;False;True;[['backpack']];backpack;backpack;1.0;0.0
53;[<__main__.Word instance at 0x111161290>];Lily;1_6;False;True;[['dirty']];dirty;dirty;1.0;0.0
54;[<__main__.Word instance at 0x111161488>];Lily;1_6;False;True;[['daddy']];daddy;daddy;1.0;0.0
55;[<__main__.Word instance at 0x1111615f0>];Lily;1_6;False;True;[['mommy']];mommy;mommy;1.0;0.0
56;[<__main__.Word instance at 0x1111617e8>];Lily;1_6;False;True;[['daddy']];daddy;daddy;1.0;0.0
57;[<__main__.Word instance at 0x111161878>];Lily;1_6;False;True;[['daddy']];daddy;daddy;1.0;0.0
58;[<__main__.Word instance at 0x111161908>];Lily;1_6;False;True;[['puppy']];puppy;puppy;1.0;0.0
59;[<__main__.Word instance at 0x1111615a8>];Lily;1_6;False;True;[['doggy']];doggy;doggy;1.0;0.0
60;[<__main__.Word instance at 0x111161ab8>];Lily;1_6;False;True;[['puppy']];puppy;puppy;1.0;0.0
61;[<__main__.Word instance at 0x111161b90>];Lily;1_6;False;True;[['ah']];ah;ah;1.0;0.0
62;[<__main__.Word instance at 0x111161c68>];Lily;1_6;False;True;[['&']];&;&;1.0;0.0
63;"[<__main__.Word instance at 0x111161d88>
 <__main__.Word instance at 0x111161fc8>]";Lily;1_6;False;False;[['bumble'], ['bee']];bumblebee;beebumble;0.5;-0.69314718056
64;[<__main__.Word instance at 0x1111640e0>];Lily;1_6;False;True;[['ah']];ah;ah;1.0;0.0
65;[<__main__.Word instance at 0x1111643b0>];Lily;1_6;False;True;[['puppy']];puppy;puppy;1.0;0.0
66;[<__main__.Word instance at 0x111164098>];Lily;1_6;False;True;[['puppy']];puppy;puppy;1.0;0.0
67;[<__main__.Word instance at 0x1111642d8>];Lily;1_6;False;True;[['woof']];woof;woof;1.0;0.0
68;[<__main__.Word instance at 0x111164200>];Lily;1_6;False;True;[['moon']];moon;moon;1.0;0.0
69;"[<__main__.Word instance at 0x1111646c8>
 <__main__.Word instance at 0x111164878>]";Lily;1_6;False;True;[['helicopter'], ['a']];ahelicopter;ahelicopter;0.5;0.69314718056
70;[<__main__.Word instance at 0x111164950>];Lily;1_6;False;True;[['dirty']];dirty;dirty;1.0;0.0
71;[<__main__.Word instance at 0x1111649e0>];Lily;1_6;False;True;[['bleh']];bleh;bleh;1.0;0.0
72;[<__main__.Word instance at 0x111164b00>];Lily;1_6;False;True;[['bleh']];bleh;bleh;1.0;0.0
73;[<__main__.Word instance at 0x111164bd8>];Lily;1_6;False;True;[['hm']];hm;hm;1.0;0.0
74;[<__main__.Word instance at 0x111164b48>];Lily;1_6;False;True;[['&']];&;&;1.0;0.0
75;[<__main__.Word instance at 0x111164c20>];Lily;1_6;False;True;[['&']];&;&;1.0;0.0
76;[<__main__.Word instance at 0x111164cf8>];Lily;1_6;False;True;[['puppy']];puppy;puppy;1.0;0.0
77;[<__main__.Word instance at 0x111164dd0>];Lily;1_6;False;True;[['gaudy']];gaudy;gaudy;1.0;0.0
78;[<__main__.Word instance at 0x111164f80>];Lily;1_6;False;True;[['daddy']];daddy;daddy;1.0;0.0
79;[<__main__.Word instance at 0x111164560>];Lily;1_6;False;True;[['gaudy']];gaudy;gaudy;1.0;0.0
80;[<__main__.Word instance at 0x111167128>];Lily;1_6;False;True;[['gaudy']];gaudy;gaudy;1.0;0.0
81;[<__main__.Word instance at 0x111167098>];Lily;1_6;False;True;[['huh']];huh;huh;1.0;0.0
82;[<__main__.Word instance at 0x111167560>];Lily;1_6;False;True;[['daddy']];daddy;daddy;1.0;0.0
83;[<__main__.Word instance at 0x1111674d0>];Lily;1_6;False;True;[['daddy']];daddy;daddy;1.0;0.0
84;[<__main__.Word instance at 0x111167680>];Lily;1_6;False;True;[['moon']];moon;moon;1.0;0.0
85;[<__main__.Word instance at 0x111167638>];Lily;1_6;False;True;[['moon']];moon;moon;1.0;0.0
86;[<__main__.Word instance at 0x111167710>];Lily;1_6;False;True;[['dirty']];dirty;dirty;1.0;0.0
87;[<__main__.Word instance at 0x1111679e0>];Lily;1_6;False;True;[['dirty']];dirty;dirty;1.0;0.0
88;[<__main__.Word instance at 0x1111675a8>];Lily;1_6;False;True;[['dirty']];dirty;dirty;1.0;0.0
89;[<__main__.Word instance at 0x111167b90>];Lily;1_6;False;True;[['dirty']];dirty;dirty;1.0;0.0
90;[<__main__.Word instance at 0x111167cf8>];Lily;1_6;False;True;[['dirty']];dirty;dirty;1.0;0.0
91;[<__main__.Word instance at 0x1111677e8>];Lily;1_6;False;True;[['mm']];mm;mm;1.0;0.0
92;[<__main__.Word instance at 0x1111678c0>];Lily;1_6;False;True;[['mm']];mm;mm;1.0;0.0
93;[<__main__.Word instance at 0x111167ea8>];Lily;1_6;False;True;[['dede']];dede;dede;1.0;0.0
94;[<__main__.Word instance at 0x111167c68>];Lily;1_6;False;True;[['daddy']];daddy;daddy;1.0;0.0
95;[<__main__.Word instance at 0x11116b098>];Lily;1_6;False;True;[['dirty']];dirty;dirty;1.0;0.0
96;[<__main__.Word instance at 0x11116b3b0>];Lily;1_6;False;True;[['dirty']];dirty;dirty;1.0;0.0
97;[<__main__.Word instance at 0x11116b440>];Lily;1_6;False;True;[['puppy']];puppy;puppy;1.0;0.0
98;[<__main__.Word instance at 0x11116b4d0>];Lily;1_6;False;True;[['puppy']];puppy;puppy;1.0;0.0
99;[<__main__.Word instance at 0x11116b320>];Lily;1_6;False;True;[['dirty']];dirty;dirty;1.0;0.0
100;[<__main__.Word instance at 0x11116b950>];Lily;1_6;False;True;[['mama']];mama;mama;1.0;0.0
101;[<__main__.Word instance at 0x11116ba28>];Lily;1_6;False;True;[['puppy']];puppy;puppy;1.0;0.0
102;[<__main__.Word instance at 0x11116bbd8>];Lily;1_6;False;True;[['woof']];woof;woof;1.0;0.0
103;[<__main__.Word instance at 0x11116bef0>];Lily;1_6;False;True;[['puppy']];puppy;puppy;1.0;0.0
104;[<__main__.Word instance at 0x11116bc20>];Lily;1_6;False;True;[['dirty']];dirty;dirty;1.0;0.0
105;[<__main__.Word instance at 0x11116e0e0>];Lily;1_6;False;True;[['puppy']];puppy;puppy;1.0;0.0
106;[<__main__.Word instance at 0x11116e290>];Lily;1_6;False;True;[['puppy']];puppy;puppy;1.0;0.0
107;"[<__main__.Word instance at 0x11116e4d0>
 <__main__.Word instance at 0x11116e3b0>]";Lily;1_6;False;True;[['woof'], ['woof']];woofwoof;woofwoof;0.5;0.69314718056
108;[<__main__.Word instance at 0x11116e560>];Lily;1_6;False;True;[['moo']];moo;moo;1.0;0.0
109;"[<__main__.Word instance at 0x11116e950>
 <__main__.Word instance at 0x11116e7e8>
 <__main__.Word instance at 0x11116e878>]";Lily;1_6;False;True;[['ooh'], ['ooh'], ['ooh']];oohoohooh;oohoohooh;0.166666666667;1.79175946923
110;"[<__main__.Word instance at 0x11116ebd8>
 <__main__.Word instance at 0x11116eb48>]";Lily;1_6;False;True;[['bee'], ['bumble']];bumblebee;bumblebee;0.5;0.69314718056
111;[<__main__.Word instance at 0x11116e908>];Lily;1_6;False;True;[['&-um']];&-um;&-um;1.0;0.0
112;[<__main__.Word instance at 0x11116ea28>];Lily;1_6;False;True;[['baby']];baby;baby;1.0;0.0
113;[<__main__.Word instance at 0x11116e710>];Lily;1_6;False;True;[['baby']];baby;baby;1.0;0.0
114;[<__main__.Word instance at 0x11116ee18>];Lily;1_6;False;True;[['no']];no;no;1.0;0.0
115;[<__main__.Word instance at 0x11116eb00>];Lily;1_6;False;True;[['dirty']];dirty;dirty;1.0;0.0
116;[<__main__.Word instance at 0x111171098>];Lily;1_6;False;True;[['dirty']];dirty;dirty;1.0;0.0
117;[<__main__.Word instance at 0x1111710e0>];Lily;1_6;False;True;[['blah']];blah;blah;1.0;0.0
118;"[<__main__.Word instance at 0x111171290>
 <__main__.Word instance at 0x111171518>
 <__main__.Word instance at 0x111171488>]";Lily;1_6;False;True;[['ooh'], ['ooh'], ['ooh']];oohoohooh;oohoohooh;0.166666666667;1.79175946923
119;[<__main__.Word instance at 0x1111715a8>];Lily;1_6;False;True;[['bear']];bear;bear;1.0;0.0
120;[<__main__.Word instance at 0x1111711b8>];Lily;1_6;False;True;[['moon']];moon;moon;1.0;0.0
121;[<__main__.Word instance at 0x111171830>];Lily;1_6;False;True;[['baby']];baby;baby;1.0;0.0
122;[<__main__.Word instance at 0x1111715f0>];Lily;1_6;False;True;[['baby']];baby;baby;1.0;0.0
123;[<__main__.Word instance at 0x1111718c0>];Lily;1_6;False;True;[['baby']];baby;baby;1.0;0.0
124;[<__main__.Word instance at 0x111171b48>];Lily;1_6;False;True;[['daddy']];daddy;daddy;1.0;0.0
125;[<__main__.Word instance at 0x111171320>];Lily;1_6;False;True;[['baby']];baby;baby;1.0;0.0
126;[<__main__.Word instance at 0x111171ab8>];Lily;1_6;False;True;[['puppy']];puppy;puppy;1.0;0.0
127;"[<__main__.Word instance at 0x111171878>
 <__main__.Word instance at 0x111171fc8>]";Lily;1_6;False;True;[['woof'], ['woof']];woofwoof;woofwoof;0.5;0.69314718056
128;[<__main__.Word instance at 0x111171b90>];Lily;1_6;False;True;[['puppy']];puppy;puppy;1.0;0.0
129;[<__main__.Word instance at 0x111174098>];Lily;1_6;False;True;[['baby']];baby;baby;1.0;0.0
130;[<__main__.Word instance at 0x111174440>];Lily;1_6;False;True;[['daddy']];daddy;daddy;1.0;0.0
131;[<__main__.Word instance at 0x111174638>];Lily;1_6;False;True;[['puppy']];puppy;puppy;1.0;0.0
132;[<__main__.Word instance at 0x111174710>];Lily;1_6;False;True;[['puppy']];puppy;puppy;1.0;0.0
133;"[<__main__.Word instance at 0x1111747e8>
 <__main__.Word instance at 0x111174680>]";Lily;1_6;False;True;[['moon'], ['moon']];moonmoon;moonmoon;0.5;0.69314718056
134;[<__main__.Word instance at 0x111174758>];Lily;1_6;False;True;[['moon']];moon;moon;1.0;0.0
135;"[<__main__.Word instance at 0x111174830>
 <__main__.Word instance at 0x111174b00>]";Lily;1_6;False;True;[['baby'], ['baby']];babybaby;babybaby;0.5;0.69314718056
136;[<__main__.Word instance at 0x111174cf8>];Lily;1_6;False;True;[['dirty']];dirty;dirty;1.0;0.0
137;[<__main__.Word instance at 0x111174d88>];Lily;1_6;False;True;[['dirty']];dirty;dirty;1.0;0.0
138;[<__main__.Word instance at 0x111174f38>];Lily;1_6;False;True;[['dirty']];dirty;dirty;1.0;0.0
139;[<__main__.Word instance at 0x111174fc8>];Lily;1_6;False;True;[['dirty']];dirty;dirty;1.0;0.0
140;[<__main__.Word instance at 0x1111782d8>];Lily;1_6;False;True;[['&']];&;&;1.0;0.0
141;[<__main__.Word instance at 0x111178488>];Lily;1_6;False;True;[['puppy']];puppy;puppy;1.0;0.0
142;[<__main__.Word instance at 0x111178680>];Lily;1_6;False;True;[['dirty']];dirty;dirty;1.0;0.0
143;[<__main__.Word instance at 0x111178758>];Lily;1_6;False;True;[['dirty']];dirty;dirty;1.0;0.0
144;[<__main__.Word instance at 0x1111787e8>];Lily;1_6;False;True;[['dirty']];dirty;dirty;1.0;0.0
145;[<__main__.Word instance at 0x1111789e0>];Lily;1_6;False;True;[['whoa']];whoa;whoa;1.0;0.0
146;[<__main__.Word instance at 0x111178ab8>];Lily;1_6;False;True;[['mommy']];mommy;mommy;1.0;0.0
147;[<__main__.Word instance at 0x111178b90>];Lily;1_6;False;True;[['mommy']];mommy;mommy;1.0;0.0
148;[<__main__.Word instance at 0x111178878>];Lily;1_6;False;True;[['mommy']];mommy;mommy;1.0;0.0
149;[<__main__.Word instance at 0x111178dd0>];Lily;1_6;False;True;[['mommy']];mommy;mommy;1.0;0.0
150;[<__main__.Word instance at 0x111178e60>];Lily;1_6;False;True;[['puppy']];puppy;puppy;1.0;0.0
151;[<__main__.Word instance at 0x111178f80>];Lily;1_6;False;True;[['puppy']];puppy;puppy;1.0;0.0
152;[<__main__.Word instance at 0x111178c68>];Lily;1_6;False;True;[['puppy']];puppy;puppy;1.0;0.0
153;[<__main__.Word instance at 0x11117b170>];Lily;1_6;False;True;[['yeah']];yeah;yeah;1.0;0.0
154;[<__main__.Word instance at 0x11117b200>];Lily;1_6;False;True;[['whoa']];whoa;whoa;1.0;0.0
155;[<__main__.Word instance at 0x11117b4d0>];Lily;1_6;False;True;[['oh']];oh;oh;1.0;0.0
156;[<__main__.Word instance at 0x11117b680>];Lily;1_6;False;True;[['moon']];moon;moon;1.0;0.0
157;[<__main__.Word instance at 0x11117ba28>];Lily;1_6;False;True;[['moon']];moon;moon;1.0;0.0
158;[<__main__.Word instance at 0x11117b9e0>];Lily;1_6;False;True;[['mom']];mom;mom;1.0;0.0
159;[<__main__.Word instance at 0x11117bb48>];Lily;1_6;False;True;[['moon']];moon;moon;1.0;0.0
160;[<__main__.Word instance at 0x11117bc20>];Lily;1_6;False;True;[['&']];&;&;1.0;0.0
161;[<__main__.Word instance at 0x11117be18>];Lily;1_6;False;True;[['moon']];moon;moon;1.0;0.0
162;[<__main__.Word instance at 0x11117bef0>];Lily;1_6;False;True;[['moon']];moon;moon;1.0;0.0
163;[<__main__.Word instance at 0x11117bfc8>];Lily;1_6;False;True;[['moon']];moon;moon;1.0;0.0
164;[<__main__.Word instance at 0x11117bf38>];Lily;1_6;False;True;[['moon']];moon;moon;1.0;0.0
165;[<__main__.Word instance at 0x11117b710>];Lily;1_6;False;True;[['Po']];Po;Po;1.0;0.0
166;[<__main__.Word instance at 0x11117e290>];Lily;1_6;False;True;[['Po']];Po;Po;1.0;0.0
167;[<__main__.Word instance at 0x11117e368>];Lily;1_6;False;True;[['Po']];Po;Po;1.0;0.0
168;[<__main__.Word instance at 0x11117e2d8>];Lily;1_6;False;True;[['Mama']];Mama;Mama;1.0;0.0
169;[<__main__.Word instance at 0x11117e4d0>];Lily;1_6;False;True;[['Mama']];Mama;Mama;1.0;0.0
170;[<__main__.Word instance at 0x11117e248>];Lily;1_6;False;True;[['Mama']];Mama;Mama;1.0;0.0
171;[<__main__.Word instance at 0x11117e7a0>];Lily;1_6;False;True;[['Mama']];Mama;Mama;1.0;0.0
172;[<__main__.Word instance at 0x11117e518>];Lily;1_6;False;True;[['Floppy']];Floppy;Floppy;1.0;0.0
173;[<__main__.Word instance at 0x11117eb00>];Lily;1_6;False;True;[['Floppy']];Floppy;Floppy;1.0;0.0
174;[<__main__.Word instance at 0x11117eb90>];Lily;1_6;False;True;[['duck']];duck;duck;1.0;0.0
175;[<__main__.Word instance at 0x11117ee18>];Lily;1_6;False;True;[['Po']];Po;Po;1.0;0.0
176;"[<__main__.Word instance at 0x11117eea8>
 <__main__.Word instance at 0x11117ed40>]";Lily;1_6;False;True;[['Po'], ['Po']];PoPo;PoPo;0.5;0.69314718056
177;[<__main__.Word instance at 0x11117ef80>];Lily;1_6;False;True;[['Po']];Po;Po;1.0;0.0
178;[<__main__.Word instance at 0x11117e638>];Lily;1_6;False;True;[['puppy']];puppy;puppy;1.0;0.0
179;[<__main__.Word instance at 0x1111811b8>];Lily;1_6;False;True;[['baby']];baby;baby;1.0;0.0
180;[<__main__.Word instance at 0x111181248>];Lily;1_6;False;True;[['baby']];baby;baby;1.0;0.0
181;[<__main__.Word instance at 0x111181680>];Lily;1_6;False;True;[['baby']];baby;baby;1.0;0.0
182;[<__main__.Word instance at 0x1111815f0>];Lily;1_6;False;True;[['baby']];baby;baby;1.0;0.0
183;[<__main__.Word instance at 0x111181758>];Lily;1_6;False;True;[['grr']];grr;grr;1.0;0.0
184;"[<__main__.Word instance at 0x1111814d0>
 <__main__.Word instance at 0x1111817e8>
 <__main__.Word instance at 0x111181908>
 <__main__.Word instance at 0x111181c20>
 <__main__.Word instance at 0x1111819e0>
 <__main__.Word instance at 0x111181cb0>
 <__main__.Word instance at 0x111181b00>
 <__main__.Word instance at 0x111181d88>
 <__main__.Word instance at 0x111181ab8>]";Lily;1_6;False;False;"[['tum'], [""I've"", 'got'], ['tummy'], ['tummy'], ['tummy'], ['tummy'], ['your'], ['tummy']]";I'vegotyourtummytummytummytummytummytum;yourtummytummytummytummytummytumI'vegot;2.48015873016e-05;-2.4801894866e-05
185;[<__main__.Word instance at 0x111181cf8>];Lily;1_6;False;True;[['puppy']];puppy;puppy;1.0;0.0
186;[<__main__.Word instance at 0x111181e60>];Lily;1_6;False;True;[['duck']];duck;duck;1.0;0.0
187;[<__main__.Word instance at 0x111184248>];Lily;1_6;False;True;[['puppy']];puppy;puppy;1.0;0.0
188;[<__main__.Word instance at 0x111184200>];Lily;1_6;False;True;[['puppy']];puppy;puppy;1.0;0.0
189;[<__main__.Word instance at 0x111184488>];Lily;1_6;False;True;[['baby']];baby;baby;1.0;0.0
190;[<__main__.Word instance at 0x111184560>];Lily;1_6;False;True;[['puppy']];puppy;puppy;1.0;0.0
191;[<__main__.Word instance at 0x1111840e0>];Lily;1_6;False;True;[['Po']];Po;Po;1.0;0.0
192;[<__main__.Word instance at 0x1111848c0>];Lily;1_6;False;True;[['Boo']];Boo;Boo;1.0;0.0
193;[<__main__.Word instance at 0x111184638>];Lily;1_6;False;True;[['dirty']];dirty;dirty;1.0;0.0
194;"[<__main__.Word instance at 0x1111849e0>
 <__main__.Word instance at 0x111184d40>]";Lily;1_6;False;True;[['Pooh', 'Bear']];PoohBear;PoohBear;1.0;0.0
195;[<__main__.Word instance at 0x111184ea8>];Lily;1_6;False;True;[['dirty']];dirty;dirty;1.0;0.0
196;[<__main__.Word instance at 0x111184f80>];Lily;1_6;False;True;[['dirty']];dirty;dirty;1.0;0.0
197;[<__main__.Word instance at 0x111184a70>];Lily;1_6;False;True;[['moon']];moon;moon;1.0;0.0
198;[<__main__.Word instance at 0x111188050>];Lily;1_6;False;True;[['moon']];moon;moon;1.0;0.0
199;[<__main__.Word instance at 0x111188200>];Lily;1_6;False;True;[['cow']];cow;cow;1.0;0.0
200;"[<__main__.Word instance at 0x111188128>
 <__main__.Word instance at 0x1111885a8>]";Lily;1_6;False;True;[['moo'], ['moo']];moomoo;moomoo;0.5;0.69314718056
201;[<__main__.Word instance at 0x1111887e8>];Lily;1_6;False;True;[['moo']];moo;moo;1.0;0.0
202;[<__main__.Word instance at 0x111188830>];Lily;1_6;False;True;[['Floppy']];Floppy;Floppy;1.0;0.0
203;[<__main__.Word instance at 0x1111888c0>];Lily;1_6;False;True;[['Floppy']];Floppy;Floppy;1.0;0.0
204;[<__main__.Word instance at 0x111188a70>];Lily;1_6;False;True;[['Floppy']];Floppy;Floppy;1.0;0.0
205;[<__main__.Word instance at 0x111188c20>];Lily;1_6;False;True;[['Floppy']];Floppy;Floppy;1.0;0.0
206;[<__main__.Word instance at 0x111188320>];Lily;1_6;False;True;[['Floppy']];Floppy;Floppy;1.0;0.0
207;"[<__main__.Word instance at 0x111188dd0>
 <__main__.Word instance at 0x111188b48>]";Lily;1_6;False;True;[['boo'], ['boo']];booboo;booboo;0.5;0.69314718056
208;[<__main__.Word instance at 0x11118b050>];Lily;1_6;False;True;[['boo']];boo;boo;1.0;0.0
209;[<__main__.Word instance at 0x11118b488>];Lily;1_6;False;True;[['boo']];boo;boo;1.0;0.0
210;[<__main__.Word instance at 0x11118b560>];Lily;1_6;False;True;[['puppy']];puppy;puppy;1.0;0.0
211;[<__main__.Word instance at 0x11118b830>];Lily;1_6;False;True;[['puppy']];puppy;puppy;1.0;0.0
212;[<__main__.Word instance at 0x11118ba28>];Lily;1_6;False;True;[['boo']];boo;boo;1.0;0.0
213;"[<__main__.Word instance at 0x11118bb00>
 <__main__.Word instance at 0x11118b5f0>]";Lily;1_6;False;True;[['boo'], ['boo']];booboo;booboo;0.5;0.69314718056
214;[<__main__.Word instance at 0x11118b170>];Lily;1_6;False;True;[['boo']];boo;boo;1.0;0.0
215;"[<__main__.Word instance at 0x11118bc20>
 <__main__.Word instance at 0x11118bef0>
 <__main__.Word instance at 0x11118bdd0>
 <__main__.Word instance at 0x11118bf38>]";Lily;1_6;False;True;[['boo'], ['boo'], ['boo'], ['boo']];booboobooboo;booboobooboo;0.0416666666667;3.17805383035
216;[<__main__.Word instance at 0x11118ba70>];Lily;1_6;False;True;[['Elmo']];Elmo;Elmo;1.0;0.0
217;[<__main__.Word instance at 0x11118f1b8>];Lily;1_6;False;True;[['Elmo']];Elmo;Elmo;1.0;0.0
218;[<__main__.Word instance at 0x11118f248>];Lily;1_6;False;True;[['Elmo']];Elmo;Elmo;1.0;0.0
219;[<__main__.Word instance at 0x11118f518>];Lily;1_6;False;True;[['Elmo']];Elmo;Elmo;1.0;0.0
220;[<__main__.Word instance at 0x11118f680>];Lily;1_6;False;True;[['boom']];boom;boom;1.0;0.0
221;[<__main__.Word instance at 0x11118f830>];Lily;1_6;False;True;[['&']];&;&;1.0;0.0
222;[<__main__.Word instance at 0x11118f9e0>];Lily;1_6;False;True;[['blah']];blah;blah;1.0;0.0
223;[<__main__.Word instance at 0x11118fc68>];Lily;1_6;False;True;[['puppy']];puppy;puppy;1.0;0.0
224;[<__main__.Word instance at 0x11118fd88>];Lily;1_6;False;True;[['woof']];woof;woof;1.0;0.0
225;[<__main__.Word instance at 0x11118fe18>];Lily;1_6;False;True;[['boom']];boom;boom;1.0;0.0
226;[<__main__.Word instance at 0x11118fea8>];Lily;1_6;False;True;[['boom']];boom;boom;1.0;0.0
227;[<__main__.Word instance at 0x11118fbd8>];Lily;1_6;False;True;[['baby']];baby;baby;1.0;0.0
228;[<__main__.Word instance at 0x11118f998>];Lily;1_6;False;True;[['daddy']];daddy;daddy;1.0;0.0
229;[<__main__.Word instance at 0x111192290>];Lily;1_6;False;True;[['daddy']];daddy;daddy;1.0;0.0
230;"[<__main__.Word instance at 0x111192368>
 <__main__.Word instance at 0x1111923f8>]";Lily;1_6;False;False;"[[""that's""], ['mommy']]";that'smommy;mommythat's;0.5;-0.69314718056
231;[<__main__.Word instance at 0x111192518>];Lily;1_6;False;True;[['oh']];oh;oh;1.0;0.0
232;[<__main__.Word instance at 0x111192560>];Lily;1_6;False;True;[['oh']];oh;oh;1.0;0.0
233;[<__main__.Word instance at 0x111192878>];Lily;1_6;False;True;[['oh']];oh;oh;1.0;0.0
234;[<__main__.Word instance at 0x1111927e8>];Lily;1_6;False;True;[['whoa']];whoa;whoa;1.0;0.0
235;[<__main__.Word instance at 0x111192ab8>];Lily;1_6;False;True;[['whoa']];whoa;whoa;1.0;0.0
236;[<__main__.Word instance at 0x111192c68>];Lily;1_6;False;True;[['whoa']];whoa;whoa;1.0;0.0
237;[<__main__.Word instance at 0x111192b90>];Lily;1_6;False;True;[['oh']];oh;oh;1.0;0.0
238;[<__main__.Word instance at 0x111192098>];Lily;1_6;False;True;[['baby']];baby;baby;1.0;0.0
239;[<__main__.Word instance at 0x111192fc8>];Lily;1_6;False;True;[['baby']];baby;baby;1.0;0.0
240;[<__main__.Word instance at 0x111198248>];Lily;1_6;False;True;[['baby']];baby;baby;1.0;0.0
241;[<__main__.Word instance at 0x111198440>];Lily;1_6;False;True;[['yes']];yes;yes;1.0;0.0
242;[<__main__.Word instance at 0x1111984d0>];Lily;1_6;False;True;[['yes']];yes;yes;1.0;0.0
243;[<__main__.Word instance at 0x1111986c8>];Lily;1_6;False;True;[['yes']];yes;yes;1.0;0.0
244;[<__main__.Word instance at 0x1111987a0>];Lily;1_6;False;True;[['daddy']];daddy;daddy;1.0;0.0
245;[<__main__.Word instance at 0x111198878>];Lily;1_6;False;True;[['baby']];baby;baby;1.0;0.0
246;[<__main__.Word instance at 0x111198908>];Lily;1_6;False;True;[['baby']];baby;baby;1.0;0.0
247;[<__main__.Word instance at 0x111198ab8>];Lily;1_6;False;True;[['baby']];baby;baby;1.0;0.0
248;[<__main__.Word instance at 0x111198c68>];Lily;1_6;False;True;[['baby']];baby;baby;1.0;0.0
249;[<__main__.Word instance at 0x111198e60>];Lily;1_6;False;True;[['baby']];baby;baby;1.0;0.0
250;[<__main__.Word instance at 0x111198f38>];Lily;1_6;False;True;[['Floppy']];Floppy;Floppy;1.0;0.0
251;[<__main__.Word instance at 0x111198fc8>];Lily;1_6;False;True;[['dada']];dada;dada;1.0;0.0
252;[<__main__.Word instance at 0x111195128>];Lily;1_6;False;True;[['daddy']];daddy;daddy;1.0;0.0
253;[<__main__.Word instance at 0x111195200>];Lily;1_6;False;True;[['dada']];dada;dada;1.0;0.0
254;[<__main__.Word instance at 0x1111953b0>];Lily;1_6;False;True;[['blah']];blah;blah;1.0;0.0
255;[<__main__.Word instance at 0x111195290>];Lily;1_6;False;True;[['daddy']];daddy;daddy;1.0;0.0
256;[<__main__.Word instance at 0x111195440>];Lily;1_6;False;True;[['dada']];dada;dada;1.0;0.0
257;[<__main__.Word instance at 0x111195638>];Lily;1_6;False;True;[['dada']];dada;dada;1.0;0.0
258;[<__main__.Word instance at 0x111195830>];Lily;1_6;False;True;[['daddy']];daddy;daddy;1.0;0.0
259;[<__main__.Word instance at 0x1111959e0>];Lily;1_6;False;True;[['grr']];grr;grr;1.0;0.0
260;"[<__main__.Word instance at 0x111195ef0>
 <__main__.Word instance at 0x111195ea8>]";Lily;1_6;False;False;"[[""it's""], ['stuck']]";it'sstuck;stuckit's;0.5;-0.69314718056
261;"[<__main__.Word instance at 0x111195b48>
 <__main__.Word instance at 0x111195c68>]";Lily;1_6;False;False;"[[""it's""], ['stuck']]";it'sstuck;stuckit's;0.5;-0.69314718056
262;[<__main__.Word instance at 0x11119c170>];Lily;1_6;False;True;[['duck']];duck;duck;1.0;0.0
263;[<__main__.Word instance at 0x11119c320>];Lily;1_6;False;True;[['boo']];boo;boo;1.0;0.0
264;"[<__main__.Word instance at 0x11119c638>
 <__main__.Word instance at 0x11119c560>
 <__main__.Word instance at 0x11119c710>
 <__main__.Word instance at 0x11119c7e8>]";Lily;1_6;False;True;[['boo'], ['boo'], ['boo'], ['boo']];booboobooboo;booboobooboo;0.0416666666667;3.17805383035
265;[<__main__.Word instance at 0x11119c8c0>];Lily;1_6;False;True;[['Po']];Po;Po;1.0;0.0
266;"[<__main__.Word instance at 0x11119c998>
 <__main__.Word instance at 0x11119c680>]";Lily;1_6;False;True;[['Po'], ['Po']];PoPo;PoPo;0.5;0.69314718056
267;[<__main__.Word instance at 0x11119c908>];Lily;1_6;False;True;[['Po']];Po;Po;1.0;0.0
268;"[<__main__.Word instance at 0x11119cb48>
 <__main__.Word instance at 0x11119ccf8>]";Lily;1_6;False;False;[['moon'], ['a']];amoon;moona;0.5;-0.69314718056
269;"[<__main__.Word instance at 0x11119cd40>
 <__main__.Word instance at 0x11119c830>
 <__main__.Word instance at 0x11119ce60>]";Lily;1_6;False;False;[['Mama'], ['moon'], ['a']];amoonMama;moonaMama;0.166666666667;-0.182321556794
270;[<__main__.Word instance at 0x11119cf38>];Lily;1_6;False;True;[['moo']];moo;moo;1.0;0.0
271;[<__main__.Word instance at 0x11119cfc8>];Lily;1_6;False;True;[['moon']];moon;moon;1.0;0.0
272;"[<__main__.Word instance at 0x11119f1b8>
 <__main__.Word instance at 0x11119f0e0>
 <__main__.Word instance at 0x11119f518>
 <__main__.Word instance at 0x11119f488>]";Lily;1_6;False;False;[['a'], ['moon'], ['a'], ['moon']];amoonamoon;moonmoonaa;0.0416666666667;-0.0425596144188
273;[<__main__.Word instance at 0x11119f5a8>];Lily;1_6;False;True;[['bye']];bye;bye;1.0;0.0
