num;utterance;child;age;skipped;reconstructed;bow;gold;prediction;chance;controlledscore
0;"[<__main__.Word instance at 0x1137138c0>
 <__main__.Word instance at 0x113713950>]";Naima;1_0;False;True;[['Daddy'], ['Daddy']];DaddyDaddy;DaddyDaddy;0.5;0.69314718056
1;[<__main__.Word instance at 0x113713b90>];Naima;1_0;False;True;[['Daddy']];Daddy;Daddy;1.0;0.0
2;[<__main__.Word instance at 0x113713dd0>];Naima;1_0;False;True;[['Daddy']];Daddy;Daddy;1.0;0.0
3;[<__main__.Word instance at 0x1067fb560>];Naima;1_0;False;True;[['Daddy']];Daddy;Daddy;1.0;0.0
4;[<__main__.Word instance at 0x1067fb7a0>];Naima;1_0;False;True;[['Tigger']];Tigger;Tigger;1.0;0.0
5;[<__main__.Word instance at 0x1067fba28>];Naima;1_0;False;True;[['Daddy']];Daddy;Daddy;1.0;0.0
6;[<__main__.Word instance at 0x1067fb8c0>];Naima;1_0;False;True;[['down']];down;down;1.0;0.0
7;[<__main__.Word instance at 0x106664a28>];Naima;1_0;False;True;[['yeah']];yeah;yeah;1.0;0.0
8;[<__main__.Word instance at 0x106664bd8>];Naima;1_0;False;True;[['there']];there;there;1.0;0.0
9;[<__main__.Word instance at 0x113719170>];Naima;1_0;False;True;[['hello']];hello;hello;1.0;0.0
10;[<__main__.Word instance at 0x1137193b0>];Naima;1_0;False;True;[['Daddy']];Daddy;Daddy;1.0;0.0
11;[<__main__.Word instance at 0x1137195f0>];Naima;1_0;False;True;[['Daddy']];Daddy;Daddy;1.0;0.0
12;[<__main__.Word instance at 0x113719950>];Naima;1_0;False;True;[['Daddy']];Daddy;Daddy;1.0;0.0
13;[<__main__.Word instance at 0x113719b48>];Naima;1_0;False;True;[['Daddy']];Daddy;Daddy;1.0;0.0
14;[<__main__.Word instance at 0x113719d40>];Naima;1_0;False;True;[['Daddy']];Daddy;Daddy;1.0;0.0
15;[<__main__.Word instance at 0x113719f38>];Naima;1_0;False;True;[['Daddy']];Daddy;Daddy;1.0;0.0
16;[<__main__.Word instance at 0x113719fc8>];Naima;1_0;False;True;[['Daddy']];Daddy;Daddy;1.0;0.0
17;[<__main__.Word instance at 0x1066625a8>];Naima;1_0;False;True;[['Daddy']];Daddy;Daddy;1.0;0.0
18;[<__main__.Word instance at 0x106662368>];Naima;1_0;False;True;[['Daddy']];Daddy;Daddy;1.0;0.0
19;[<__main__.Word instance at 0x106662b48>];Naima;1_0;False;True;[['Daddy']];Daddy;Daddy;1.0;0.0
20;"[<__main__.Word instance at 0x11371d2d8>
 <__main__.Word instance at 0x11371d200>
 <__main__.Word instance at 0x11371d440>]";Naima;1_0;False;True;[['Daddy'], ['Daddy'], ['Daddy']];DaddyDaddyDaddy;DaddyDaddyDaddy;0.166666666667;1.79175946923
21;"[<__main__.Word instance at 0x11371d368>
 <__main__.Word instance at 0x11371d5a8>]";Naima;1_0;False;True;[['Daddy'], ['Daddy']];DaddyDaddy;DaddyDaddy;0.5;0.69314718056
22;[<__main__.Word instance at 0x11371d680>];Naima;1_0;True;NaN;NaN;moo;NaN;NaN;NaN
23;[<__main__.Word instance at 0x11371d758>];Naima;1_0;False;True;[['Daddy']];Daddy;Daddy;1.0;0.0
24;[<__main__.Word instance at 0x11371d830>];Naima;1_0;False;True;[['Daddy']];Daddy;Daddy;1.0;0.0
25;[<__main__.Word instance at 0x11371d908>];Naima;1_0;False;True;[['Daddy']];Daddy;Daddy;1.0;0.0
26;[<__main__.Word instance at 0x11371d8c0>];Naima;1_0;False;True;[['Daddy']];Daddy;Daddy;1.0;0.0
27;"[<__main__.Word instance at 0x11371da28>
 <__main__.Word instance at 0x11371dbd8>]";Naima;1_0;False;True;[['Daddy'], ['Daddy']];DaddyDaddy;DaddyDaddy;0.5;0.69314718056
28;"[<__main__.Word instance at 0x11371dcf8>
 <__main__.Word instance at 0x11371d9e0>]";Naima;1_0;False;True;[['Daddy'], ['Daddy']];DaddyDaddy;DaddyDaddy;0.5;0.69314718056
29;[<__main__.Word instance at 0x11371d950>];Naima;1_0;False;True;[['Daddy']];Daddy;Daddy;1.0;0.0
30;"[<__main__.Word instance at 0x11371d878>
 <__main__.Word instance at 0x11371df80>]";Naima;1_0;False;True;[['Daddy'], ['Daddy']];DaddyDaddy;DaddyDaddy;0.5;0.69314718056
31;[<__main__.Word instance at 0x11371def0>];Naima;1_0;False;True;[['Daddy']];Daddy;Daddy;1.0;0.0
32;"[<__main__.Word instance at 0x11371db00>
 <__main__.Word instance at 0x113720098>
 <__main__.Word instance at 0x113720170>
 <__main__.Word instance at 0x113720290>]";Naima;1_0;False;True;[['Daddy'], ['Daddy'], ['Daddy'], ['Daddy']];DaddyDaddyDaddyDaddy;DaddyDaddyDaddyDaddy;0.0416666666667;3.17805383035
33;[<__main__.Word instance at 0x113720368>];Naima;1_0;False;True;[['eat']];eat;eat;1.0;0.0
34;[<__main__.Word instance at 0x1137203f8>];Naima;1_0;False;True;[['mic']];mic;mic;1.0;0.0
35;[<__main__.Word instance at 0x1137204d0>];Naima;1_0;False;True;[['hm']];hm;hm;1.0;0.0
36;[<__main__.Word instance at 0x113720680>];Naima;1_0;False;True;[['down']];down;down;1.0;0.0
37;[<__main__.Word instance at 0x1137207a0>];Naima;1_0;False;True;[['eat']];eat;eat;1.0;0.0
38;[<__main__.Word instance at 0x1137206c8>];Naima;1_0;False;True;[['down']];down;down;1.0;0.0
39;[<__main__.Word instance at 0x1137205f0>];Naima;1_0;False;True;[['down']];down;down;1.0;0.0
40;[<__main__.Word instance at 0x113720950>];Naima;1_0;False;True;[['down']];down;down;1.0;0.0
41;[<__main__.Word instance at 0x113720440>];Naima;1_0;False;True;[['down']];down;down;1.0;0.0
42;[<__main__.Word instance at 0x113720638>];Naima;1_0;False;True;[['down']];down;down;1.0;0.0
43;[<__main__.Word instance at 0x113720bd8>];Naima;1_0;False;True;[['down']];down;down;1.0;0.0
44;[<__main__.Word instance at 0x113720d88>];Naima;1_0;False;True;[['down']];down;down;1.0;0.0
45;[<__main__.Word instance at 0x113720a70>];Naima;1_0;False;True;[['down']];down;down;1.0;0.0
46;[<__main__.Word instance at 0x113724170>];Naima;1_0;False;True;[['down']];down;down;1.0;0.0
47;"[<__main__.Word instance at 0x113724368>
 <__main__.Word instance at 0x113724200>
 <__main__.Word instance at 0x113724290>]";Naima;1_0;False;True;[['Daddy'], ['Daddy'], ['Daddy']];DaddyDaddyDaddy;DaddyDaddyDaddy;0.166666666667;1.79175946923
48;"[<__main__.Word instance at 0x1137245a8>
 <__main__.Word instance at 0x113724488>
 <__main__.Word instance at 0x113724680>
 <__main__.Word instance at 0x113724320>
 <__main__.Word instance at 0x113724758>]";Naima;1_0;False;True;[['Daddy'], ['Daddy'], ['Daddy'], ['Daddy'], ['Daddy']];DaddyDaddyDaddyDaddyDaddy;DaddyDaddyDaddyDaddyDaddy;0.00833333333333;4.78749174278
49;[<__main__.Word instance at 0x1137247e8>];Naima;1_0;False;True;[['Daddy']];Daddy;Daddy;1.0;0.0
50;[<__main__.Word instance at 0x113724908>];Naima;1_0;False;True;[['mm']];mm;mm;1.0;0.0
51;[<__main__.Word instance at 0x1137249e0>];Naima;1_0;False;True;[['Daddy']];Daddy;Daddy;1.0;0.0
52;"[<__main__.Word instance at 0x1137243b0>
 <__main__.Word instance at 0x113724dd0>
 <__main__.Word instance at 0x113724bd8>
 <__main__.Word instance at 0x113724e60>]";Naima;1_0;True;NaN;NaN;DaddyDaddyDaddyDad;NaN;NaN;NaN
53;"[<__main__.Word instance at 0x113724f38>
 <__main__.Word instance at 0x113724d40>]";Naima;1_0;False;True;[['Mama'], ['Daddy']];DaddyMama;DaddyMama;0.5;0.69314718056
54;[<__main__.Word instance at 0x113724ea8>];Naima;1_0;False;True;[['good']];good;good;1.0;0.0
55;[<__main__.Word instance at 0x113727098>];Naima;1_0;True;NaN;NaN;delicious;NaN;NaN;NaN
56;[<__main__.Word instance at 0x113727170>];Naima;1_0;False;True;[['mm']];mm;mm;1.0;0.0
57;[<__main__.Word instance at 0x113727518>];Naima;1_0;False;True;[['Daddy']];Daddy;Daddy;1.0;0.0
58;[<__main__.Word instance at 0x1137273f8>];Naima;1_0;False;True;[['Daddy']];Daddy;Daddy;1.0;0.0
59;[<__main__.Word instance at 0x113727758>];Naima;1_0;False;True;[['Daddy']];Daddy;Daddy;1.0;0.0
60;[<__main__.Word instance at 0x1137279e0>];Naima;1_0;False;True;[['Daddy']];Daddy;Daddy;1.0;0.0
61;[<__main__.Word instance at 0x113727b48>];Naima;1_0;False;True;[['Daddy']];Daddy;Daddy;1.0;0.0
62;[<__main__.Word instance at 0x113727680>];Naima;1_0;False;True;[['Mama']];Mama;Mama;1.0;0.0
63;"[<__main__.Word instance at 0x1137278c0>
 <__main__.Word instance at 0x113727ef0>
 <__main__.Word instance at 0x113727c68>
 <__main__.Word instance at 0x113727e60>
 <__main__.Word instance at 0x11372a050>]";Naima;1_0;False;True;[['Daddy'], ['Daddy'], ['Daddy'], ['Daddy'], ['Daddy']];DaddyDaddyDaddyDaddyDaddy;DaddyDaddyDaddyDaddyDaddy;0.00833333333333;4.78749174278
64;[<__main__.Word instance at 0x11372a200>];Naima;1_0;False;True;[['Daddy']];Daddy;Daddy;1.0;0.0
65;"[<__main__.Word instance at 0x11372a2d8>
 <__main__.Word instance at 0x11372a170>
 <__main__.Word instance at 0x11372a3b0>
 <__main__.Word instance at 0x11372a488>
 <__main__.Word instance at 0x11372a320>]";Naima;1_0;False;True;[['Daddy'], ['Daddy'], ['Daddy'], ['Daddy'], ['Daddy']];DaddyDaddyDaddyDaddyDaddy;DaddyDaddyDaddyDaddyDaddy;0.00833333333333;4.78749174278
66;"[<__main__.Word instance at 0x11372a3f8>
 <__main__.Word instance at 0x11372a5f0>
 <__main__.Word instance at 0x11372a4d0>
 <__main__.Word instance at 0x11372a7a0>
 <__main__.Word instance at 0x11372a6c8>]";Naima;1_0;False;True;[['Daddy'], ['Daddy'], ['Daddy'], ['Daddy'], ['Daddy']];DaddyDaddyDaddyDaddyDaddy;DaddyDaddyDaddyDaddyDaddy;0.00833333333333;4.78749174278
67;"[<__main__.Word instance at 0x11372a878>
 <__main__.Word instance at 0x11372ab00>
 <__main__.Word instance at 0x11372a9e0>
 <__main__.Word instance at 0x11372ab90>]";Naima;1_0;False;True;[['Daddy'], ['Daddy'], ['Daddy'], ['Daddy']];DaddyDaddyDaddyDaddy;DaddyDaddyDaddyDaddy;0.0416666666667;3.17805383035
68;"[<__main__.Word instance at 0x11372acb0>
 <__main__.Word instance at 0x11372a998>]";Naima;1_0;False;True;[['Daddy'], ['Daddy']];DaddyDaddy;DaddyDaddy;0.5;0.69314718056
69;"[<__main__.Word instance at 0x11372a758>
 <__main__.Word instance at 0x11372afc8>
 <__main__.Word instance at 0x11372af38>
 <__main__.Word instance at 0x11372d1b8>
 <__main__.Word instance at 0x11372d0e0>
 <__main__.Word instance at 0x11372d3b0>]";Naima;1_0;False;True;[['Daddy'], ['Daddy'], ['Daddy'], ['Daddy'], ['Daddy'], ['Daddy']];DaddyDaddyDaddyDaddyDaddyDaddy;DaddyDaddyDaddyDaddyDaddyDaddy;0.00138888888889;6.57925121201
70;"[<__main__.Word instance at 0x11372d488>
 <__main__.Word instance at 0x11372d170>
 <__main__.Word instance at 0x11372d518>
 <__main__.Word instance at 0x11372d3f8>]";Naima;1_0;False;True;[['Daddy'], ['Daddy'], ['Daddy'], ['Daddy']];DaddyDaddyDaddyDaddy;DaddyDaddyDaddyDaddy;0.0416666666667;3.17805383035
71;"[<__main__.Word instance at 0x11372d098>
 <__main__.Word instance at 0x11372db90>]";Naima;1_0;False;True;[['Daddy'], ['Daddy']];DaddyDaddy;DaddyDaddy;0.5;0.69314718056
72;"[<__main__.Word instance at 0x11372dbd8>
 <__main__.Word instance at 0x11372db00>
 <__main__.Word instance at 0x11372ddd0>
 <__main__.Word instance at 0x11372dc68>]";Naima;1_0;False;True;[['Daddy'], ['Daddy'], ['Daddy'], ['Daddy']];DaddyDaddyDaddyDaddy;DaddyDaddyDaddyDaddy;0.0416666666667;3.17805383035
73;[<__main__.Word instance at 0x11372d710>];Naima;1_0;False;True;[['Mama']];Mama;Mama;1.0;0.0
74;[<__main__.Word instance at 0x11372de18>];Naima;1_0;False;True;[['Daddy']];Daddy;Daddy;1.0;0.0
75;"[<__main__.Word instance at 0x11372dd40>
 <__main__.Word instance at 0x11372dd88>
 <__main__.Word instance at 0x113731170>
 <__main__.Word instance at 0x113731098>]";Naima;1_0;False;True;[['Daddy'], ['Daddy'], ['Daddy'], ['Daddy']];DaddyDaddyDaddyDaddy;DaddyDaddyDaddyDaddy;0.0416666666667;3.17805383035
76;[<__main__.Word instance at 0x1137312d8>];Naima;1_0;False;True;[['Mama']];Mama;Mama;1.0;0.0
77;"[<__main__.Word instance at 0x1137313b0>
 <__main__.Word instance at 0x113731560>
 <__main__.Word instance at 0x113731440>]";Naima;1_0;True;NaN;NaN;DadDaddyDad;NaN;NaN;NaN
78;"[<__main__.Word instance at 0x1137317e8>
 <__main__.Word instance at 0x113731a28>
 <__main__.Word instance at 0x113731ab8>]";Naima;1_0;False;False;[['Daddy'], ['Mama'], ['Mama']];MamaDaddyMama;DaddyMamaMama;0.166666666667;-0.182321556794
79;"[<__main__.Word instance at 0x113731b90>
 <__main__.Word instance at 0x113731908>
 <__main__.Word instance at 0x113731d88>
 <__main__.Word instance at 0x1137316c8>
 <__main__.Word instance at 0x113731f80>]";Naima;1_0;False;True;[['Daddy'], ['Daddy'], ['Daddy'], ['Daddy'], ['Daddy']];DaddyDaddyDaddyDaddyDaddy;DaddyDaddyDaddyDaddyDaddy;0.00833333333333;4.78749174278
80;[<__main__.Word instance at 0x113731fc8>];Naima;1_0;True;NaN;NaN;ducky;NaN;NaN;NaN
81;[<__main__.Word instance at 0x113731c20>];Naima;1_0;False;True;[['down']];down;down;1.0;0.0
82;[<__main__.Word instance at 0x113734200>];Naima;1_0;False;True;[['Daddy']];Daddy;Daddy;1.0;0.0
83;"[<__main__.Word instance at 0x113734170>
 <__main__.Word instance at 0x113734488>
 <__main__.Word instance at 0x1137342d8>
 <__main__.Word instance at 0x113734638>
 <__main__.Word instance at 0x113734518>]";Naima;1_0;False;True;[['Daddy'], ['Daddy'], ['Daddy'], ['Daddy'], ['Daddy']];DaddyDaddyDaddyDaddyDaddy;DaddyDaddyDaddyDaddyDaddy;0.00833333333333;4.78749174278
84;[<__main__.Word instance at 0x113734998>];Naima;1_0;False;True;[['Daddy']];Daddy;Daddy;1.0;0.0
85;[<__main__.Word instance at 0x113734cb0>];Naima;1_0;False;True;[['mm']];mm;mm;1.0;0.0
86;[<__main__.Word instance at 0x113734d88>];Naima;1_0;False;True;[['Daddy']];Daddy;Daddy;1.0;0.0
87;"[<__main__.Word instance at 0x113734e18>
 <__main__.Word instance at 0x113734cf8>
 <__main__.Word instance at 0x113734fc8>]";Naima;1_0;False;True;[['Daddy'], ['Daddy'], ['Daddy']];DaddyDaddyDaddy;DaddyDaddyDaddy;0.166666666667;1.79175946923
88;[<__main__.Word instance at 0x113734b00>];Naima;1_0;False;True;[['mm']];mm;mm;1.0;0.0
89;[<__main__.Word instance at 0x113737098>];Naima;1_0;False;True;[['mm']];mm;mm;1.0;0.0
90;[<__main__.Word instance at 0x113737248>];Naima;1_0;False;True;[['mm']];mm;mm;1.0;0.0
91;[<__main__.Word instance at 0x113737710>];Naima;1_0;False;True;[['mm']];mm;mm;1.0;0.0
92;"[<__main__.Word instance at 0x1137378c0>
 <__main__.Word instance at 0x1137373f8>
 <__main__.Word instance at 0x113737a28>]";Naima;1_0;False;True;[['ha'], ['ha'], ['ha']];hahaha;hahaha;0.166666666667;1.79175946923
93;[<__main__.Word instance at 0x113737bd8>];Naima;1_0;False;True;[['mm']];mm;mm;1.0;0.0
94;[<__main__.Word instance at 0x113737c68>];Naima;1_0;False;True;[['okay']];okay;okay;1.0;0.0
95;[<__main__.Word instance at 0x113737d40>];Naima;1_0;False;True;[['okay']];okay;okay;1.0;0.0
96;"[<__main__.Word instance at 0x113737f38>
 <__main__.Word instance at 0x113737dd0>]";Naima;1_0;False;True;[['Daddy'], ['Daddy']];DaddyDaddy;DaddyDaddy;0.5;0.69314718056
97;[<__main__.Word instance at 0x113737b90>];Naima;1_0;False;True;[['okay']];okay;okay;1.0;0.0
98;[<__main__.Word instance at 0x11373b290>];Naima;1_0;False;True;[['okay']];okay;okay;1.0;0.0
99;[<__main__.Word instance at 0x11373b368>];Naima;1_0;False;True;[['Daddy']];Daddy;Daddy;1.0;0.0
100;"[<__main__.Word instance at 0x11373b998>
 <__main__.Word instance at 0x11373b638>
 <__main__.Word instance at 0x11373bb48>]";Naima;1_0;False;True;[['Daddy'], ['Daddy'], ['Daddy']];DaddyDaddyDaddy;DaddyDaddyDaddy;0.166666666667;1.79175946923
101;[<__main__.Word instance at 0x11373bbd8>];Naima;1_0;False;True;[['down']];down;down;1.0;0.0
102;[<__main__.Word instance at 0x11373bcf8>];Naima;1_0;False;True;[['down']];down;down;1.0;0.0
103;[<__main__.Word instance at 0x11373bdd0>];Naima;1_0;False;True;[['down']];down;down;1.0;0.0
104;[<__main__.Word instance at 0x11373bd40>];Naima;1_0;False;True;[['down']];down;down;1.0;0.0
105;[<__main__.Word instance at 0x11373be18>];Naima;1_0;False;True;[['down']];down;down;1.0;0.0
106;[<__main__.Word instance at 0x11373bb00>];Naima;1_0;False;True;[['down']];down;down;1.0;0.0
107;[<__main__.Word instance at 0x11373b8c0>];Naima;1_0;False;True;[['down']];down;down;1.0;0.0
108;[<__main__.Word instance at 0x11373e128>];Naima;1_0;False;True;[['down']];down;down;1.0;0.0
109;[<__main__.Word instance at 0x11373e2d8>];Naima;1_0;False;True;[['down']];down;down;1.0;0.0
110;"[<__main__.Word instance at 0x11373e488>
 <__main__.Word instance at 0x11373e320>
 <__main__.Word instance at 0x11373e560>
 <__main__.Word instance at 0x11373e3f8>]";Naima;1_0;False;True;[['Daddy'], ['Daddy'], ['Daddy'], ['Daddy']];DaddyDaddyDaddyDaddy;DaddyDaddyDaddyDaddy;0.0416666666667;3.17805383035
111;[<__main__.Word instance at 0x11373e638>];Naima;1_0;False;True;[['Daddy']];Daddy;Daddy;1.0;0.0
112;[<__main__.Word instance at 0x11373e710>];Naima;1_0;False;True;[['down']];down;down;1.0;0.0
113;[<__main__.Word instance at 0x11373e908>];Naima;1_0;False;True;[['down']];down;down;1.0;0.0
114;[<__main__.Word instance at 0x11373eb00>];Naima;1_0;False;True;[['down']];down;down;1.0;0.0
115;[<__main__.Word instance at 0x11373ea28>];Naima;1_0;False;True;[['down']];down;down;1.0;0.0
116;[<__main__.Word instance at 0x11373ee18>];Naima;1_0;True;NaN;NaN;yawn;NaN;NaN;NaN
117;[<__main__.Word instance at 0x11373ecf8>];Naima;1_0;False;True;[['car']];car;car;1.0;0.0
118;[<__main__.Word instance at 0x113741050>];Naima;1_0;False;True;[['Daddy']];Daddy;Daddy;1.0;0.0
119;[<__main__.Word instance at 0x113741248>];Naima;1_0;False;True;[['Daddy']];Daddy;Daddy;1.0;0.0
120;[<__main__.Word instance at 0x113741128>];Naima;1_0;False;True;[['Daddy']];Daddy;Daddy;1.0;0.0
121;[<__main__.Word instance at 0x1137413b0>];Naima;1_0;False;True;[['Daddy']];Daddy;Daddy;1.0;0.0
122;[<__main__.Word instance at 0x1137417a0>];Naima;1_0;False;True;[['Daddy']];Daddy;Daddy;1.0;0.0
123;[<__main__.Word instance at 0x113741830>];Naima;1_0;False;True;[['Daddy']];Daddy;Daddy;1.0;0.0
124;[<__main__.Word instance at 0x113741a28>];Naima;1_0;False;True;[['Mama']];Mama;Mama;1.0;0.0
125;[<__main__.Word instance at 0x113741b00>];Naima;1_0;False;True;[['Mama']];Mama;Mama;1.0;0.0
126;[<__main__.Word instance at 0x113741b90>];Naima;1_0;False;True;[['Daddy']];Daddy;Daddy;1.0;0.0
127;[<__main__.Word instance at 0x113741d88>];Naima;1_0;False;True;[['Daddy']];Daddy;Daddy;1.0;0.0
128;[<__main__.Word instance at 0x113741e60>];Naima;1_0;True;NaN;NaN;tie;NaN;NaN;NaN
129;[<__main__.Word instance at 0x113741f38>];Naima;1_0;True;NaN;NaN;tie;NaN;NaN;NaN
130;[<__main__.Word instance at 0x113741ea8>];Naima;1_0;True;NaN;NaN;tie;NaN;NaN;NaN
131;[<__main__.Word instance at 0x113741d40>];Naima;1_0;True;NaN;NaN;tie;NaN;NaN;NaN
132;[<__main__.Word instance at 0x113748128>];Naima;1_0;False;True;[['Daddy']];Daddy;Daddy;1.0;0.0
133;[<__main__.Word instance at 0x113748200>];Naima;1_0;False;True;[['Daddy']];Daddy;Daddy;1.0;0.0
134;[<__main__.Word instance at 0x113748290>];Naima;1_0;False;True;[['Daddy']];Daddy;Daddy;1.0;0.0
135;"[<__main__.Word instance at 0x113748440>
 <__main__.Word instance at 0x113748710>]";Naima;1_0;False;True;[['baby'], ['baby']];babybaby;babybaby;0.5;0.69314718056
136;[<__main__.Word instance at 0x1137488c0>];Naima;1_0;False;True;[['baby']];baby;baby;1.0;0.0
137;[<__main__.Word instance at 0x113748a70>];Naima;1_0;False;True;[['mm']];mm;mm;1.0;0.0
138;[<__main__.Word instance at 0x113748c20>];Naima;1_0;False;True;[['baby']];baby;baby;1.0;0.0
139;[<__main__.Word instance at 0x113748dd0>];Naima;1_0;False;True;[['mm']];mm;mm;1.0;0.0
140;[<__main__.Word instance at 0x113748f80>];Naima;1_0;True;NaN;NaN;cat;NaN;NaN;NaN
141;[<__main__.Word instance at 0x113748d88>];Naima;1_0;True;NaN;NaN;kitty;NaN;NaN;NaN
142;[<__main__.Word instance at 0x113745050>];Naima;1_0;True;NaN;NaN;kitty;NaN;NaN;NaN
143;[<__main__.Word instance at 0x1137452d8>];Naima;1_0;True;NaN;NaN;kitty;NaN;NaN;NaN
144;[<__main__.Word instance at 0x113745368>];Naima;1_0;False;True;[['Mommy']];Mommy;Mommy;1.0;0.0
145;[<__main__.Word instance at 0x113745560>];Naima;1_0;False;True;[['Mama']];Mama;Mama;1.0;0.0
146;[<__main__.Word instance at 0x1137453f8>];Naima;1_0;False;True;[['Mama']];Mama;Mama;1.0;0.0
147;[<__main__.Word instance at 0x1137457a0>];Naima;1_0;False;True;[['Mama']];Mama;Mama;1.0;0.0
148;[<__main__.Word instance at 0x113745440>];Naima;1_0;False;True;[['Daddy']];Daddy;Daddy;1.0;0.0
149;[<__main__.Word instance at 0x113745ea8>];Naima;1_0;False;True;[['Daddy']];Daddy;Daddy;1.0;0.0
150;[<__main__.Word instance at 0x113745f80>];Naima;1_0;False;True;[['Daddy']];Daddy;Daddy;1.0;0.0
151;[<__main__.Word instance at 0x113745e18>];Naima;1_0;False;True;[['Mama']];Mama;Mama;1.0;0.0
152;[<__main__.Word instance at 0x11374b2d8>];Naima;1_0;False;True;[['Mama']];Mama;Mama;1.0;0.0
153;[<__main__.Word instance at 0x11374b368>];Naima;1_0;False;True;[['Mama']];Mama;Mama;1.0;0.0
154;[<__main__.Word instance at 0x11374b4d0>];Naima;1_0;False;True;[['banana']];banana;banana;1.0;0.0
155;"[<__main__.Word instance at 0x11374b680>
 <__main__.Word instance at 0x11374b560>]";Naima;1_0;False;True;[['Daddy'], ['Daddy']];DaddyDaddy;DaddyDaddy;0.5;0.69314718056
156;[<__main__.Word instance at 0x11374b710>];Naima;1_0;False;True;[['Mama']];Mama;Mama;1.0;0.0
157;[<__main__.Word instance at 0x11374b638>];Naima;1_0;False;True;[['Daddy']];Daddy;Daddy;1.0;0.0
158;[<__main__.Word instance at 0x11374bb48>];Naima;1_0;False;True;[['Daddy']];Daddy;Daddy;1.0;0.0
159;[<__main__.Word instance at 0x11374bbd8>];Naima;1_0;False;True;[['mm']];mm;mm;1.0;0.0
160;[<__main__.Word instance at 0x11374bdd0>];Naima;1_0;False;True;[['Daddy']];Daddy;Daddy;1.0;0.0
161;[<__main__.Word instance at 0x11374be18>];Naima;1_0;False;True;[['Mama']];Mama;Mama;1.0;0.0
162;[<__main__.Word instance at 0x11374bcb0>];Naima;1_0;False;True;[['Mama']];Mama;Mama;1.0;0.0
163;[<__main__.Word instance at 0x11374bf38>];Naima;1_0;False;True;[['down']];down;down;1.0;0.0
164;[<__main__.Word instance at 0x11374e290>];Naima;1_0;False;True;[['Mama']];Mama;Mama;1.0;0.0
165;[<__main__.Word instance at 0x11374e050>];Naima;1_0;True;NaN;NaN;Nina;NaN;NaN;NaN
166;[<__main__.Word instance at 0x11374e638>];Naima;1_0;False;True;[['bug']];bug;bug;1.0;0.0
167;[<__main__.Word instance at 0x11374e758>];Naima;1_0;False;True;[['Mama']];Mama;Mama;1.0;0.0
168;[<__main__.Word instance at 0x11374e7e8>];Naima;1_0;False;True;[['Mama']];Mama;Mama;1.0;0.0
169;[<__main__.Word instance at 0x11374eb48>];Naima;1_0;False;True;[['Mama']];Mama;Mama;1.0;0.0
170;"[<__main__.Word instance at 0x11374eb90>
 <__main__.Word instance at 0x11374e950>
 <__main__.Word instance at 0x11374ed88>
 <__main__.Word instance at 0x11374ec20>
 <__main__.Word instance at 0x11374ee18>
 <__main__.Word instance at 0x11374e9e0>
 <__main__.Word instance at 0x11374efc8>]";Naima;1_0;True;NaN;NaN;baabaabaabaabaabaabaa;NaN;NaN;NaN
171;[<__main__.Word instance at 0x11374ea70>];Naima;1_0;True;NaN;NaN;baa;NaN;NaN;NaN
172;[<__main__.Word instance at 0x113751200>];Naima;1_0;True;NaN;NaN;duckling;NaN;NaN;NaN
173;[<__main__.Word instance at 0x113751290>];Naima;1_0;True;NaN;NaN;cock_a_doodle_doo;NaN;NaN;NaN
174;[<__main__.Word instance at 0x113751488>];Naima;1_0;True;NaN;NaN;Nana;NaN;NaN;NaN
175;[<__main__.Word instance at 0x1137517e8>];Naima;1_0;True;NaN;NaN;Baba;NaN;NaN;NaN
176;[<__main__.Word instance at 0x113751908>];Naima;1_0;True;NaN;NaN;Baba;NaN;NaN;NaN
177;[<__main__.Word instance at 0x113751998>];Naima;1_0;False;True;[['nose']];nose;nose;1.0;0.0
178;[<__main__.Word instance at 0x113751b90>];Naima;1_0;True;NaN;NaN;bottle;NaN;NaN;NaN
179;[<__main__.Word instance at 0x113751c20>];Naima;1_0;False;True;[['down']];down;down;1.0;0.0
180;[<__main__.Word instance at 0x113751dd0>];Naima;1_0;False;True;[['down']];down;down;1.0;0.0
181;[<__main__.Word instance at 0x113751f80>];Naima;1_0;False;True;[['boy']];boy;boy;1.0;0.0
182;[<__main__.Word instance at 0x113751518>];Naima;1_0;True;NaN;NaN;wallet;NaN;NaN;NaN
183;"[<__main__.Word instance at 0x113754050>
 <__main__.Word instance at 0x113754248>]";Naima;1_0;True;NaN;NaN;walletwallet;NaN;NaN;NaN
184;[<__main__.Word instance at 0x1137542d8>];Naima;1_0;True;NaN;NaN;duckling;NaN;NaN;NaN
185;[<__main__.Word instance at 0x113754488>];Naima;1_0;True;NaN;NaN;balloon;NaN;NaN;NaN
186;[<__main__.Word instance at 0x113754638>];Naima;1_0;True;NaN;NaN;moon;NaN;NaN;NaN
187;[<__main__.Word instance at 0x113754b90>];Naima;1_0;False;True;[['comb']];comb;comb;1.0;0.0
188;[<__main__.Word instance at 0x113754b48>];Naima;1_0;False;True;[['comb']];comb;comb;1.0;0.0
189;[<__main__.Word instance at 0x113754c68>];Naima;1_0;True;NaN;NaN;mush;NaN;NaN;NaN
190;[<__main__.Word instance at 0x113754950>];Naima;1_0;False;True;[['Babaji']];Babaji;Babaji;1.0;0.0
191;[<__main__.Word instance at 0x113758248>];Naima;1_0;False;True;[['Babaji']];Babaji;Babaji;1.0;0.0
192;[<__main__.Word instance at 0x1137582d8>];Naima;1_0;True;NaN;NaN;duckling;NaN;NaN;NaN
193;[<__main__.Word instance at 0x1137583f8>];Naima;1_0;False;True;[['go']];go;go;1.0;0.0
194;[<__main__.Word instance at 0x1137585f0>];Naima;1_0;False;True;[['girl']];girl;girl;1.0;0.0
195;[<__main__.Word instance at 0x1137580e0>];Naima;1_0;False;True;[['block']];block;block;1.0;0.0
196;[<__main__.Word instance at 0x113758518>];Naima;1_0;False;True;[['down']];down;down;1.0;0.0
197;[<__main__.Word instance at 0x113758b00>];Naima;1_0;True;NaN;NaN;toe;NaN;NaN;NaN
198;[<__main__.Word instance at 0x113758a28>];Naima;1_0;False;True;[['girl']];girl;girl;1.0;0.0
199;[<__main__.Word instance at 0x113758ab8>];Naima;1_0;False;True;[['lego']];lego;lego;1.0;0.0
200;[<__main__.Word instance at 0x113758dd0>];Naima;1_0;False;True;[['store']];store;store;1.0;0.0
201;[<__main__.Word instance at 0x11375b0e0>];Naima;1_0;False;True;[['lego']];lego;lego;1.0;0.0
202;[<__main__.Word instance at 0x11375b2d8>];Naima;1_0;False;True;[['store']];store;store;1.0;0.0
203;[<__main__.Word instance at 0x11375b4d0>];Naima;1_0;False;True;[['milk']];milk;milk;1.0;0.0
204;[<__main__.Word instance at 0x11375b7a0>];Naima;1_0;False;True;[['milk']];milk;milk;1.0;0.0
205;[<__main__.Word instance at 0x11375b5a8>];Naima;1_0;False;True;[['milk']];milk;milk;1.0;0.0
206;[<__main__.Word instance at 0x11375b368>];Naima;1_0;False;True;[['nose']];nose;nose;1.0;0.0
207;"[<__main__.Word instance at 0x11375ba28>
 <__main__.Word instance at 0x11375bcb0>]";Naima;1_0;False;True;[['ooh'], ['ooh']];oohooh;oohooh;0.5;0.69314718056
208;[<__main__.Word instance at 0x11375bcf8>];Naima;1_0;True;NaN;NaN;&;NaN;NaN;NaN
209;[<__main__.Word instance at 0x11375bf38>];Naima;1_0;True;NaN;NaN;beeper;NaN;NaN;NaN
210;[<__main__.Word instance at 0x11375b9e0>];Naima;1_0;True;NaN;NaN;beep;NaN;NaN;NaN
211;[<__main__.Word instance at 0x11375b758>];Naima;1_0;True;NaN;NaN;beeper;NaN;NaN;NaN
212;[<__main__.Word instance at 0x11375bf80>];Naima;1_0;False;True;[['Babaji']];Babaji;Babaji;1.0;0.0
213;[<__main__.Word instance at 0x11375e050>];Naima;1_0;False;True;[['Babaji']];Babaji;Babaji;1.0;0.0
214;[<__main__.Word instance at 0x11375e2d8>];Naima;1_0;False;True;[['Babaji']];Babaji;Babaji;1.0;0.0
215;[<__main__.Word instance at 0x11375e518>];Naima;1_0;True;NaN;NaN;card;NaN;NaN;NaN
216;[<__main__.Word instance at 0x11375e6c8>];Naima;1_0;False;True;[['there']];there;there;1.0;0.0
217;[<__main__.Word instance at 0x11375e758>];Naima;1_0;False;True;[['Mama']];Mama;Mama;1.0;0.0
218;[<__main__.Word instance at 0x11375e878>];Naima;1_0;True;NaN;NaN;lid;NaN;NaN;NaN
219;[<__main__.Word instance at 0x11375e680>];Naima;1_0;True;NaN;NaN;lid;NaN;NaN;NaN
220;[<__main__.Word instance at 0x11375e7e8>];Naima;1_0;True;NaN;NaN;Ma;NaN;NaN;NaN
221;[<__main__.Word instance at 0x11375e488>];Naima;1_0;False;True;[['Mama']];Mama;Mama;1.0;0.0
222;[<__main__.Word instance at 0x11375ec20>];Naima;1_0;False;True;[['yogurt']];yogurt;yogurt;1.0;0.0
223;[<__main__.Word instance at 0x11375ecf8>];Naima;1_0;False;True;[['yogurt']];yogurt;yogurt;1.0;0.0
224;[<__main__.Word instance at 0x1137610e0>];Naima;1_0;False;True;[['Babaji']];Babaji;Babaji;1.0;0.0
225;[<__main__.Word instance at 0x113761488>];Naima;1_0;False;True;[['Babaji']];Babaji;Babaji;1.0;0.0
226;[<__main__.Word instance at 0x113761518>];Naima;1_0;True;NaN;NaN;backpack;NaN;NaN;NaN
227;[<__main__.Word instance at 0x1137616c8>];Naima;1_0;True;NaN;NaN;duckling;NaN;NaN;NaN
228;[<__main__.Word instance at 0x1137618c0>];Naima;1_0;False;True;[['more']];more;more;1.0;0.0
229;"[<__main__.Word instance at 0x113761950>
 <__main__.Word instance at 0x113761680>]";Naima;1_0;False;False;"[['Daddy'], [""where's""]]";where'sDaddy;Daddywhere's;0.5;-0.69314718056
230;[<__main__.Word instance at 0x1137619e0>];Naima;1_0;False;True;[['yogurt']];yogurt;yogurt;1.0;0.0
231;"[<__main__.Word instance at 0x113761a70>
 <__main__.Word instance at 0x113761d40>]";Naima;1_0;False;True;[['Mama'], ['Mama']];MamaMama;MamaMama;0.5;0.69314718056
232;[<__main__.Word instance at 0x113761dd0>];Naima;1_0;False;True;[['Mama']];Mama;Mama;1.0;0.0
233;"[<__main__.Word instance at 0x113761ea8>
 <__main__.Word instance at 0x113761b90>
 <__main__.Word instance at 0x113761f38>]";Naima;1_0;True;NaN;NaN;puffpuffpuff;NaN;NaN;NaN
234;"[<__main__.Word instance at 0x113764098>
 <__main__.Word instance at 0x1137642d8>
 <__main__.Word instance at 0x113764320>]";Naima;1_0;True;NaN;NaN;puffpuffpuff;NaN;NaN;NaN
235;"[<__main__.Word instance at 0x1137644d0>
 <__main__.Word instance at 0x1137643b0>
 <__main__.Word instance at 0x113764680>]";Naima;1_0;True;NaN;NaN;puffpuffpuff;NaN;NaN;NaN
236;[<__main__.Word instance at 0x113764830>];Naima;1_0;False;True;[['more']];more;more;1.0;0.0
237;"[<__main__.Word instance at 0x113764b48>
 <__main__.Word instance at 0x113764ab8>
 <__main__.Word instance at 0x113764bd8>]";Naima;1_0;True;NaN;NaN;puffpuffpuff;NaN;NaN;NaN
238;[<__main__.Word instance at 0x113764c68>];Naima;1_0;False;True;[['Daddy']];Daddy;Daddy;1.0;0.0
239;[<__main__.Word instance at 0x113764d88>];Naima;1_0;True;NaN;NaN;beeper;NaN;NaN;NaN
240;[<__main__.Word instance at 0x113764e60>];Naima;1_0;True;NaN;NaN;beeper;NaN;NaN;NaN
241;[<__main__.Word instance at 0x113764f38>];Naima;1_0;False;True;[['Daddy']];Daddy;Daddy;1.0;0.0
242;[<__main__.Word instance at 0x113764ea8>];Naima;1_0;False;True;[['Daddy']];Daddy;Daddy;1.0;0.0
243;[<__main__.Word instance at 0x113767050>];Naima;1_0;True;NaN;NaN;byebye;NaN;NaN;NaN
244;[<__main__.Word instance at 0x113767320>];Naima;1_0;False;True;[['bird']];bird;bird;1.0;0.0
245;[<__main__.Word instance at 0x1137673b0>];Naima;1_0;False;True;[['yeah']];yeah;yeah;1.0;0.0
246;[<__main__.Word instance at 0x1137677e8>];Naima;1_0;True;NaN;NaN;paper;NaN;NaN;NaN
247;[<__main__.Word instance at 0x113767a28>];Naima;1_0;True;NaN;NaN;blanket;NaN;NaN;NaN
248;[<__main__.Word instance at 0x113767a70>];Naima;1_0;True;NaN;NaN;byebye;NaN;NaN;NaN
249;[<__main__.Word instance at 0x113767bd8>];Naima;1_0;True;NaN;NaN;paper;NaN;NaN;NaN
250;[<__main__.Word instance at 0x113767c20>];Naima;1_0;False;True;[['bird']];bird;bird;1.0;0.0
251;[<__main__.Word instance at 0x113767e18>];Naima;1_0;False;True;[['bird']];bird;bird;1.0;0.0
252;"[<__main__.Word instance at 0x113767ea8>
 <__main__.Word instance at 0x113767440>]";Naima;1_0;False;True;[['bird'], ['bird']];birdbird;birdbird;0.5;0.69314718056
253;[<__main__.Word instance at 0x113767b48>];Naima;1_0;False;True;[['Mama']];Mama;Mama;1.0;0.0
254;"[<__main__.Word instance at 0x11376a290>
 <__main__.Word instance at 0x11376a3b0>]";Naima;1_0;False;True;[['Mama'], ['Mama']];MamaMama;MamaMama;0.5;0.69314718056
255;[<__main__.Word instance at 0x11376a488>];Naima;1_0;True;NaN;NaN;sparrow;NaN;NaN;NaN
256;[<__main__.Word instance at 0x11376a3f8>];Naima;1_0;False;True;[['more']];more;more;1.0;0.0
257;[<__main__.Word instance at 0x11376a4d0>];Naima;1_0;False;True;[['more']];more;more;1.0;0.0
258;[<__main__.Word instance at 0x11376a680>];Naima;1_0;False;True;[['more']];more;more;1.0;0.0
259;[<__main__.Word instance at 0x11376aa70>];Naima;1_0;True;NaN;NaN;library;NaN;NaN;NaN
260;[<__main__.Word instance at 0x11376aab8>];Naima;1_0;False;True;[['afternoon']];afternoon;afternoon;1.0;0.0
261;[<__main__.Word instance at 0x11376aea8>];Naima;1_0;False;True;[['Mama']];Mama;Mama;1.0;0.0
262;"[<__main__.Word instance at 0x11376a878>
 <__main__.Word instance at 0x11376af80>]";Naima;1_0;True;NaN;NaN;puffpuff;NaN;NaN;NaN
