,num,utterance,child,age,skipped,reconstructed,bow,gold,prediction,chance,controlledscore,repetition,correctedscore
0,0,[<__main__.Word instance at 0x11d27ba70>],Lily,1_6,True,,,&,,,,NaN,NaN
1,1,[<__main__.Word instance at 0x11d27bc68>],Lily,1_6,True,,,&,,,,NaN,NaN
2,2,[<__main__.Word instance at 0x11d27bef0>],Lily,1_6,True,,,&muah,,,,NaN,NaN
3,3,[<__main__.Word instance at 0x10ef3da70>],Lily,1_6,True,,,&,,,,NaN,NaN
4,4,[<__main__.Word instance at 0x10ef3dcf8>],Lily,1_6,False,True,[['dirty']],dirty,dirty,1.0,0.0,False,-0.0
5,5,[<__main__.Word instance at 0x10ef3d758>],Lily,1_6,False,True,[['dirty']],dirty,dirty,1.0,0.0,False,-0.0
6,6,[<__main__.Word instance at 0x10ef3d5a8>],Lily,1_6,False,True,[['dirty']],dirty,dirty,1.0,0.0,False,-0.0
7,7,[<__main__.Word instance at 0x10ef3df80>],Lily,1_6,False,True,[['daddy']],daddy,daddy,1.0,0.0,False,-0.0
8,8,[<__main__.Word instance at 0x10ef3d488>],Lily,1_6,False,True,[['daddy']],daddy,daddy,1.0,0.0,False,-0.0
9,9,[<__main__.Word instance at 0x10ef3d680>],Lily,1_6,False,True,[['daddy']],daddy,daddy,1.0,0.0,False,-0.0
10,10,[<__main__.Word instance at 0x10eda45a8>],Lily,1_6,False,True,[['daddy']],daddy,daddy,1.0,0.0,False,-0.0
11,11,[<__main__.Word instance at 0x10eda4b00>],Lily,1_6,False,True,[['mommy']],mommy,mommy,1.0,0.0,False,-0.0
12,12,[<__main__.Word instance at 0x10eda4c20>],Lily,1_6,False,True,[['daddy']],daddy,daddy,1.0,0.0,False,-0.0
13,13,[<__main__.Word instance at 0x10eda6c68>],Lily,1_6,False,True,[['daddy']],daddy,daddy,1.0,0.0,False,-0.0
14,14,[<__main__.Word instance at 0x10eda69e0>],Lily,1_6,False,True,[['daddy']],daddy,daddy,1.0,0.0,False,-0.0
15,15,[<__main__.Word instance at 0x11d281128>],Lily,1_6,False,True,[['mommy']],mommy,mommy,1.0,0.0,False,-0.0
16,16,[<__main__.Word instance at 0x11d281248>],Lily,1_6,False,True,[['daddy']],daddy,daddy,1.0,0.0,False,-0.0
17,17,[<__main__.Word instance at 0x11d2813b0>],Lily,1_6,False,True,[['daddy']],daddy,daddy,1.0,0.0,False,-0.0
18,18,[<__main__.Word instance at 0x11d281560>],Lily,1_6,False,True,[['mommy']],mommy,mommy,1.0,0.0,False,-0.0
19,19,[<__main__.Word instance at 0x11d281638>],Lily,1_6,False,True,[['daddy']],daddy,daddy,1.0,0.0,False,-0.0
20,20,[<__main__.Word instance at 0x11d281830>],Lily,1_6,False,True,[['daddy']],daddy,daddy,1.0,0.0,False,-0.0
21,21,[<__main__.Word instance at 0x11d281950>],Lily,1_6,False,True,[['daddy']],daddy,daddy,1.0,0.0,False,-0.0
22,22,[<__main__.Word instance at 0x11d281a28>],Lily,1_6,False,True,[['daddy']],daddy,daddy,1.0,0.0,False,-0.0
23,23,[<__main__.Word instance at 0x11d281cb0>],Lily,1_6,False,True,[['daddy']],daddy,daddy,1.0,0.0,False,-0.0
24,24,[<__main__.Word instance at 0x11d281f38>],Lily,1_6,False,True,[['dirty']],dirty,dirty,1.0,0.0,False,-0.0
25,25,[<__main__.Word instance at 0x11d281cf8>],Lily,1_6,True,,,&,,,,NaN,NaN
26,26,[<__main__.Word instance at 0x11d281c68>],Lily,1_6,True,,,&muah,,,,NaN,NaN
27,27,[<__main__.Word instance at 0x11d2850e0>],Lily,1_6,False,True,[['duckie']],duckie,duckie,1.0,0.0,False,-0.0
28,28,[<__main__.Word instance at 0x11d285560>],Lily,1_6,False,True,[['no']],no,no,1.0,0.0,False,-0.0
29,29,[<__main__.Word instance at 0x11d285758>],Lily,1_6,True,,,&,,,,NaN,NaN
30,30,[<__main__.Word instance at 0x11d2857a0>],Lily,1_6,False,True,[['blah']],blah,blah,1.0,0.0,False,-0.0
31,31,[<__main__.Word instance at 0x11d2858c0>],Lily,1_6,False,True,[['mommy']],mommy,mommy,1.0,0.0,False,-0.0
32,32,[<__main__.Word instance at 0x11d285830>],Lily,1_6,False,True,[['daddy']],daddy,daddy,1.0,0.0,False,-0.0
33,33,[<__main__.Word instance at 0x11d285b90>],Lily,1_6,False,True,[['daddy']],daddy,daddy,1.0,0.0,False,-0.0
34,34,[<__main__.Word instance at 0x11d285c20>],Lily,1_6,False,True,[['daddy']],daddy,daddy,1.0,0.0,False,-0.0
35,35,[<__main__.Word instance at 0x11d285cf8>],Lily,1_6,True,,,woofy,,,,NaN,NaN
36,36,[<__main__.Word instance at 0x11d285dd0>],Lily,1_6,True,,,woofy,,,,NaN,NaN
37,37,[<__main__.Word instance at 0x11d285ea8>],Lily,1_6,False,True,[['woof']],woof,woof,1.0,0.0,False,-0.0
38,38,[<__main__.Word instance at 0x11d285f38>],Lily,1_6,False,True,[['blah']],blah,blah,1.0,0.0,False,-0.0
39,39,[<__main__.Word instance at 0x11d285fc8>],Lily,1_6,False,True,[['blah']],blah,blah,1.0,0.0,False,-0.0
40,40,[<__main__.Word instance at 0x11d285a28>],Lily,1_6,False,True,[['dirty']],dirty,dirty,1.0,0.0,False,-0.0
41,41,"[<__main__.Word instance at 0x11d289200>
 <__main__.Word instance at 0x11d2890e0>]",Lily,1_6,False,True,"[['Pooh', 'Bear']]",PoohBear,PoohBear,1.0,0.0,False,-0.0
42,42,[<__main__.Word instance at 0x11d289368>],Lily,1_6,False,True,[['blah']],blah,blah,1.0,0.0,False,-0.0
43,43,[<__main__.Word instance at 0x11d2895a8>],Lily,1_6,False,True,[['dirty']],dirty,dirty,1.0,0.0,False,-0.0
44,44,"[<__main__.Word instance at 0x11d2897a0>
 <__main__.Word instance at 0x11d2896c8>]",Lily,1_6,False,True,"[['Pooh', 'Bear']]",PoohBear,PoohBear,1.0,0.0,False,-0.0
45,45,[<__main__.Word instance at 0x11d289950>],Lily,1_6,True,,,Poohbie,,,,NaN,NaN
46,46,[<__main__.Word instance at 0x11d289a28>],Lily,1_6,True,,,&,,,,NaN,NaN
47,47,[<__main__.Word instance at 0x11d289b00>],Lily,1_6,False,True,[['dirty']],dirty,dirty,1.0,0.0,False,-0.0
48,48,[<__main__.Word instance at 0x11d289c20>],Lily,1_6,False,True,[['hm']],hm,hm,1.0,0.0,False,-0.0
49,49,[<__main__.Word instance at 0x11d289c68>],Lily,1_6,False,True,[['dirty']],dirty,dirty,1.0,0.0,False,-0.0
50,50,[<__main__.Word instance at 0x11d289d40>],Lily,1_6,False,True,[['dirty']],dirty,dirty,1.0,0.0,False,-0.0
51,51,[<__main__.Word instance at 0x11d289f80>],Lily,1_6,False,True,[['hm']],hm,hm,1.0,0.0,False,-0.0
52,52,[<__main__.Word instance at 0x11d289098>],Lily,1_6,False,True,[['backpack']],backpack,backpack,1.0,0.0,False,-0.0
53,53,[<__main__.Word instance at 0x11d289f38>],Lily,1_6,False,True,[['dirty']],dirty,dirty,1.0,0.0,False,-0.0
54,54,[<__main__.Word instance at 0x11d28c098>],Lily,1_6,False,True,[['daddy']],daddy,daddy,1.0,0.0,False,-0.0
55,55,[<__main__.Word instance at 0x11d28c200>],Lily,1_6,False,True,[['mommy']],mommy,mommy,1.0,0.0,False,-0.0
56,56,[<__main__.Word instance at 0x11d28c3f8>],Lily,1_6,False,True,[['daddy']],daddy,daddy,1.0,0.0,False,-0.0
57,57,[<__main__.Word instance at 0x11d28c4d0>],Lily,1_6,False,True,[['daddy']],daddy,daddy,1.0,0.0,False,-0.0
58,58,[<__main__.Word instance at 0x11d28c5a8>],Lily,1_6,False,True,[['puppy']],puppy,puppy,1.0,0.0,False,-0.0
59,59,[<__main__.Word instance at 0x11d28c3b0>],Lily,1_6,False,True,[['doggy']],doggy,doggy,1.0,0.0,False,-0.0
60,60,[<__main__.Word instance at 0x11d28c710>],Lily,1_6,False,True,[['puppy']],puppy,puppy,1.0,0.0,False,-0.0
61,61,[<__main__.Word instance at 0x11d28c518>],Lily,1_6,False,True,[['ah']],ah,ah,1.0,0.0,False,-0.0
62,62,[<__main__.Word instance at 0x11d28c878>],Lily,1_6,True,,,&,,,,NaN,NaN
63,63,"[<__main__.Word instance at 0x11d28c950>
 <__main__.Word instance at 0x11d28cb90>]",Lily,1_6,True,,,bumblebee,,,,NaN,NaN
64,64,[<__main__.Word instance at 0x11d28cc68>],Lily,1_6,False,True,[['ah']],ah,ah,1.0,0.0,False,-0.0
65,65,[<__main__.Word instance at 0x11d28cd40>],Lily,1_6,False,True,[['puppy']],puppy,puppy,1.0,0.0,False,-0.0
66,66,[<__main__.Word instance at 0x11d28cc20>],Lily,1_6,False,True,[['puppy']],puppy,puppy,1.0,0.0,False,-0.0
67,67,[<__main__.Word instance at 0x11d28cf80>],Lily,1_6,False,True,[['woof']],woof,woof,1.0,0.0,False,-0.0
68,68,[<__main__.Word instance at 0x11d28cfc8>],Lily,1_6,False,True,[['moon']],moon,moon,1.0,0.0,False,-0.0
69,69,"[<__main__.Word instance at 0x11d28cbd8>
 <__main__.Word instance at 0x11d28cf38>]",Lily,1_6,False,True,"[['a', 'helicopter']]",ahelicopter,ahelicopter,1.0,0.0,False,-0.0
70,70,[<__main__.Word instance at 0x11d28f098>],Lily,1_6,False,True,[['dirty']],dirty,dirty,1.0,0.0,False,-0.0
71,71,[<__main__.Word instance at 0x11d28f248>],Lily,1_6,True,,,bleh,,,,NaN,NaN
72,72,[<__main__.Word instance at 0x11d28f4d0>],Lily,1_6,True,,,bleh,,,,NaN,NaN
73,73,[<__main__.Word instance at 0x11d28f5f0>],Lily,1_6,False,True,[['hm']],hm,hm,1.0,0.0,False,-0.0
74,74,[<__main__.Word instance at 0x11d28f560>],Lily,1_6,True,,,&,,,,NaN,NaN
75,75,[<__main__.Word instance at 0x11d28f710>],Lily,1_6,True,,,&,,,,NaN,NaN
76,76,[<__main__.Word instance at 0x11d28fab8>],Lily,1_6,False,True,[['puppy']],puppy,puppy,1.0,0.0,False,-0.0
77,77,[<__main__.Word instance at 0x11d28fcb0>],Lily,1_6,True,,,gaudy,,,,NaN,NaN
78,78,[<__main__.Word instance at 0x11d28fe60>],Lily,1_6,False,True,[['daddy']],daddy,daddy,1.0,0.0,False,-0.0
79,79,[<__main__.Word instance at 0x11d28fef0>],Lily,1_6,True,,,gaudy,,,,NaN,NaN
80,80,[<__main__.Word instance at 0x11d28fcf8>],Lily,1_6,True,,,gaudy,,,,NaN,NaN
81,81,[<__main__.Word instance at 0x11d28fa70>],Lily,1_6,False,True,[['huh']],huh,huh,1.0,0.0,False,-0.0
82,82,[<__main__.Word instance at 0x11d292050>],Lily,1_6,False,True,[['daddy']],daddy,daddy,1.0,0.0,False,-0.0
83,83,[<__main__.Word instance at 0x11d292248>],Lily,1_6,False,True,[['daddy']],daddy,daddy,1.0,0.0,False,-0.0
84,84,[<__main__.Word instance at 0x11d2922d8>],Lily,1_6,False,True,[['moon']],moon,moon,1.0,0.0,False,-0.0
85,85,[<__main__.Word instance at 0x11d292368>],Lily,1_6,False,True,[['moon']],moon,moon,1.0,0.0,False,-0.0
86,86,[<__main__.Word instance at 0x11d2921b8>],Lily,1_6,False,True,[['dirty']],dirty,dirty,1.0,0.0,False,-0.0
87,87,[<__main__.Word instance at 0x11d292638>],Lily,1_6,False,True,[['dirty']],dirty,dirty,1.0,0.0,False,-0.0
88,88,[<__main__.Word instance at 0x11d292488>],Lily,1_6,False,True,[['dirty']],dirty,dirty,1.0,0.0,False,-0.0
89,89,[<__main__.Word instance at 0x11d2928c0>],Lily,1_6,False,True,[['dirty']],dirty,dirty,1.0,0.0,False,-0.0
90,90,[<__main__.Word instance at 0x11d292b90>],Lily,1_6,False,True,[['dirty']],dirty,dirty,1.0,0.0,False,-0.0
91,91,[<__main__.Word instance at 0x11d292cb0>],Lily,1_6,False,True,[['mm']],mm,mm,1.0,0.0,False,-0.0
92,92,[<__main__.Word instance at 0x11d292d88>],Lily,1_6,False,True,[['mm']],mm,mm,1.0,0.0,False,-0.0
93,93,[<__main__.Word instance at 0x11d292f38>],Lily,1_6,True,,,dede,,,,NaN,NaN
94,94,[<__main__.Word instance at 0x11d292f80>],Lily,1_6,False,True,[['daddy']],daddy,daddy,1.0,0.0,False,-0.0
95,95,[<__main__.Word instance at 0x11d292758>],Lily,1_6,False,True,[['dirty']],dirty,dirty,1.0,0.0,False,-0.0
96,96,[<__main__.Word instance at 0x11d292e60>],Lily,1_6,False,True,[['dirty']],dirty,dirty,1.0,0.0,False,-0.0
97,97,[<__main__.Word instance at 0x11d296290>],Lily,1_6,False,True,[['puppy']],puppy,puppy,1.0,0.0,False,-0.0
98,98,[<__main__.Word instance at 0x11d296368>],Lily,1_6,False,True,[['puppy']],puppy,puppy,1.0,0.0,False,-0.0
99,99,[<__main__.Word instance at 0x11d2962d8>],Lily,1_6,False,True,[['dirty']],dirty,dirty,1.0,0.0,False,-0.0
100,100,[<__main__.Word instance at 0x11d296710>],Lily,1_6,False,True,[['mama']],mama,mama,1.0,0.0,False,-0.0
101,101,[<__main__.Word instance at 0x11d296830>],Lily,1_6,False,True,[['puppy']],puppy,puppy,1.0,0.0,False,-0.0
102,102,[<__main__.Word instance at 0x11d296950>],Lily,1_6,False,True,[['woof']],woof,woof,1.0,0.0,False,-0.0
103,103,[<__main__.Word instance at 0x11d296638>],Lily,1_6,False,True,[['puppy']],puppy,puppy,1.0,0.0,False,-0.0
104,104,[<__main__.Word instance at 0x11d296a70>],Lily,1_6,False,True,[['dirty']],dirty,dirty,1.0,0.0,False,-0.0
105,105,[<__main__.Word instance at 0x11d296998>],Lily,1_6,False,True,[['puppy']],puppy,puppy,1.0,0.0,False,-0.0
106,106,[<__main__.Word instance at 0x11d296d40>],Lily,1_6,False,True,[['puppy']],puppy,puppy,1.0,0.0,False,-0.0
107,107,"[<__main__.Word instance at 0x11d296dd0>
 <__main__.Word instance at 0x11d2965f0>]",Lily,1_6,False,True,"[['woof'], ['woof']]",woofwoof,woofwoof,0.5,0.69314718056,True,-0.0
108,108,[<__main__.Word instance at 0x11d2968c0>],Lily,1_6,False,True,[['moo']],moo,moo,1.0,0.0,False,-0.0
109,109,"[<__main__.Word instance at 0x11d296cb0>
 <__main__.Word instance at 0x11d296bd8>
 <__main__.Word instance at 0x11d2966c8>]",Lily,1_6,False,True,"[['ooh'], ['ooh'], ['ooh']]",oohoohooh,oohoohooh,0.166666666667,1.79175946923,True,-0.0
110,110,"[<__main__.Word instance at 0x11d299200>
 <__main__.Word instance at 0x11d2990e0>]",Lily,1_6,True,,,bumblebee,,,,NaN,NaN
111,111,[<__main__.Word instance at 0x11d2992d8>],Lily,1_6,False,True,[['&-um']],&-um,&-um,1.0,0.0,False,-0.0
112,112,[<__main__.Word instance at 0x11d299680>],Lily,1_6,False,True,[['baby']],baby,baby,1.0,0.0,False,-0.0
113,113,[<__main__.Word instance at 0x11d2997a0>],Lily,1_6,False,True,[['baby']],baby,baby,1.0,0.0,False,-0.0
114,114,[<__main__.Word instance at 0x11d299830>],Lily,1_6,False,True,[['no']],no,no,1.0,0.0,False,-0.0
115,115,[<__main__.Word instance at 0x11d299b48>],Lily,1_6,False,True,[['dirty']],dirty,dirty,1.0,0.0,False,-0.0
116,116,[<__main__.Word instance at 0x11d299c20>],Lily,1_6,False,True,[['dirty']],dirty,dirty,1.0,0.0,False,-0.0
117,117,[<__main__.Word instance at 0x11d299cf8>],Lily,1_6,False,True,[['blah']],blah,blah,1.0,0.0,False,-0.0
118,118,"[<__main__.Word instance at 0x11d299dd0>
 <__main__.Word instance at 0x11d299488>
 <__main__.Word instance at 0x11d299ef0>]",Lily,1_6,False,True,"[['ooh'], ['ooh'], ['ooh']]",oohoohooh,oohoohooh,0.166666666667,1.79175946923,True,-0.0
119,119,[<__main__.Word instance at 0x11d299f38>],Lily,1_6,False,True,[['bear']],bear,bear,1.0,0.0,False,-0.0
120,120,[<__main__.Word instance at 0x11d2993f8>],Lily,1_6,False,True,[['moon']],moon,moon,1.0,0.0,False,-0.0
121,121,[<__main__.Word instance at 0x11d29c2d8>],Lily,1_6,False,True,[['baby']],baby,baby,1.0,0.0,False,-0.0
122,122,[<__main__.Word instance at 0x11d29c3b0>],Lily,1_6,False,True,[['baby']],baby,baby,1.0,0.0,False,-0.0
123,123,[<__main__.Word instance at 0x11d29c488>],Lily,1_6,False,True,[['baby']],baby,baby,1.0,0.0,False,-0.0
124,124,[<__main__.Word instance at 0x11d29c518>],Lily,1_6,False,True,[['daddy']],daddy,daddy,1.0,0.0,False,-0.0
125,125,[<__main__.Word instance at 0x11d29c830>],Lily,1_6,False,True,[['baby']],baby,baby,1.0,0.0,False,-0.0
126,126,[<__main__.Word instance at 0x11d29c950>],Lily,1_6,False,True,[['puppy']],puppy,puppy,1.0,0.0,False,-0.0
127,127,"[<__main__.Word instance at 0x11d29cb00>
 <__main__.Word instance at 0x11d29c878>]",Lily,1_6,False,True,"[['woof'], ['woof']]",woofwoof,woofwoof,0.5,0.69314718056,True,-0.0
128,128,[<__main__.Word instance at 0x11d29c680>],Lily,1_6,False,True,[['puppy']],puppy,puppy,1.0,0.0,False,-0.0
129,129,[<__main__.Word instance at 0x11d29c998>],Lily,1_6,False,True,[['baby']],baby,baby,1.0,0.0,False,-0.0
130,130,[<__main__.Word instance at 0x11d29cbd8>],Lily,1_6,False,True,[['daddy']],daddy,daddy,1.0,0.0,False,-0.0
131,131,[<__main__.Word instance at 0x11d29c8c0>],Lily,1_6,False,True,[['puppy']],puppy,puppy,1.0,0.0,False,-0.0
132,132,[<__main__.Word instance at 0x11d29cd88>],Lily,1_6,False,True,[['puppy']],puppy,puppy,1.0,0.0,False,-0.0
133,133,"[<__main__.Word instance at 0x11d29cf80>
 <__main__.Word instance at 0x11d29c5a8>]",Lily,1_6,False,True,"[['moon'], ['moon']]",moonmoon,moonmoon,0.5,0.69314718056,True,-0.0
134,134,[<__main__.Word instance at 0x11d29f170>],Lily,1_6,False,True,[['moon']],moon,moon,1.0,0.0,False,-0.0
135,135,"[<__main__.Word instance at 0x11d29f200>
 <__main__.Word instance at 0x11d29f2d8>]",Lily,1_6,False,True,"[['baby'], ['baby']]",babybaby,babybaby,0.5,0.69314718056,True,-0.0
136,136,[<__main__.Word instance at 0x11d29f680>],Lily,1_6,False,True,[['dirty']],dirty,dirty,1.0,0.0,False,-0.0
137,137,[<__main__.Word instance at 0x11d29f758>],Lily,1_6,False,True,[['dirty']],dirty,dirty,1.0,0.0,False,-0.0
138,138,[<__main__.Word instance at 0x11d29f830>],Lily,1_6,False,True,[['dirty']],dirty,dirty,1.0,0.0,False,-0.0
139,139,[<__main__.Word instance at 0x11d29f8c0>],Lily,1_6,False,True,[['dirty']],dirty,dirty,1.0,0.0,False,-0.0
140,140,[<__main__.Word instance at 0x11d29f998>],Lily,1_6,True,,,&,,,,NaN,NaN
141,141,[<__main__.Word instance at 0x11d29fcb0>],Lily,1_6,False,True,[['puppy']],puppy,puppy,1.0,0.0,False,-0.0
142,142,[<__main__.Word instance at 0x11d29fd88>],Lily,1_6,False,True,[['dirty']],dirty,dirty,1.0,0.0,False,-0.0
143,143,[<__main__.Word instance at 0x11d29fa28>],Lily,1_6,False,True,[['dirty']],dirty,dirty,1.0,0.0,False,-0.0
144,144,[<__main__.Word instance at 0x11d29fdd0>],Lily,1_6,False,True,[['dirty']],dirty,dirty,1.0,0.0,False,-0.0
145,145,[<__main__.Word instance at 0x11d29ff80>],Lily,1_6,False,True,[['whoa']],whoa,whoa,1.0,0.0,False,-0.0
146,146,[<__main__.Word instance at 0x11d2a3050>],Lily,1_6,False,True,[['mommy']],mommy,mommy,1.0,0.0,False,-0.0
147,147,[<__main__.Word instance at 0x11d2a3290>],Lily,1_6,False,True,[['mommy']],mommy,mommy,1.0,0.0,False,-0.0
148,148,[<__main__.Word instance at 0x11d2a3488>],Lily,1_6,False,True,[['mommy']],mommy,mommy,1.0,0.0,False,-0.0
149,149,[<__main__.Word instance at 0x11d2a3560>],Lily,1_6,False,True,[['mommy']],mommy,mommy,1.0,0.0,False,-0.0
150,150,[<__main__.Word instance at 0x11d2a34d0>],Lily,1_6,False,True,[['puppy']],puppy,puppy,1.0,0.0,False,-0.0
151,151,[<__main__.Word instance at 0x11d2a3680>],Lily,1_6,False,True,[['puppy']],puppy,puppy,1.0,0.0,False,-0.0
152,152,[<__main__.Word instance at 0x11d2a3440>],Lily,1_6,False,True,[['puppy']],puppy,puppy,1.0,0.0,False,-0.0
153,153,[<__main__.Word instance at 0x11d2a3908>],Lily,1_6,False,True,[['yeah']],yeah,yeah,1.0,0.0,False,-0.0
154,154,[<__main__.Word instance at 0x11d2a3b00>],Lily,1_6,False,True,[['whoa']],whoa,whoa,1.0,0.0,False,-0.0
155,155,[<__main__.Word instance at 0x11d2a3998>],Lily,1_6,False,True,[['oh']],oh,oh,1.0,0.0,False,-0.0
156,156,[<__main__.Word instance at 0x11d2a3248>],Lily,1_6,False,True,[['moon']],moon,moon,1.0,0.0,False,-0.0
157,157,[<__main__.Word instance at 0x11d2a3ea8>],Lily,1_6,False,True,[['moon']],moon,moon,1.0,0.0,False,-0.0
158,158,[<__main__.Word instance at 0x11d2a6320>],Lily,1_6,False,True,[['mom']],mom,mom,1.0,0.0,False,-0.0
159,159,[<__main__.Word instance at 0x11d2a6248>],Lily,1_6,False,True,[['moon']],moon,moon,1.0,0.0,False,-0.0
160,160,[<__main__.Word instance at 0x11d2a6368>],Lily,1_6,True,,,&,,,,NaN,NaN
161,161,[<__main__.Word instance at 0x11d2a6680>],Lily,1_6,False,True,[['moon']],moon,moon,1.0,0.0,False,-0.0
162,162,[<__main__.Word instance at 0x11d2a63b0>],Lily,1_6,False,True,[['moon']],moon,moon,1.0,0.0,False,-0.0
163,163,[<__main__.Word instance at 0x11d2a6908>],Lily,1_6,False,True,[['moon']],moon,moon,1.0,0.0,False,-0.0
164,164,[<__main__.Word instance at 0x11d2a63f8>],Lily,1_6,False,True,[['moon']],moon,moon,1.0,0.0,False,-0.0
165,165,[<__main__.Word instance at 0x11d2a61b8>],Lily,1_6,False,True,[['Po']],Po,Po,1.0,0.0,False,-0.0
166,166,[<__main__.Word instance at 0x11d2a6878>],Lily,1_6,False,True,[['Po']],Po,Po,1.0,0.0,False,-0.0
167,167,[<__main__.Word instance at 0x11d2a6d40>],Lily,1_6,False,True,[['Po']],Po,Po,1.0,0.0,False,-0.0
168,168,[<__main__.Word instance at 0x11d2a6cb0>],Lily,1_6,False,True,[['Mama']],Mama,Mama,1.0,0.0,False,-0.0
169,169,[<__main__.Word instance at 0x11d2a9050>],Lily,1_6,False,True,[['Mama']],Mama,Mama,1.0,0.0,False,-0.0
170,170,[<__main__.Word instance at 0x11d2a9200>],Lily,1_6,False,True,[['Mama']],Mama,Mama,1.0,0.0,False,-0.0
171,171,[<__main__.Word instance at 0x11d2a9290>],Lily,1_6,False,True,[['Mama']],Mama,Mama,1.0,0.0,False,-0.0
172,172,[<__main__.Word instance at 0x11d2a95a8>],Lily,1_6,False,True,[['Floppy']],Floppy,Floppy,1.0,0.0,False,-0.0
173,173,[<__main__.Word instance at 0x11d2a9680>],Lily,1_6,False,True,[['Floppy']],Floppy,Floppy,1.0,0.0,False,-0.0
174,174,[<__main__.Word instance at 0x11d2a96c8>],Lily,1_6,False,True,[['duck']],duck,duck,1.0,0.0,False,-0.0
175,175,[<__main__.Word instance at 0x11d2a9638>],Lily,1_6,False,True,[['Po']],Po,Po,1.0,0.0,False,-0.0
176,176,"[<__main__.Word instance at 0x11d2a9998>
 <__main__.Word instance at 0x11d2a93f8>]",Lily,1_6,False,True,"[['Po'], ['Po']]",PoPo,PoPo,0.5,0.69314718056,True,-0.0
177,177,[<__main__.Word instance at 0x11d2a9a70>],Lily,1_6,False,True,[['Po']],Po,Po,1.0,0.0,False,-0.0
178,178,[<__main__.Word instance at 0x11d2a9830>],Lily,1_6,False,True,[['puppy']],puppy,puppy,1.0,0.0,False,-0.0
179,179,[<__main__.Word instance at 0x11d2a9320>],Lily,1_6,False,True,[['baby']],baby,baby,1.0,0.0,False,-0.0
180,180,[<__main__.Word instance at 0x11d2a9ea8>],Lily,1_6,False,True,[['baby']],baby,baby,1.0,0.0,False,-0.0
181,181,[<__main__.Word instance at 0x11d2a9f80>],Lily,1_6,False,True,[['baby']],baby,baby,1.0,0.0,False,-0.0
182,182,[<__main__.Word instance at 0x11d2a9b00>],Lily,1_6,False,True,[['baby']],baby,baby,1.0,0.0,False,-0.0
183,183,[<__main__.Word instance at 0x11d2a99e0>],Lily,1_6,True,,,grr,,,,NaN,NaN
184,184,"[<__main__.Word instance at 0x11d2ac128>
 <__main__.Word instance at 0x11d2ac320>
 <__main__.Word instance at 0x11d2ac200>
 <__main__.Word instance at 0x11d2ac440>
 <__main__.Word instance at 0x11d2ac098>
 <__main__.Word instance at 0x11d2ac488>
 <__main__.Word instance at 0x11d2ac368>
 <__main__.Word instance at 0x11d2ac830>
 <__main__.Word instance at 0x11d2ac758>]",Lily,1_6,True,,,I'vegotyourtummytummytummytummytummytum,,,,NaN,NaN
185,185,[<__main__.Word instance at 0x11d2aca70>],Lily,1_6,False,True,[['puppy']],puppy,puppy,1.0,0.0,False,-0.0
186,186,[<__main__.Word instance at 0x11d2acb90>],Lily,1_6,False,True,[['duck']],duck,duck,1.0,0.0,False,-0.0
187,187,[<__main__.Word instance at 0x11d2acc68>],Lily,1_6,False,True,[['puppy']],puppy,puppy,1.0,0.0,False,-0.0
188,188,[<__main__.Word instance at 0x11d2accf8>],Lily,1_6,False,True,[['puppy']],puppy,puppy,1.0,0.0,False,-0.0
189,189,[<__main__.Word instance at 0x11d2acef0>],Lily,1_6,False,True,[['baby']],baby,baby,1.0,0.0,False,-0.0
190,190,[<__main__.Word instance at 0x11d2acfc8>],Lily,1_6,False,True,[['puppy']],puppy,puppy,1.0,0.0,False,-0.0
191,191,[<__main__.Word instance at 0x11d2ac680>],Lily,1_6,False,True,[['Po']],Po,Po,1.0,0.0,False,-0.0
192,192,[<__main__.Word instance at 0x11d2af440>],Lily,1_6,True,,,Boo,,,,NaN,NaN
193,193,[<__main__.Word instance at 0x11d2af4d0>],Lily,1_6,False,True,[['dirty']],dirty,dirty,1.0,0.0,False,-0.0
194,194,"[<__main__.Word instance at 0x11d2af638>
 <__main__.Word instance at 0x11d2af518>]",Lily,1_6,False,True,"[['Pooh', 'Bear']]",PoohBear,PoohBear,1.0,0.0,False,-0.0
195,195,[<__main__.Word instance at 0x11d2af710>],Lily,1_6,False,True,[['dirty']],dirty,dirty,1.0,0.0,False,-0.0
196,196,[<__main__.Word instance at 0x11d2af8c0>],Lily,1_6,False,True,[['dirty']],dirty,dirty,1.0,0.0,False,-0.0
197,197,[<__main__.Word instance at 0x11d2af950>],Lily,1_6,False,True,[['moon']],moon,moon,1.0,0.0,False,-0.0
198,198,[<__main__.Word instance at 0x11d2afa70>],Lily,1_6,False,True,[['moon']],moon,moon,1.0,0.0,False,-0.0
199,199,[<__main__.Word instance at 0x11d2afb00>],Lily,1_6,False,True,[['cow']],cow,cow,1.0,0.0,False,-0.0
200,200,"[<__main__.Word instance at 0x11d2af7e8>
 <__main__.Word instance at 0x11d2afef0>]",Lily,1_6,False,True,"[['moo'], ['moo']]",moomoo,moomoo,0.5,0.69314718056,True,-0.0
201,201,[<__main__.Word instance at 0x11d2affc8>],Lily,1_6,False,True,[['moo']],moo,moo,1.0,0.0,False,-0.0
202,202,[<__main__.Word instance at 0x11d2b2128>],Lily,1_6,False,True,[['Floppy']],Floppy,Floppy,1.0,0.0,False,-0.0
203,203,[<__main__.Word instance at 0x11d2b21b8>],Lily,1_6,False,True,[['Floppy']],Floppy,Floppy,1.0,0.0,False,-0.0
204,204,[<__main__.Word instance at 0x11d2b2560>],Lily,1_6,False,True,[['Floppy']],Floppy,Floppy,1.0,0.0,False,-0.0
205,205,[<__main__.Word instance at 0x11d2b2710>],Lily,1_6,False,True,[['Floppy']],Floppy,Floppy,1.0,0.0,False,-0.0
206,206,[<__main__.Word instance at 0x11d2b2908>],Lily,1_6,False,True,[['Floppy']],Floppy,Floppy,1.0,0.0,False,-0.0
207,207,"[<__main__.Word instance at 0x11d2b2ab8>
 <__main__.Word instance at 0x11d2b2998>]",Lily,1_6,False,True,"[['boo'], ['boo']]",booboo,booboo,0.5,0.69314718056,True,-0.0
208,208,[<__main__.Word instance at 0x11d2b2b48>],Lily,1_6,False,True,[['boo']],boo,boo,1.0,0.0,False,-0.0
209,209,[<__main__.Word instance at 0x11d2b2a70>],Lily,1_6,False,True,[['boo']],boo,boo,1.0,0.0,False,-0.0
210,210,[<__main__.Word instance at 0x11d2b2488>],Lily,1_6,False,True,[['puppy']],puppy,puppy,1.0,0.0,False,-0.0
211,211,[<__main__.Word instance at 0x11d2b2ea8>],Lily,1_6,False,True,[['puppy']],puppy,puppy,1.0,0.0,False,-0.0
212,212,[<__main__.Word instance at 0x11d2b2f38>],Lily,1_6,False,True,[['boo']],boo,boo,1.0,0.0,False,-0.0
213,213,"[<__main__.Word instance at 0x11d2b61b8>
 <__main__.Word instance at 0x11d2b63b0>]",Lily,1_6,False,True,"[['boo'], ['boo']]",booboo,booboo,0.5,0.69314718056,True,-0.0
214,214,[<__main__.Word instance at 0x11d2b6488>],Lily,1_6,False,True,[['boo']],boo,boo,1.0,0.0,False,-0.0
215,215,"[<__main__.Word instance at 0x11d2b68c0>
 <__main__.Word instance at 0x11d2b65a8>
 <__main__.Word instance at 0x11d2b6a70>
 <__main__.Word instance at 0x11d2b6908>]",Lily,1_6,False,True,"[['boo'], ['boo'], ['boo'], ['boo']]",booboobooboo,booboobooboo,0.0416666666667,3.17805383035,True,-0.0
216,216,[<__main__.Word instance at 0x11d2b6758>],Lily,1_6,False,True,[['Elmo']],Elmo,Elmo,1.0,0.0,False,-0.0
217,217,[<__main__.Word instance at 0x11d2b6b90>],Lily,1_6,False,True,[['Elmo']],Elmo,Elmo,1.0,0.0,False,-0.0
218,218,[<__main__.Word instance at 0x11d2b6368>],Lily,1_6,False,True,[['Elmo']],Elmo,Elmo,1.0,0.0,False,-0.0
219,219,[<__main__.Word instance at 0x11d2b92d8>],Lily,1_6,False,True,[['Elmo']],Elmo,Elmo,1.0,0.0,False,-0.0
220,220,[<__main__.Word instance at 0x11d2b93b0>],Lily,1_6,False,True,[['boom']],boom,boom,1.0,0.0,False,-0.0
221,221,[<__main__.Word instance at 0x11d2b9488>],Lily,1_6,True,,,&,,,,NaN,NaN
222,222,[<__main__.Word instance at 0x11d2b9200>],Lily,1_6,False,True,[['blah']],blah,blah,1.0,0.0,False,-0.0
223,223,[<__main__.Word instance at 0x11d2b91b8>],Lily,1_6,False,True,[['puppy']],puppy,puppy,1.0,0.0,False,-0.0
224,224,[<__main__.Word instance at 0x11d2b96c8>],Lily,1_6,False,True,[['woof']],woof,woof,1.0,0.0,False,-0.0
225,225,[<__main__.Word instance at 0x11d2b90e0>],Lily,1_6,False,True,[['boom']],boom,boom,1.0,0.0,False,-0.0
226,226,[<__main__.Word instance at 0x11d2b9908>],Lily,1_6,False,True,[['boom']],boom,boom,1.0,0.0,False,-0.0
227,227,[<__main__.Word instance at 0x11d2b9290>],Lily,1_6,False,True,[['baby']],baby,baby,1.0,0.0,False,-0.0
228,228,[<__main__.Word instance at 0x11d2b9b00>],Lily,1_6,False,True,[['daddy']],daddy,daddy,1.0,0.0,False,-0.0
229,229,[<__main__.Word instance at 0x11d2b9bd8>],Lily,1_6,False,True,[['daddy']],daddy,daddy,1.0,0.0,False,-0.0
230,230,"[<__main__.Word instance at 0x11d2b9d88>
 <__main__.Word instance at 0x11d2b9e18>]",Lily,1_6,False,False,"[['mommy'], [""that's""]]",that'smommy,mommythat's,0.5,-0.69314718056,False,-0.6931471805599453
231,231,[<__main__.Word instance at 0x11d2bd098>],Lily,1_6,False,True,[['oh']],oh,oh,1.0,0.0,False,-0.0
232,232,[<__main__.Word instance at 0x11d2bd050>],Lily,1_6,False,True,[['oh']],oh,oh,1.0,0.0,False,-0.0
233,233,[<__main__.Word instance at 0x11d2bd2d8>],Lily,1_6,False,True,[['oh']],oh,oh,1.0,0.0,False,-0.0
234,234,[<__main__.Word instance at 0x11d2bd5a8>],Lily,1_6,False,True,[['whoa']],whoa,whoa,1.0,0.0,False,-0.0
235,235,[<__main__.Word instance at 0x11d2bd638>],Lily,1_6,False,True,[['whoa']],whoa,whoa,1.0,0.0,False,-0.0
236,236,[<__main__.Word instance at 0x11d2bd710>],Lily,1_6,False,True,[['whoa']],whoa,whoa,1.0,0.0,False,-0.0
237,237,[<__main__.Word instance at 0x11d2bd9e0>],Lily,1_6,False,True,[['oh']],oh,oh,1.0,0.0,False,-0.0
238,238,[<__main__.Word instance at 0x11d2bdcf8>],Lily,1_6,False,True,[['baby']],baby,baby,1.0,0.0,False,-0.0
239,239,[<__main__.Word instance at 0x11d2bdea8>],Lily,1_6,False,True,[['baby']],baby,baby,1.0,0.0,False,-0.0
240,240,[<__main__.Word instance at 0x11d2bdd40>],Lily,1_6,False,True,[['baby']],baby,baby,1.0,0.0,False,-0.0
241,241,[<__main__.Word instance at 0x11d2c0170>],Lily,1_6,False,True,[['yes']],yes,yes,1.0,0.0,False,-0.0
242,242,[<__main__.Word instance at 0x11d2c01b8>],Lily,1_6,False,True,[['yes']],yes,yes,1.0,0.0,False,-0.0
243,243,[<__main__.Word instance at 0x11d2c0488>],Lily,1_6,False,True,[['yes']],yes,yes,1.0,0.0,False,-0.0
244,244,[<__main__.Word instance at 0x11d2c0560>],Lily,1_6,False,True,[['daddy']],daddy,daddy,1.0,0.0,False,-0.0
245,245,[<__main__.Word instance at 0x11d2c08c0>],Lily,1_6,False,True,[['baby']],baby,baby,1.0,0.0,False,-0.0
246,246,[<__main__.Word instance at 0x11d2c0b48>],Lily,1_6,False,True,[['baby']],baby,baby,1.0,0.0,False,-0.0
247,247,[<__main__.Word instance at 0x11d2c0f80>],Lily,1_6,False,True,[['baby']],baby,baby,1.0,0.0,False,-0.0
248,248,[<__main__.Word instance at 0x11d2c0fc8>],Lily,1_6,False,True,[['baby']],baby,baby,1.0,0.0,False,-0.0
249,249,[<__main__.Word instance at 0x11d2c0e18>],Lily,1_6,False,True,[['baby']],baby,baby,1.0,0.0,False,-0.0
250,250,[<__main__.Word instance at 0x11d2c3290>],Lily,1_6,False,True,[['Floppy']],Floppy,Floppy,1.0,0.0,False,-0.0
251,251,[<__main__.Word instance at 0x11d2c32d8>],Lily,1_6,True,,,dada,,,,NaN,NaN
252,252,[<__main__.Word instance at 0x11d2c3560>],Lily,1_6,False,True,[['daddy']],daddy,daddy,1.0,0.0,False,-0.0
253,253,[<__main__.Word instance at 0x11d2c35a8>],Lily,1_6,True,,,dada,,,,NaN,NaN
254,254,[<__main__.Word instance at 0x11d2c3710>],Lily,1_6,False,True,[['blah']],blah,blah,1.0,0.0,False,-0.0
255,255,[<__main__.Word instance at 0x11d2c3a70>],Lily,1_6,False,True,[['daddy']],daddy,daddy,1.0,0.0,False,-0.0
256,256,[<__main__.Word instance at 0x11d2c3c68>],Lily,1_6,True,,,dada,,,,NaN,NaN
257,257,[<__main__.Word instance at 0x11d2c3e18>],Lily,1_6,True,,,dada,,,,NaN,NaN
258,258,[<__main__.Word instance at 0x11d2c3fc8>],Lily,1_6,False,True,[['daddy']],daddy,daddy,1.0,0.0,False,-0.0
259,259,[<__main__.Word instance at 0x11d2c61b8>],Lily,1_6,True,,,grr,,,,NaN,NaN
260,260,"[<__main__.Word instance at 0x11d2c63b0>
 <__main__.Word instance at 0x11d2c6248>]",Lily,1_6,False,False,"[[""it's""], ['stuck']]",it'sstuck,stuckit's,0.5,-0.69314718056,False,-0.6931471805599453
261,261,"[<__main__.Word instance at 0x11d2c6170>
 <__main__.Word instance at 0x11d2c66c8>]",Lily,1_6,False,False,"[['stuck'], [""it's""]]",it'sstuck,stuckit's,0.5,-0.69314718056,False,-0.6931471805599453
262,262,[<__main__.Word instance at 0x11d2c6758>],Lily,1_6,False,True,[['duck']],duck,duck,1.0,0.0,False,-0.0
263,263,[<__main__.Word instance at 0x11d2c68c0>],Lily,1_6,False,True,[['boo']],boo,boo,1.0,0.0,False,-0.0
264,264,"[<__main__.Word instance at 0x11d2c6908>
 <__main__.Word instance at 0x11d2c6488>
 <__main__.Word instance at 0x11d2c6cf8>
 <__main__.Word instance at 0x11d2c6c68>]",Lily,1_6,False,True,"[['boo'], ['boo'], ['boo'], ['boo']]",booboobooboo,booboobooboo,0.0416666666667,3.17805383035,True,-0.0
265,265,[<__main__.Word instance at 0x11d2c67e8>],Lily,1_6,False,True,[['Po']],Po,Po,1.0,0.0,False,-0.0
266,266,"[<__main__.Word instance at 0x11d2c9248>
 <__main__.Word instance at 0x11d2c91b8>]",Lily,1_6,False,True,"[['Po'], ['Po']]",PoPo,PoPo,0.5,0.69314718056,True,-0.0
267,267,[<__main__.Word instance at 0x11d2c93f8>],Lily,1_6,False,True,[['Po']],Po,Po,1.0,0.0,False,-0.0
268,268,"[<__main__.Word instance at 0x11d2c9488>
 <__main__.Word instance at 0x11d2c9290>]",Lily,1_6,False,False,"[['moon'], ['a']]",amoon,moona,0.5,-0.69314718056,False,-0.6931471805599453
269,269,"[<__main__.Word instance at 0x11d2c9368>
 <__main__.Word instance at 0x11d2c9710>
 <__main__.Word instance at 0x11d2c95a8>]",Lily,1_6,False,False,"[['Mama'], ['moon'], ['a']]",amoonMama,moonaMama,0.166666666667,-0.182321556794,False,-0.1823215567939546
270,270,[<__main__.Word instance at 0x11d2c97e8>],Lily,1_6,False,True,[['moo']],moo,moo,1.0,0.0,False,-0.0
271,271,[<__main__.Word instance at 0x11d2c96c8>],Lily,1_6,False,True,[['moon']],moon,moon,1.0,0.0,False,-0.0
272,272,"[<__main__.Word instance at 0x11d2c9cf8>
 <__main__.Word instance at 0x11d2c9f80>
 <__main__.Word instance at 0x11d2c9e60>
 <__main__.Word instance at 0x11d2c9638>]",Lily,1_6,False,False,"[['a'], ['moon'], ['a'], ['moon']]",amoonamoon,moonamoona,0.0416666666667,-0.0425596144188,True,-0.1823215567939546
273,273,[<__main__.Word instance at 0x11d2cc290>],Lily,1_6,False,True,[['bye']],bye,bye,1.0,0.0,False,-0.0
