num;utterance;child;age;skipped;reconstructed;bow;gold;prediction;chance;controlledscore
0;[<__main__.Word instance at 0x1104f0878>];Violet;1_6;False;True;[['hi']];hi;hi;1.0;0.0
1;[<__main__.Word instance at 0x1104f09e0>];Violet;1_6;False;True;[['hi']];hi;hi;1.0;0.0
2;[<__main__.Word instance at 0x1104f0b00>];Violet;1_6;False;True;[['hi']];hi;hi;1.0;0.0
3;[<__main__.Word instance at 0x1104f0c20>];Violet;1_6;False;True;[['hi']];hi;hi;1.0;0.0
4;[<__main__.Word instance at 0x1104f0d40>];Violet;1_6;False;True;[['this']];this;this;1.0;0.0
5;[<__main__.Word instance at 0x1104f0e60>];Violet;1_6;False;True;[['baby']];baby;baby;1.0;0.0
6;[<__main__.Word instance at 0x1104f0f80>];Violet;1_6;True;NaN;NaN;by;NaN;NaN;NaN
7;[<__main__.Word instance at 0x1035fda70>];Violet;1_6;False;True;[['hi']];hi;hi;1.0;0.0
8;[<__main__.Word instance at 0x1035fdcf8>];Violet;1_6;True;NaN;NaN;spank;NaN;NaN;NaN
9;[<__main__.Word instance at 0x1035fd908>];Violet;1_6;True;NaN;NaN;spank;NaN;NaN;NaN
10;[<__main__.Word instance at 0x1035fd710>];Violet;1_6;True;NaN;NaN;spank;NaN;NaN;NaN
11;[<__main__.Word instance at 0x1035fd758>];Violet;1_6;False;True;[['hi']];hi;hi;1.0;0.0
12;[<__main__.Word instance at 0x1035fd5a8>];Violet;1_6;False;True;[['hi']];hi;hi;1.0;0.0
13;[<__main__.Word instance at 0x1035fd440>];Violet;1_6;False;True;[['no']];no;no;1.0;0.0
14;[<__main__.Word instance at 0x1035fd4d0>];Violet;1_6;False;True;[['no']];no;no;1.0;0.0
15;[<__main__.Word instance at 0x103458cf8>];Violet;1_6;False;True;[['no']];no;no;1.0;0.0
16;[<__main__.Word instance at 0x103464c20>];Violet;1_6;False;True;[['hi']];hi;hi;1.0;0.0
17;[<__main__.Word instance at 0x103464998>];Violet;1_6;False;True;[['hi']];hi;hi;1.0;0.0
18;"[<__main__.Word instance at 0x103466ab8>
 <__main__.Word instance at 0x103466a28>]";Violet;1_6;True;NaN;NaN;daddy'sguitar;NaN;NaN;NaN
19;[<__main__.Word instance at 0x103466bd8>];Violet;1_6;True;NaN;NaN;butterfly;NaN;NaN;NaN
20;[<__main__.Word instance at 0x1104f30e0>];Violet;1_6;False;True;[['piggy']];piggy;piggy;1.0;0.0
21;[<__main__.Word instance at 0x1104f3290>];Violet;1_6;False;True;[['neck']];neck;neck;1.0;0.0
22;[<__main__.Word instance at 0x1104f3518>];Violet;1_6;True;NaN;NaN;duck;NaN;NaN;NaN
23;[<__main__.Word instance at 0x1104f3638>];Violet;1_6;True;NaN;NaN;duck;NaN;NaN;NaN
24;[<__main__.Word instance at 0x1104f3758>];Violet;1_6;True;NaN;NaN;duck;NaN;NaN;NaN
25;[<__main__.Word instance at 0x1104f38c0>];Violet;1_6;True;NaN;NaN;duck;NaN;NaN;NaN
26;[<__main__.Word instance at 0x1104f3ab8>];Violet;1_6;True;NaN;NaN;duck;NaN;NaN;NaN
27;[<__main__.Word instance at 0x1104f3b48>];Violet;1_6;False;True;[['piggy']];piggy;piggy;1.0;0.0
28;[<__main__.Word instance at 0x1104f3830>];Violet;1_6;False;True;[['Violet']];Violet;Violet;1.0;0.0
29;[<__main__.Word instance at 0x1104f3b90>];Violet;1_6;True;NaN;NaN;doggy;NaN;NaN;NaN
30;[<__main__.Word instance at 0x1104f3c68>];Violet;1_6;False;True;[['there']];there;there;1.0;0.0
31;[<__main__.Word instance at 0x1104f3d40>];Violet;1_6;False;True;[['there']];there;there;1.0;0.0
32;[<__main__.Word instance at 0x1104f3f80>];Violet;1_6;False;True;[['there']];there;there;1.0;0.0
33;[<__main__.Word instance at 0x1104f7200>];Violet;1_6;False;True;[['there']];there;there;1.0;0.0
34;[<__main__.Word instance at 0x1104f7170>];Violet;1_6;False;True;[['there']];there;there;1.0;0.0
35;[<__main__.Word instance at 0x1104f7320>];Violet;1_6;False;True;[['there']];there;there;1.0;0.0
36;[<__main__.Word instance at 0x1104f7638>];Violet;1_6;False;True;[['this']];this;this;1.0;0.0
37;[<__main__.Word instance at 0x1104f75a8>];Violet;1_6;False;True;[['this']];this;this;1.0;0.0
38;[<__main__.Word instance at 0x1104f7680>];Violet;1_6;False;True;[['there']];there;there;1.0;0.0
39;[<__main__.Word instance at 0x1104f7758>];Violet;1_6;False;True;[['there']];there;there;1.0;0.0
40;[<__main__.Word instance at 0x1104f7830>];Violet;1_6;False;True;[['there']];there;there;1.0;0.0
41;[<__main__.Word instance at 0x1104f7908>];Violet;1_6;False;True;[['there']];there;there;1.0;0.0
42;[<__main__.Word instance at 0x1104f79e0>];Violet;1_6;False;True;[['there']];there;there;1.0;0.0
43;[<__main__.Word instance at 0x1104f7ab8>];Violet;1_6;False;True;[['there']];there;there;1.0;0.0
44;[<__main__.Word instance at 0x1104f7b90>];Violet;1_6;False;True;[['there']];there;there;1.0;0.0
45;[<__main__.Word instance at 0x1104f7c68>];Violet;1_6;False;True;[['there']];there;there;1.0;0.0
46;[<__main__.Word instance at 0x1104f7d40>];Violet;1_6;False;True;[['there']];there;there;1.0;0.0
47;[<__main__.Word instance at 0x1104f74d0>];Violet;1_6;False;True;[['there']];there;there;1.0;0.0
48;[<__main__.Word instance at 0x1104f7e18>];Violet;1_6;False;True;[['there']];there;there;1.0;0.0
49;[<__main__.Word instance at 0x1104fb200>];Violet;1_6;False;True;[['there']];there;there;1.0;0.0
50;[<__main__.Word instance at 0x1104fb3f8>];Violet;1_6;False;True;[['there']];there;there;1.0;0.0
51;[<__main__.Word instance at 0x1104fb560>];Violet;1_6;False;True;[['tea']];tea;tea;1.0;0.0
52;"[<__main__.Word instance at 0x1104fb758>
 <__main__.Word instance at 0x1104fb5f0>]";Violet;1_6;False;True;"[['ready'], [""tea's""]]";tea'sready;tea'sready;0.5;0.69314718056
53;"[<__main__.Word instance at 0x1104fb518>
 <__main__.Word instance at 0x1104fb8c0>]";Violet;1_6;False;False;[['I'], ['do']];Ido;doI;0.5;-0.69314718056
54;[<__main__.Word instance at 0x1104fbab8>];Violet;1_6;False;True;[['page']];page;page;1.0;0.0
55;[<__main__.Word instance at 0x1104fbb90>];Violet;1_6;False;True;[['hi']];hi;hi;1.0;0.0
56;[<__main__.Word instance at 0x1104fbc20>];Violet;1_6;True;NaN;NaN;rock;NaN;NaN;NaN
57;[<__main__.Word instance at 0x1104fbcb0>];Violet;1_6;True;NaN;NaN;rock;NaN;NaN;NaN
58;[<__main__.Word instance at 0x1104fbf38>];Violet;1_6;True;NaN;NaN;rock;NaN;NaN;NaN
59;[<__main__.Word instance at 0x1105001b8>];Violet;1_6;True;NaN;NaN;rock;NaN;NaN;NaN
60;[<__main__.Word instance at 0x110500320>];Violet;1_6;True;NaN;NaN;rock;NaN;NaN;NaN
61;[<__main__.Word instance at 0x110500518>];Violet;1_6;True;NaN;NaN;rock;NaN;NaN;NaN
62;[<__main__.Word instance at 0x1105003b0>];Violet;1_6;False;True;[['mommy']];mommy;mommy;1.0;0.0
63;[<__main__.Word instance at 0x110500830>];Violet;1_6;False;True;[['this']];this;this;1.0;0.0
64;[<__main__.Word instance at 0x1105005a8>];Violet;1_6;True;NaN;NaN;Ace;NaN;NaN;NaN
65;[<__main__.Word instance at 0x110500488>];Violet;1_6;False;True;[['Violet']];Violet;Violet;1.0;0.0
66;[<__main__.Word instance at 0x1105006c8>];Violet;1_6;False;True;[['let']];let;let;1.0;0.0
67;"[<__main__.Word instance at 0x1105007a0>
 <__main__.Word instance at 0x110500d40>]";Violet;1_6;False;False;"[[""what's""], ['that']]";what'sthat;thatwhat's;0.5;-0.69314718056
68;"[<__main__.Word instance at 0x110503170>
 <__main__.Word instance at 0x110503320>
 <__main__.Word instance at 0x1105031b8>]";Violet;1_6;False;False;[['did'], ['&-uh'], ['it']];&-uhdidit;&-uhitdid;0.166666666667;-0.182321556794
69;[<__main__.Word instance at 0x110503050>];Violet;1_6;True;NaN;NaN;broke;NaN;NaN;NaN
70;[<__main__.Word instance at 0x1105035a8>];Violet;1_6;True;NaN;NaN;broke;NaN;NaN;NaN
71;[<__main__.Word instance at 0x110503638>];Violet;1_6;False;True;[['that']];that;that;1.0;0.0
72;[<__main__.Word instance at 0x1105037e8>];Violet;1_6;False;True;[['this']];this;this;1.0;0.0
73;[<__main__.Word instance at 0x110503998>];Violet;1_6;False;True;[['this']];this;this;1.0;0.0
74;[<__main__.Word instance at 0x110503a70>];Violet;1_6;False;True;[['this']];this;this;1.0;0.0
75;[<__main__.Word instance at 0x110503b48>];Violet;1_6;False;True;[['meow']];meow;meow;1.0;0.0
76;[<__main__.Word instance at 0x110503bd8>];Violet;1_6;False;True;[['bag']];bag;bag;1.0;0.0
77;[<__main__.Word instance at 0x110503cb0>];Violet;1_6;False;True;[['bag']];bag;bag;1.0;0.0
78;[<__main__.Word instance at 0x110503dd0>];Violet;1_6;False;True;[['bag']];bag;bag;1.0;0.0
79;[<__main__.Word instance at 0x110503c20>];Violet;1_6;False;True;[['bag']];bag;bag;1.0;0.0
80;"[<__main__.Word instance at 0x110503ef0>
 <__main__.Word instance at 0x110503e60>]";Violet;1_6;False;True;[['bag'], ['bag']];bagbag;bagbag;0.5;0.69314718056
