num;utterance;child;age;skipped;reconstructed;bow;gold;prediction;chance;controlledscore
0;"[<__main__.Word instance at 0x117448e18>
 <__main__.Word instance at 0x117448f80>
 <__main__.Word instance at 0x10a80a560>
 <__main__.Word instance at 0x10a80aa70>
 <__main__.Word instance at 0x10a80a7a0>
 <__main__.Word instance at 0x10a80acf8>
 <__main__.Word instance at 0x10a80aa28>]";Violet;3_6;True;NaN;NaN;Momareyoumakinganewstring;NaN;NaN;NaN
1;[<__main__.Word instance at 0x10a80a8c0>];Violet;3_6;True;NaN;NaN;kite;NaN;NaN;NaN
2;"[<__main__.Word instance at 0x10a665cf8>
 <__main__.Word instance at 0x10a6715a8>
 <__main__.Word instance at 0x10a671a28>]";Violet;3_6;False;False;[['is'], ['this'], ['what']];whatisthis;isthiswhat;0.166666666667;-0.182321556794
3;"[<__main__.Word instance at 0x10a671b00>
 <__main__.Word instance at 0x10a671998>
 <__main__.Word instance at 0x11744e050>
 <__main__.Word instance at 0x11744e170>]";Violet;3_6;False;False;[['it'], ['what'], ['for'], ['is']];whatisitfor;isitwhatfor;0.0416666666667;-0.0425596144188
4;"[<__main__.Word instance at 0x11744e3b0>
 <__main__.Word instance at 0x11744e4d0>
 <__main__.Word instance at 0x11744e5f0>]";Violet;3_6;False;False;[['this'], ['is'], ['what']];whatisthis;isthiswhat;0.166666666667;-0.182321556794
5;"[<__main__.Word instance at 0x11744e830>
 <__main__.Word instance at 0x11744e950>
 <__main__.Word instance at 0x11744ea70>]";Violet;3_6;True;NaN;NaN;here'sakite;NaN;NaN;NaN
6;[<__main__.Word instance at 0x11744ec68>];Violet;3_6;True;NaN;NaN;kite;NaN;NaN;NaN
7;"[<__main__.Word instance at 0x11744ee60>
 <__main__.Word instance at 0x11744eef0>
 <__main__.Word instance at 0x11744efc8>]";Violet;3_6;False;True;[['it'], ['I'], ['see']];Iseeit;Iseeit;0.166666666667;1.79175946923
8;[<__main__.Word instance at 0x11744edd0>];Violet;3_6;True;NaN;NaN;movie;NaN;NaN;NaN
9;[<__main__.Word instance at 0x11744ecf8>];Violet;3_6;True;NaN;NaN;hey;NaN;NaN;NaN
10;[<__main__.Word instance at 0x117453128>];Violet;3_6;False;True;[['move']];move;move;1.0;0.0
11;[<__main__.Word instance at 0x117453290>];Violet;3_6;False;True;[['yeah']];yeah;yeah;1.0;0.0
12;[<__main__.Word instance at 0x117453200>];Violet;3_6;False;True;[['yeah']];yeah;yeah;1.0;0.0
13;[<__main__.Word instance at 0x1174532d8>];Violet;3_6;True;NaN;NaN;ball;NaN;NaN;NaN
14;[<__main__.Word instance at 0x1174533b0>];Violet;3_6;True;NaN;NaN;oops;NaN;NaN;NaN
15;[<__main__.Word instance at 0x117453050>];Violet;3_6;False;True;[['we']];we;we;1.0;0.0
16;[<__main__.Word instance at 0x117453560>];Violet;3_6;True;NaN;NaN;yum;NaN;NaN;NaN
17;"[<__main__.Word instance at 0x117453638>
 <__main__.Word instance at 0x117453878>
 <__main__.Word instance at 0x117453710>]";Violet;3_6;True;NaN;NaN;foodallover;NaN;NaN;NaN
18;[<__main__.Word instance at 0x1174537e8>];Violet;3_6;False;True;[['mama']];mama;mama;1.0;0.0
19;[<__main__.Word instance at 0x1174538c0>];Violet;3_6;True;NaN;NaN;bye;NaN;NaN;NaN
20;"[<__main__.Word instance at 0x117453998>
 <__main__.Word instance at 0x117453bd8>
 <__main__.Word instance at 0x117453a70>
 <__main__.Word instance at 0x117453cb0>
 <__main__.Word instance at 0x117453b48>]";Violet;3_6;False;False;[['book'], ['I'], ['now'], ['can'], ['read']];nowcanIreadbook;nowIcanbookread;0.00833333333333;-0.00836824967052
21;"[<__main__.Word instance at 0x117453c20>
 <__main__.Word instance at 0x117453e60>
 <__main__.Word instance at 0x117453488>
 <__main__.Word instance at 0x117453f38>
 <__main__.Word instance at 0x117453dd0>
 <__main__.Word instance at 0x117453ea8>]";Violet;3_6;False;False;[['get'], ['that'], ['bunnies'], ['from'], ['the', 'Easter']];getthatfromtheEasterbunnies;theEasterfromgetthatbunnies;0.00833333333333;-0.00836824967052
22;"[<__main__.Word instance at 0x117453cf8>
 <__main__.Word instance at 0x10a673a28>
 <__main__.Word instance at 0x10a673c68>]";Violet;3_6;True;NaN;NaN;yesIwant;NaN;NaN;NaN
23;[<__main__.Word instance at 0x10a673c20>];Violet;3_6;False;True;[['yeah']];yeah;yeah;1.0;0.0
24;[<__main__.Word instance at 0x117457050>];Violet;3_6;True;NaN;NaN;yes;NaN;NaN;NaN
25;"[<__main__.Word instance at 0x117457248>
 <__main__.Word instance at 0x1174572d8>]";Violet;3_6;False;True;[['Easter', 'bunnies']];Easterbunnies;Easterbunnies;1.0;0.0
26;[<__main__.Word instance at 0x117457170>];Violet;3_6;False;True;[['yeah']];yeah;yeah;1.0;0.0
27;[<__main__.Word instance at 0x1174573f8>];Violet;3_6;False;True;[['two']];two;two;1.0;0.0
28;[<__main__.Word instance at 0x117457320>];Violet;3_6;False;True;[['where']];where;where;1.0;0.0
29;"[<__main__.Word instance at 0x117457098>
 <__main__.Word instance at 0x1174576c8>]";Violet;3_6;True;NaN;NaN;&-uhAmerica;NaN;NaN;NaN
30;[<__main__.Word instance at 0x1174577a0>];Violet;3_6;False;True;[['three']];three;three;1.0;0.0
31;[<__main__.Word instance at 0x117457950>];Violet;3_6;True;NaN;NaN;four;NaN;NaN;NaN
32;[<__main__.Word instance at 0x1174579e0>];Violet;3_6;False;True;[['yeah']];yeah;yeah;1.0;0.0
33;[<__main__.Word instance at 0x117457b90>];Violet;3_6;True;NaN;NaN;five;NaN;NaN;NaN
34;[<__main__.Word instance at 0x117457cf8>];Violet;3_6;True;NaN;NaN;six;NaN;NaN;NaN
35;[<__main__.Word instance at 0x117457e18>];Violet;3_6;False;True;[['yeah']];yeah;yeah;1.0;0.0
36;[<__main__.Word instance at 0x117457ef0>];Violet;3_6;True;NaN;NaN;seven;NaN;NaN;NaN
37;[<__main__.Word instance at 0x117457f80>];Violet;3_6;True;NaN;NaN;eight;NaN;NaN;NaN
38;[<__main__.Word instance at 0x117457cb0>];Violet;3_6;True;NaN;NaN;yeh;NaN;NaN;NaN
39;[<__main__.Word instance at 0x11745b1b8>];Violet;3_6;False;True;[['yeah']];yeah;yeah;1.0;0.0
40;"[<__main__.Word instance at 0x11745b290>
 <__main__.Word instance at 0x11745b320>
 <__main__.Word instance at 0x11745b200>
 <__main__.Word instance at 0x11745b518>
 <__main__.Word instance at 0x11745b3f8>]";Violet;3_6;True;NaN;NaN;readalltheotherbooks;NaN;NaN;NaN
41;"[<__main__.Word instance at 0x11745b170>
 <__main__.Word instance at 0x11745b6c8>
 <__main__.Word instance at 0x11745b7a0>]";Violet;3_6;True;NaN;NaN;thatDaddyread;NaN;NaN;NaN
42;"[<__main__.Word instance at 0x11745b830>
 <__main__.Word instance at 0x11745b710>
 <__main__.Word instance at 0x11745ba28>
 <__main__.Word instance at 0x11745b908>
 <__main__.Word instance at 0x11745bbd8>]";Violet;3_6;False;False;[['that'], ['he'], ['that'], ['he'], ['did']];thathethathedid;didhehethatthat;0.00833333333333;-0.00836824967052
43;"[<__main__.Word instance at 0x11745bcb0>
 <__main__.Word instance at 0x11745b9e0>
 <__main__.Word instance at 0x11745bd88>
 <__main__.Word instance at 0x11745bc20>
 <__main__.Word instance at 0x11745be18>]";Violet;3_6;True;NaN;NaN;canyouallthesebooks;NaN;NaN;NaN
44;"[<__main__.Word instance at 0x11745bab8>
 <__main__.Word instance at 0x11745b950>
 <__main__.Word instance at 0x11745bfc8>]";Violet;3_6;False;True;[['can'], ['read'], ['you']];canyouread;canyouread;0.166666666667;1.79175946923
45;"[<__main__.Word instance at 0x11745ba70>
 <__main__.Word instance at 0x11745e128>
 <__main__.Word instance at 0x11745e1b8>]";Violet;3_6;False;True;[['read'], ['can'], ['you']];canyouread;canyouread;0.166666666667;1.79175946923
46;[<__main__.Word instance at 0x11745e248>];Violet;3_6;False;True;[['yeah']];yeah;yeah;1.0;0.0
47;"[<__main__.Word instance at 0x11745e0e0>
 <__main__.Word instance at 0x11745e638>
 <__main__.Word instance at 0x11745e4d0>
 <__main__.Word instance at 0x11745e710>]";Violet;3_6;False;False;[['should'], ['come'], ['she'], ['here']];sheshouldcomehere;shecomehereshould;0.0416666666667;-0.0425596144188
48;"[<__main__.Word instance at 0x11745e830>
 <__main__.Word instance at 0x11745e8c0>
 <__main__.Word instance at 0x11745e758>
 <__main__.Word instance at 0x11745e998>
 <__main__.Word instance at 0x11745e560>]";Violet;3_6;False;True;[['go'], ['wanna'], ['the', 'zoo'], ['to']];wannagotothezoo;wannagotothezoo;0.0416666666667;3.17805383035
49;"[<__main__.Word instance at 0x11745e908>
 <__main__.Word instance at 0x11745ec20>
 <__main__.Word instance at 0x11745eab8>]";Violet;3_6;False;False;"[['go'], ['to'], [""I'll""]]";I'llgoto;gotoI'll;0.166666666667;-0.182321556794
50;[<__main__.Word instance at 0x11745e680>];Violet;3_6;True;NaN;NaN;Zack;NaN;NaN;NaN
51;"[<__main__.Word instance at 0x11745ec68>
 <__main__.Word instance at 0x11745ed88>]";Violet;3_6;False;True;[['the', 'Easter']];theEaster;theEaster;1.0;0.0
52;[<__main__.Word instance at 0x11745efc8>];Violet;3_6;False;True;[['ooh']];ooh;ooh;1.0;0.0
53;"[<__main__.Word instance at 0x11745eea8>
 <__main__.Word instance at 0x11745ed40>]";Violet;3_6;False;True;[['like'], ['I']];Ilike;Ilike;0.5;0.69314718056
54;"[<__main__.Word instance at 0x11745ee18>
 <__main__.Word instance at 0x117461128>
 <__main__.Word instance at 0x117461098>
 <__main__.Word instance at 0x1174613b0>]";Violet;3_6;False;True;[['one'], ['this'], ['I'], ['want']];Iwantthisone;Iwantthisone;0.0416666666667;3.17805383035
55;[<__main__.Word instance at 0x117461200>];Violet;3_6;False;True;[['yeah']];yeah;yeah;1.0;0.0
56;"[<__main__.Word instance at 0x1174615f0>
 <__main__.Word instance at 0x117461290>
 <__main__.Word instance at 0x1174616c8>]";Violet;3_6;True;NaN;NaN;thelivingbed;NaN;NaN;NaN
57;"[<__main__.Word instance at 0x1174617a0>
 <__main__.Word instance at 0x117461638>]";Violet;3_6;False;True;[['night'], ['yeah']];yeahnight;yeahnight;0.5;0.69314718056
58;"[<__main__.Word instance at 0x117461710>
 <__main__.Word instance at 0x1174615a8>
 <__main__.Word instance at 0x1174617e8>
 <__main__.Word instance at 0x117461ab8>]";Violet;3_6;True;NaN;NaN;ofthelivingbed;NaN;NaN;NaN
59;"[<__main__.Word instance at 0x117461bd8>
 <__main__.Word instance at 0x117461320>
 <__main__.Word instance at 0x117461c68>
 <__main__.Word instance at 0x117461a28>
 <__main__.Word instance at 0x117461cf8>
 <__main__.Word instance at 0x117461a70>]";Violet;3_6;True;NaN;NaN;Elvisroosteralmostgoestoheaven;NaN;NaN;NaN
60;"[<__main__.Word instance at 0x117461950>
 <__main__.Word instance at 0x117461ea8>
 <__main__.Word instance at 0x117461170>
 <__main__.Word instance at 0x117461f80>
 <__main__.Word instance at 0x117465098>
 <__main__.Word instance at 0x117465368>
 <__main__.Word instance at 0x117465290>
 <__main__.Word instance at 0x117465440>]";Violet;3_6;False;False;[['bunnies'], ['from'], ['the', 'attack'], ['the', 'attack'], ['the', 'Easter']];theattacktheattackfromtheEasterbunnies;theattacktheattacktheEasterfrombunnies;0.00833333333333;-0.00836824967052
61;[<__main__.Word instance at 0x1174654d0>];Violet;3_6;False;True;[['no']];no;no;1.0;0.0
62;[<__main__.Word instance at 0x1174655a8>];Violet;3_6;False;True;[['Easter']];Easter;Easter;1.0;0.0
63;[<__main__.Word instance at 0x1174657a0>];Violet;3_6;False;True;[['Easter']];Easter;Easter;1.0;0.0
64;[<__main__.Word instance at 0x117465830>];Violet;3_6;True;NaN;NaN;yes;NaN;NaN;NaN
65;"[<__main__.Word instance at 0x117465b00>
 <__main__.Word instance at 0x117465a28>
 <__main__.Word instance at 0x117465b90>
 <__main__.Word instance at 0x117465950>
 <__main__.Word instance at 0x117465c68>
 <__main__.Word instance at 0x1174659e0>]";Violet;3_6;False;False;[['the', 'attack'], ['from'], ['the', 'Easter'], ['bunnies']];theattackfromtheEasterbunnies;theattackbunniestheEasterfrom;0.0416666666667;-0.0425596144188
66;"[<__main__.Word instance at 0x117465cf8>
 <__main__.Word instance at 0x117465ef0>
 <__main__.Word instance at 0x117465e60>
 <__main__.Word instance at 0x1174658c0>
 <__main__.Word instance at 0x117468098>
 <__main__.Word instance at 0x117468170>
 <__main__.Word instance at 0x117468200>
 <__main__.Word instance at 0x1174680e0>
 <__main__.Word instance at 0x1174682d8>
 <__main__.Word instance at 0x1174684d0>
 <__main__.Word instance at 0x117468368>
 <__main__.Word instance at 0x1174685a8>]";Violet;3_6;False;False;[['bunnies'], ['and'], ['and'], ['from'], ['Moo'], ['Minnie'], ['the', 'attack'], ['Moo'], ['Minnie'], ['the', 'Easter']];MinnieandMooMinnieandMootheattackfromtheEasterbunnies;theattacktheEasterMinnieandMooandMooMinniefrombunnies;2.7557319224e-07;-2.75573230236e-07
67;"[<__main__.Word instance at 0x117468518>
 <__main__.Word instance at 0x117468758>
 <__main__.Word instance at 0x1174687e8>]";Violet;3_6;True;NaN;NaN;it'sfunnyone;NaN;NaN;NaN
68;"[<__main__.Word instance at 0x1174689e0>
 <__main__.Word instance at 0x1174685f0>
 <__main__.Word instance at 0x117468cb0>
 <__main__.Word instance at 0x117468b90>
 <__main__.Word instance at 0x117468e60>
 <__main__.Word instance at 0x117468d88>
 <__main__.Word instance at 0x117468f38>]";Violet;3_6;True;NaN;NaN;Minniesnoozedundertheoldoaktree;NaN;NaN;NaN
69;[<__main__.Word instance at 0x117468c20>];Violet;3_6;False;True;[['no']];no;no;1.0;0.0
70;"[<__main__.Word instance at 0x117468dd0>
 <__main__.Word instance at 0x117468f80>]";Violet;3_6;True;NaN;NaN;Easterrabbit;NaN;NaN;NaN
71;"[<__main__.Word instance at 0x11746b170>
 <__main__.Word instance at 0x11746b0e0>]";Violet;3_6;False;True;[['no'], ['Easter']];noEaster;noEaster;0.5;0.69314718056
72;"[<__main__.Word instance at 0x11746b2d8>
 <__main__.Word instance at 0x11746b368>
 <__main__.Word instance at 0x11746b518>
 <__main__.Word instance at 0x11746b3f8>
 <__main__.Word instance at 0x11746b710>]";Violet;3_6;False;True;"[['too', 'big'], [""I'm""], ['Easter', 'bunny']]";I'mtoobigEasterbunny;I'mtoobigEasterbunny;0.166666666667;1.79175946923
73;[<__main__.Word instance at 0x11746b7a0>];Violet;3_6;True;NaN;NaN;other;NaN;NaN;NaN
74;[<__main__.Word instance at 0x11746b950>];Violet;3_6;False;True;[['Elvis']];Elvis;Elvis;1.0;0.0
75;"[<__main__.Word instance at 0x11746bc20>
 <__main__.Word instance at 0x11746bb48>
 <__main__.Word instance at 0x11746bcb0>
 <__main__.Word instance at 0x11746ba70>
 <__main__.Word instance at 0x11746bd88>
 <__main__.Word instance at 0x11746bb00>
 <__main__.Word instance at 0x11746bf80>]";Violet;3_6;True;NaN;NaN;I'mnothereIwenttoAus;NaN;NaN;NaN
76;[<__main__.Word instance at 0x11746b9e0>];Violet;3_6;True;NaN;NaN;trailia;NaN;NaN;NaN
77;[<__main__.Word instance at 0x11746b908>];Violet;3_6;False;True;[['yeah']];yeah;yeah;1.0;0.0
78;[<__main__.Word instance at 0x11746e170>];Violet;3_6;False;True;[['yeah']];yeah;yeah;1.0;0.0
79;"[<__main__.Word instance at 0x11746e0e0>
 <__main__.Word instance at 0x11746e3f8>
 <__main__.Word instance at 0x11746e2d8>
 <__main__.Word instance at 0x11746e5f0>]";Violet;3_6;True;NaN;NaN;godrivethepigs;NaN;NaN;NaN
80;[<__main__.Word instance at 0x11746e638>];Violet;3_6;True;NaN;NaN;pig;NaN;NaN;NaN
81;"[<__main__.Word instance at 0x11746e758>
 <__main__.Word instance at 0x11746e4d0>]";Violet;3_6;True;NaN;NaN;anotherpig;NaN;NaN;NaN
82;[<__main__.Word instance at 0x11746e908>];Violet;3_6;True;NaN;NaN;pig;NaN;NaN;NaN
83;"[<__main__.Word instance at 0x11746e9e0>
 <__main__.Word instance at 0x11746e560>]";Violet;3_6;True;NaN;NaN;anotherpig;NaN;NaN;NaN
84;"[<__main__.Word instance at 0x11746e950>
 <__main__.Word instance at 0x11746eb90>]";Violet;3_6;False;True;[['Easter', 'bunny']];Easterbunny;Easterbunny;1.0;0.0
85;"[<__main__.Word instance at 0x11746ec68>
 <__main__.Word instance at 0x11746eb00>]";Violet;3_6;False;True;"[['here'], [""we're""]]";we'rehere;we'rehere;0.5;0.69314718056
86;[<__main__.Word instance at 0x11746ebd8>];Violet;3_6;True;NaN;NaN;Hamlet;NaN;NaN;NaN
87;[<__main__.Word instance at 0x11746ecb0>];Violet;3_6;True;NaN;NaN;Mom;NaN;NaN;NaN
88;"[<__main__.Word instance at 0x11746ea28>
 <__main__.Word instance at 0x11746ef38>
 <__main__.Word instance at 0x11746ed88>
 <__main__.Word instance at 0x11746e440>
 <__main__.Word instance at 0x1174720e0>]";Violet;3_6;True;NaN;NaN;allthepigslookalike;NaN;NaN;NaN
89;"[<__main__.Word instance at 0x1174722d8>
 <__main__.Word instance at 0x117472128>
 <__main__.Word instance at 0x117472368>
 <__main__.Word instance at 0x117472200>
 <__main__.Word instance at 0x117472440>]";Violet;3_6;True;NaN;NaN;becausethey'rethesamecolor;NaN;NaN;NaN
90;"[<__main__.Word instance at 0x117472518>
 <__main__.Word instance at 0x117472098>]";Violet;3_6;True;NaN;NaN;thecloser;NaN;NaN;NaN
91;"[<__main__.Word instance at 0x1174723b0>
 <__main__.Word instance at 0x117472680>]";Violet;3_6;False;True;[['sheep'], ['a']];asheep;asheep;0.5;0.69314718056
92;"[<__main__.Word instance at 0x117472878>
 <__main__.Word instance at 0x117472710>
 <__main__.Word instance at 0x117472950>]";Violet;3_6;False;True;[['and'], ['one'], ['said']];andonesaid;andonesaid;0.166666666667;1.79175946923
93;[<__main__.Word instance at 0x1174728c0>];Violet;3_6;True;NaN;NaN;chapter;NaN;NaN;NaN
94;[<__main__.Word instance at 0x117472a70>];Violet;3_6;True;NaN;NaN;five;NaN;NaN;NaN
95;"[<__main__.Word instance at 0x117472830>
 <__main__.Word instance at 0x117472d88>]";Violet;3_6;False;True;[['the', 'Easter']];theEaster;theEaster;1.0;0.0
96;"[<__main__.Word instance at 0x117472e60>
 <__main__.Word instance at 0x117472560>
 <__main__.Word instance at 0x117472f38>
 <__main__.Word instance at 0x117472cf8>
 <__main__.Word instance at 0x117472b90>]";Violet;3_6;True;NaN;NaN;buthewasn'tEasterbunny;NaN;NaN;NaN
97;"[<__main__.Word instance at 0x117472ea8>
 <__main__.Word instance at 0x117472f80>]";Violet;3_6;False;True;[['Easter', 'bunny']];Easterbunny;Easterbunny;1.0;0.0
98;"[<__main__.Word instance at 0x117475050>
 <__main__.Word instance at 0x1174751b8>
 <__main__.Word instance at 0x1174752d8>]";Violet;3_6;True;NaN;NaN;I'veneverno;NaN;NaN;NaN
99;"[<__main__.Word instance at 0x1174755a8>
 <__main__.Word instance at 0x1174753b0>
 <__main__.Word instance at 0x117475710>]";Violet;3_6;False;True;[['bunny'], ['the', 'Easter']];theEasterbunny;theEasterbunny;0.5;0.69314718056
100;[<__main__.Word instance at 0x117475758>];Violet;3_6;False;True;[['no']];no;no;1.0;0.0
101;"[<__main__.Word instance at 0x117475638>
 <__main__.Word instance at 0x117475908>]";Violet;3_6;False;True;[['Easter', 'bunny']];Easterbunny;Easterbunny;1.0;0.0
102;"[<__main__.Word instance at 0x117475b00>
 <__main__.Word instance at 0x117475998>]";Violet;3_6;True;NaN;NaN;chaptersix;NaN;NaN;NaN
103;"[<__main__.Word instance at 0x1174753f8>
 <__main__.Word instance at 0x117475d40>]";Violet;3_6;False;True;[['the', 'Easter']];theEaster;theEaster;1.0;0.0
104;[<__main__.Word instance at 0x117475dd0>];Violet;3_6;False;True;[['what']];what;what;1.0;0.0
105;[<__main__.Word instance at 0x117475b48>];Violet;3_6;False;True;[['cow']];cow;cow;1.0;0.0
106;"[<__main__.Word instance at 0x117475cf8>
 <__main__.Word instance at 0x117478050>]";Violet;3_6;False;False;[['zoo'], ['cow']];zoocow;cowzoo;0.5;-0.69314718056
107;"[<__main__.Word instance at 0x117478320>
 <__main__.Word instance at 0x1174784d0>
 <__main__.Word instance at 0x1174786c8>
 <__main__.Word instance at 0x117478560>]";Violet;3_6;False;False;[['you'], ['when'], ['going'], ['are']];whenareyougoing;yougoingarewhen;0.0416666666667;-0.0425596144188
108;"[<__main__.Word instance at 0x117478200>
 <__main__.Word instance at 0x117478a70>
 <__main__.Word instance at 0x117478950>]";Violet;3_6;True;NaN;NaN;it'samoo;NaN;NaN;NaN
109;[<__main__.Word instance at 0x1174788c0>];Violet;3_6;True;NaN;NaN;Mom;NaN;NaN;NaN
110;"[<__main__.Word instance at 0x117478b90>
 <__main__.Word instance at 0x117478e60>]";Violet;3_6;False;True;[['bunny'], ['big']];bigbunny;bigbunny;0.5;0.69314718056
111;"[<__main__.Word instance at 0x117478e18>
 <__main__.Word instance at 0x117478fc8>
 <__main__.Word instance at 0x117478ef0>
 <__main__.Word instance at 0x117478f80>
 <__main__.Word instance at 0x11747c0e0>]";Violet;3_6;True;NaN;NaN;therewereotherbigones;NaN;NaN;NaN
112;"[<__main__.Word instance at 0x11747c050>
 <__main__.Word instance at 0x11747c290>]";Violet;3_6;False;True;[['Easter', 'bunny']];Easterbunny;Easterbunny;1.0;0.0
113;"[<__main__.Word instance at 0x11747c3b0>
 <__main__.Word instance at 0x11747c5a8>]";Violet;3_6;False;True;[['Easter', 'bunny']];Easterbunny;Easterbunny;1.0;0.0
114;"[<__main__.Word instance at 0x11747c680>
 <__main__.Word instance at 0x11747c758>]";Violet;3_6;True;NaN;NaN;bellybutton;NaN;NaN;NaN
115;[<__main__.Word instance at 0x11747c7e8>];Violet;3_6;True;NaN;NaN;ah;NaN;NaN;NaN
116;[<__main__.Word instance at 0x11747c9e0>];Violet;3_6;False;True;[['yeah']];yeah;yeah;1.0;0.0
117;"[<__main__.Word instance at 0x11747ca70>
 <__main__.Word instance at 0x11747c560>
 <__main__.Word instance at 0x11747cc68>
 <__main__.Word instance at 0x11747cb48>
 <__main__.Word instance at 0x11747cd40>
 <__main__.Word instance at 0x11747c878>]";Violet;3_6;False;True;[['my', 'mom'], ['okay'], ['was'], ['it'], ['said']];mymomsaiditwasokay;mymomsaiditwasokay;0.00833333333333;4.78749174278
118;"[<__main__.Word instance at 0x11747c1b8>
 <__main__.Word instance at 0x11747cfc8>]";Violet;3_6;True;NaN;NaN;Momsaid;NaN;NaN;NaN
119;[<__main__.Word instance at 0x11747cb00>];Violet;3_6;False;True;[['one']];one;one;1.0;0.0
120;[<__main__.Word instance at 0x1174820e0>];Violet;3_6;True;NaN;NaN;baa;NaN;NaN;NaN
121;"[<__main__.Word instance at 0x117482200>
 <__main__.Word instance at 0x1174823b0>
 <__main__.Word instance at 0x117482290>
 <__main__.Word instance at 0x1174825a8>]";Violet;3_6;False;True;"[['want'], ['it'], ['I'], [""don't""]]";Idon'twantit;Idon'twantit;0.0416666666667;3.17805383035
122;"[<__main__.Word instance at 0x117482680>
 <__main__.Word instance at 0x117482368>
 <__main__.Word instance at 0x117482710>]";Violet;3_6;False;False;[['this'], ['look', 'at']];lookatthis;thislookat;0.5;-0.69314718056
123;[<__main__.Word instance at 0x1174828c0>];Violet;3_6;True;NaN;NaN;white;NaN;NaN;NaN
124;"[<__main__.Word instance at 0x117482a70>
 <__main__.Word instance at 0x117482950>]";Violet;3_6;False;False;[['these'], ['read']];readthese;theseread;0.5;-0.69314718056
125;[<__main__.Word instance at 0x117482b00>];Violet;3_6;False;True;[['yeah']];yeah;yeah;1.0;0.0
126;"[<__main__.Word instance at 0x117482a28>
 <__main__.Word instance at 0x117482ea8>
 <__main__.Word instance at 0x117482d88>
 <__main__.Word instance at 0x117482f38>
 <__main__.Word instance at 0x11747f0e0>]";Violet;3_6;False;False;[['which'], ['one'], ['you'], ['do'], ['want']];whichonedoyouwant;doyouwantwhichone;0.00833333333333;-0.00836824967052
127;"[<__main__.Word instance at 0x11747f1b8>
 <__main__.Word instance at 0x11747f368>]";Violet;3_6;True;NaN;NaN;thepotato;NaN;NaN;NaN
128;"[<__main__.Word instance at 0x11747f3f8>
 <__main__.Word instance at 0x11747f5f0>
 <__main__.Word instance at 0x11747f050>
 <__main__.Word instance at 0x11747f7e8>
 <__main__.Word instance at 0x11747f680>
 <__main__.Word instance at 0x11747f878>]";Violet;3_6;True;NaN;NaN;thenightofthelivingbed;NaN;NaN;NaN
129;"[<__main__.Word instance at 0x11747fb00>
 <__main__.Word instance at 0x11747f950>
 <__main__.Word instance at 0x11747fc68>
 <__main__.Word instance at 0x11747f128>]";Violet;3_6;False;False;[['Minnie'], ['is'], ['I', 'think']];MinnieIthinkis;isIthinkMinnie;0.166666666667;-0.182321556794
130;[<__main__.Word instance at 0x11747fbd8>];Violet;3_6;False;True;[['yeah']];yeah;yeah;1.0;0.0
131;"[<__main__.Word instance at 0x11747fdd0>
 <__main__.Word instance at 0x11747ff80>]";Violet;3_6;False;True;[['I'], ['like']];Ilike;Ilike;0.5;0.69314718056
132;"[<__main__.Word instance at 0x11747fd40>
 <__main__.Word instance at 0x11747ffc8>
 <__main__.Word instance at 0x117486098>
 <__main__.Word instance at 0x117486248>
 <__main__.Word instance at 0x117486128>
 <__main__.Word instance at 0x1174863f8>]";Violet;3_6;False;False;"[['play'], [""cat's""], ['play'], [""cat's""], ['play'], [""cat's""]]";cat'splaycat'splaycat'splay;cat'splaycat'splayplaycat's;0.00138888888889;-0.00138985428905
133;"[<__main__.Word instance at 0x1174865f0>
 <__main__.Word instance at 0x117486488>
 <__main__.Word instance at 0x1174864d0>
 <__main__.Word instance at 0x1174863b0>
 <__main__.Word instance at 0x117486830>
 <__main__.Word instance at 0x117486710>
 <__main__.Word instance at 0x117486908>]";Violet;3_6;False;False;"[['then'], ['book'], ['play'], ['this'], ['read'], ['read', ""cat's""]]";readthisbookthenreadcat'splay;thenbookreadcat'splayreadthis;0.00138888888889;-0.00138985428905
134;"[<__main__.Word instance at 0x1174869e0>
 <__main__.Word instance at 0x117486878>]";Violet;3_6;False;True;"[['play'], [""cat's""]]";cat'splay;cat'splay;0.5;0.69314718056
135;"[<__main__.Word instance at 0x117486950>
 <__main__.Word instance at 0x117486b90>]";Violet;3_6;False;True;"[[""cat's""], ['play']]";cat'splay;cat'splay;0.5;0.69314718056
136;[<__main__.Word instance at 0x117486c20>];Violet;3_6;False;True;[['cat']];cat;cat;1.0;0.0
137;"[<__main__.Word instance at 0x117486cf8>
 <__main__.Word instance at 0x117486f80>]";Violet;3_6;False;True;[['to', 'eat']];toeat;toeat;1.0;0.0
138;[<__main__.Word instance at 0x117486f38>];Violet;3_6;True;NaN;NaN;balls;NaN;NaN;NaN
139;[<__main__.Word instance at 0x11748a1b8>];Violet;3_6;True;NaN;NaN;fly;NaN;NaN;NaN
140;[<__main__.Word instance at 0x11748a248>];Violet;3_6;False;True;[['no']];no;no;1.0;0.0
141;"[<__main__.Word instance at 0x11748a488>
 <__main__.Word instance at 0x11748a6c8>]";Violet;3_6;True;NaN;NaN;throwingballs;NaN;NaN;NaN
142;[<__main__.Word instance at 0x11748a758>];Violet;3_6;False;True;[['yeah']];yeah;yeah;1.0;0.0
143;[<__main__.Word instance at 0x11748a908>];Violet;3_6;True;NaN;NaN;end;NaN;NaN;NaN
144;"[<__main__.Word instance at 0x11748aab8>
 <__main__.Word instance at 0x11748ac68>]";Violet;3_6;True;NaN;NaN;GeorgeShrinkas;NaN;NaN;NaN
145;"[<__main__.Word instance at 0x11748ad40>
 <__main__.Word instance at 0x11748aa70>]";Violet;3_6;True;NaN;NaN;GeorgeShrinkas;NaN;NaN;NaN
146;"[<__main__.Word instance at 0x11748add0>
 <__main__.Word instance at 0x11748a830>]";Violet;3_6;True;NaN;NaN;GeorgeShrinks;NaN;NaN;NaN
147;"[<__main__.Word instance at 0x11748ab90>
 <__main__.Word instance at 0x11748d050>]";Violet;3_6;False;True;[['the'], ['the']];thethe;thethe;0.5;0.69314718056
148;"[<__main__.Word instance at 0x11748d440>
 <__main__.Word instance at 0x11748d170>]";Violet;3_6;True;NaN;NaN;thetiny;NaN;NaN;NaN
149;[<__main__.Word instance at 0x11748d560>];Violet;3_6;True;NaN;NaN;George;NaN;NaN;NaN
150;"[<__main__.Word instance at 0x11748d2d8>
 <__main__.Word instance at 0x11748d7e8>]";Violet;3_6;True;NaN;NaN;Georgeshrinks;NaN;NaN;NaN
151;"[<__main__.Word instance at 0x11748db00>
 <__main__.Word instance at 0x11748dc68>
 <__main__.Word instance at 0x11748dab8>]";Violet;3_6;True;NaN;NaN;tohissnuggle;NaN;NaN;NaN
152;[<__main__.Word instance at 0x11748d950>];Violet;3_6;False;True;[['yeah']];yeah;yeah;1.0;0.0
153;"[<__main__.Word instance at 0x11748dbd8>
 <__main__.Word instance at 0x11748dfc8>
 <__main__.Word instance at 0x11748df80>]";Violet;3_6;True;NaN;NaN;makeyourbed;NaN;NaN;NaN
154;"[<__main__.Word instance at 0x117490170>
 <__main__.Word instance at 0x117490758>
 <__main__.Word instance at 0x1174906c8>
 <__main__.Word instance at 0x117490830>
 <__main__.Word instance at 0x1174905f0>]";Violet;3_6;True;NaN;NaN;hesitsonthepillow;NaN;NaN;NaN
155;"[<__main__.Word instance at 0x117490a28>
 <__main__.Word instance at 0x117490c20>
 <__main__.Word instance at 0x117490998>
 <__main__.Word instance at 0x117490d88>]";Violet;3_6;True;NaN;NaN;hehadtheducky;NaN;NaN;NaN
156;"[<__main__.Word instance at 0x117490e60>
 <__main__.Word instance at 0x117490a70>
 <__main__.Word instance at 0x117490ef0>
 <__main__.Word instance at 0x117490b90>
 <__main__.Word instance at 0x117490c68>]";Violet;3_6;True;NaN;NaN;hegoesintheboat;NaN;NaN;NaN
157;"[<__main__.Word instance at 0x117493128>
 <__main__.Word instance at 0x117493488>
 <__main__.Word instance at 0x117493518>
 <__main__.Word instance at 0x117493368>
 <__main__.Word instance at 0x1174935a8>
 <__main__.Word instance at 0x1174931b8>
 <__main__.Word instance at 0x1174937a0>]";Violet;3_6;True;NaN;NaN;andhe'sshootingsomethingattheducky;NaN;NaN;NaN
158;[<__main__.Word instance at 0x117493830>];Violet;3_6;True;NaN;NaN;brother;NaN;NaN;NaN
159;"[<__main__.Word instance at 0x117493a70>
 <__main__.Word instance at 0x117493758>
 <__main__.Word instance at 0x117493ab8>]";Violet;3_6;True;NaN;NaN;he'ssmallerthan;NaN;NaN;NaN
160;"[<__main__.Word instance at 0x117493c68>
 <__main__.Word instance at 0x117493b48>
 <__main__.Word instance at 0x117493e18>
 <__main__.Word instance at 0x117493cf8>
 <__main__.Word instance at 0x117493ea8>]";Violet;3_6;True;NaN;NaN;hewalkwalkwalkwalk;NaN;NaN;NaN
161;[<__main__.Word instance at 0x117496050>];Violet;3_6;False;True;[['yeah']];yeah;yeah;1.0;0.0
162;"[<__main__.Word instance at 0x1174963b0>
 <__main__.Word instance at 0x117496290>
 <__main__.Word instance at 0x1174965a8>
 <__main__.Word instance at 0x117496440>]";Violet;3_6;True;NaN;NaN;they'renotplayingquietly;NaN;NaN;NaN
163;"[<__main__.Word instance at 0x117496680>
 <__main__.Word instance at 0x1174967e8>
 <__main__.Word instance at 0x117496488>]";Violet;3_6;False;False;[['they'], ['here'], ['but']];butherethey;heretheybut;0.166666666667;-0.182321556794
164;[<__main__.Word instance at 0x117496098>];Violet;3_6;False;True;[['yeah']];yeah;yeah;1.0;0.0
165;"[<__main__.Word instance at 0x117496950>
 <__main__.Word instance at 0x117496b90>
 <__main__.Word instance at 0x117496368>
 <__main__.Word instance at 0x117496c68>]";Violet;3_6;True;NaN;NaN;nowhishandsare;NaN;NaN;NaN
166;"[<__main__.Word instance at 0x117496cf8>
 <__main__.Word instance at 0x1174965f0>
 <__main__.Word instance at 0x117496f38>
 <__main__.Word instance at 0x117496bd8>
 <__main__.Word instance at 0x117496ef0>
 <__main__.Word instance at 0x117496d88>]";Violet;3_6;True;NaN;NaN;histhebrotherandthecat;NaN;NaN;NaN
167;"[<__main__.Word instance at 0x117499170>
 <__main__.Word instance at 0x117499200>
 <__main__.Word instance at 0x1174992d8>]";Violet;3_6;True;NaN;NaN;they'recominghome;NaN;NaN;NaN
168;"[<__main__.Word instance at 0x1174990e0>
 <__main__.Word instance at 0x1174993f8>]";Violet;3_6;True;NaN;NaN;acrossthe;NaN;NaN;NaN
169;[<__main__.Word instance at 0x117499050>];Violet;3_6;True;NaN;NaN;yah;NaN;NaN;NaN
170;"[<__main__.Word instance at 0x117499560>
 <__main__.Word instance at 0x1174995a8>
 <__main__.Word instance at 0x1174998c0>]";Violet;3_6;True;NaN;NaN;he'sbigagain;NaN;NaN;NaN
171;"[<__main__.Word instance at 0x1174999e0>
 <__main__.Word instance at 0x1174997a0>]";Violet;3_6;False;True;[['a'], ['dog']];adog;adog;0.5;0.69314718056
172;[<__main__.Word instance at 0x117499248>];Violet;3_6;False;True;[['dog']];dog;dog;1.0;0.0
173;[<__main__.Word instance at 0x117499a28>];Violet;3_6;False;True;[['book']];book;book;1.0;0.0
174;"[<__main__.Word instance at 0x117499b00>
 <__main__.Word instance at 0x117499e18>]";Violet;3_6;False;True;[['dog'], ['a']];adog;adog;0.5;0.69314718056
175;[<__main__.Word instance at 0x117499ef0>];Violet;3_6;True;NaN;NaN;George;NaN;NaN;NaN
176;"[<__main__.Word instance at 0x117499f80>
 <__main__.Word instance at 0x117499710>
 <__main__.Word instance at 0x117499dd0>
 <__main__.Word instance at 0x11749d1b8>]";Violet;3_6;True;NaN;NaN;whatitisshow;NaN;NaN;NaN
177;"[<__main__.Word instance at 0x11749d248>
 <__main__.Word instance at 0x11749d638>
 <__main__.Word instance at 0x11749d560>]";Violet;3_6;True;NaN;NaN;iceateice;NaN;NaN;NaN
178;[<__main__.Word instance at 0x11749d6c8>];Violet;3_6;False;True;[['yeah']];yeah;yeah;1.0;0.0
179;"[<__main__.Word instance at 0x11749d440>
 <__main__.Word instance at 0x11749dab8>]";Violet;3_6;True;NaN;NaN;Georgemommy;NaN;NaN;NaN
180;[<__main__.Word instance at 0x11749db90>];Violet;3_6;True;NaN;NaN;shrinks;NaN;NaN;NaN
181;"[<__main__.Word instance at 0x11749dc20>
 <__main__.Word instance at 0x11749db00>
 <__main__.Word instance at 0x11749de18>
 <__main__.Word instance at 0x11749dcb0>]";Violet;3_6;True;NaN;NaN;gomomI;NaN;NaN;NaN
182;"[<__main__.Word instance at 0x11749def0>
 <__main__.Word instance at 0x11749de60>
 <__main__.Word instance at 0x1174a4098>]";Violet;3_6;True;NaN;NaN;gomom;NaN;NaN;NaN
183;"[<__main__.Word instance at 0x1174a4290>
 <__main__.Word instance at 0x1174a43f8>
 <__main__.Word instance at 0x1174a41b8>]";Violet;3_6;True;NaN;NaN;themomI;NaN;NaN;NaN
184;"[<__main__.Word instance at 0x1174a43b0>
 <__main__.Word instance at 0x1174a4440>
 <__main__.Word instance at 0x1174a45f0>
 <__main__.Word instance at 0x1174a4368>
 <__main__.Word instance at 0x1174a47a0>
 <__main__.Word instance at 0x1174a4710>
 <__main__.Word instance at 0x1174a4878>
 <__main__.Word instance at 0x1174a4560>]";Violet;3_6;True;NaN;NaN;I'mjusthuggingyahuggingyahuggingya;NaN;NaN;NaN
185;"[<__main__.Word instance at 0x1174a4908>
 <__main__.Word instance at 0x1174a4bd8>
 <__main__.Word instance at 0x1174a4ab8>]";Violet;3_6;True;NaN;NaN;doggydoggydoggy;NaN;NaN;NaN
186;[<__main__.Word instance at 0x1174a4c68>];Violet;3_6;False;True;[['dog']];dog;dog;1.0;0.0
187;"[<__main__.Word instance at 0x1174a4b90>
 <__main__.Word instance at 0x1174a11b8>
 <__main__.Word instance at 0x1174a10e0>
 <__main__.Word instance at 0x1174a1488>
 <__main__.Word instance at 0x1174a13b0>
 <__main__.Word instance at 0x1174a1638>]";Violet;3_6;True;NaN;NaN;I'mhuggingandhuggingyourhead;NaN;NaN;NaN
188;"[<__main__.Word instance at 0x1174a16c8>
 <__main__.Word instance at 0x1174a1248>
 <__main__.Word instance at 0x1174a1830>
 <__main__.Word instance at 0x1174a19e0>
 <__main__.Word instance at 0x1174a14d0>
 <__main__.Word instance at 0x1174a1a70>]";Violet;3_6;True;NaN;NaN;I'mhuggingandhuggingyourhead;NaN;NaN;NaN
189;"[<__main__.Word instance at 0x1174a1b00>
 <__main__.Word instance at 0x1174a1320>
 <__main__.Word instance at 0x1174a1c20>
 <__main__.Word instance at 0x1174a15f0>
 <__main__.Word instance at 0x1174a1f80>
 <__main__.Word instance at 0x1174a7098>]";Violet;3_6;True;NaN;NaN;I'mhuggingandhuggingyourhead;NaN;NaN;NaN
190;"[<__main__.Word instance at 0x1174a70e0>
 <__main__.Word instance at 0x1174a73b0>
 <__main__.Word instance at 0x1174a7290>
 <__main__.Word instance at 0x1174a7a28>]";Violet;3_6;True;NaN;NaN;isthisyoursweatshirt;NaN;NaN;NaN
191;"[<__main__.Word instance at 0x1174a7ab8>
 <__main__.Word instance at 0x1174a79e0>
 <__main__.Word instance at 0x1174a7cb0>
 <__main__.Word instance at 0x1174a7b90>]";Violet;3_6;True;NaN;NaN;arewedonetaping;NaN;NaN;NaN
192;"[<__main__.Word instance at 0x1174a7a70>
 <__main__.Word instance at 0x1174a7f38>
 <__main__.Word instance at 0x1174a7dd0>
 <__main__.Word instance at 0x1174a77e8>]";Violet;3_6;True;NaN;NaN;arewedonetaping;NaN;NaN;NaN
193;"[<__main__.Word instance at 0x1174a2248>
 <__main__.Word instance at 0x1174a20e0>
 <__main__.Word instance at 0x1174a22d8>
 <__main__.Word instance at 0x1174a25f0>
 <__main__.Word instance at 0x1174a24d0>]";Violet;3_6;True;NaN;NaN;whyarewenotdone;NaN;NaN;NaN
194;"[<__main__.Word instance at 0x1174a2758>
 <__main__.Word instance at 0x1174a2638>
 <__main__.Word instance at 0x1174a2908>]";Violet;3_6;False;True;[['want'], ['I'], ['to']];Iwantto;Iwantto;0.166666666667;1.79175946923
195;"[<__main__.Word instance at 0x1174a2ab8>
 <__main__.Word instance at 0x1174a2998>
 <__main__.Word instance at 0x1174a2c68>
 <__main__.Word instance at 0x1174a2b48>]";Violet;3_6;False;True;[['want'], ['read'], ['I'], ['to']];Iwanttoread;Iwanttoread;0.0416666666667;3.17805383035
196;"[<__main__.Word instance at 0x1174a2cf8>
 <__main__.Word instance at 0x1174a2f80>
 <__main__.Word instance at 0x1174a2440>
 <__main__.Word instance at 0x1174a2fc8>
 <__main__.Word instance at 0x1174a2d40>]";Violet;3_6;False;False;[['slipping'], ['I'], ['keep'], ['slipping'], ['and']];Ikeepslippingandslipping;slippingandIkeepslipping;0.00833333333333;-0.00836824967052
197;[<__main__.Word instance at 0x1174ad248>];Violet;3_6;False;True;[['what']];what;what;1.0;0.0
198;[<__main__.Word instance at 0x1174ad440>];Violet;3_6;True;NaN;NaN;parts;NaN;NaN;NaN
199;"[<__main__.Word instance at 0x1174ad560>
 <__main__.Word instance at 0x1174ad320>
 <__main__.Word instance at 0x1174ad5f0>]";Violet;3_6;True;NaN;NaN;itsaysaparts;NaN;NaN;NaN
200;[<__main__.Word instance at 0x1174ad680>];Violet;3_6;True;NaN;NaN;Picerne;NaN;NaN;NaN
201;[<__main__.Word instance at 0x1174ad998>];Violet;3_6;True;NaN;NaN;aparts;NaN;NaN;NaN
202;"[<__main__.Word instance at 0x1174adb00>
 <__main__.Word instance at 0x1174adcf8>
 <__main__.Word instance at 0x1174adab8>
 <__main__.Word instance at 0x1174add88>]";Violet;3_6;True;NaN;NaN;MexicoMexicoMexicobook;NaN;NaN;NaN
203;"[<__main__.Word instance at 0x1174adf80>
 <__main__.Word instance at 0x1174ade18>
 <__main__.Word instance at 0x1174adb90>]";Violet;3_6;True;NaN;NaN;eatthischocolate;NaN;NaN;NaN
204;"[<__main__.Word instance at 0x1174adf38>
 <__main__.Word instance at 0x1174ad908>]";Violet;3_6;True;NaN;NaN;adoffee;NaN;NaN;NaN
205;[<__main__.Word instance at 0x1174b0128>];Violet;3_6;False;True;[['yeah']];yeah;yeah;1.0;0.0
206;"[<__main__.Word instance at 0x1174b01b8>
 <__main__.Word instance at 0x1174b03b0>
 <__main__.Word instance at 0x1174b05a8>
 <__main__.Word instance at 0x1174b0440>
 <__main__.Word instance at 0x1174b0488>
 <__main__.Word instance at 0x1174b02d8>]";Violet;3_6;True;NaN;NaN;soIlovecoffeeIthink;NaN;NaN;NaN
207;"[<__main__.Word instance at 0x1174b06c8>
 <__main__.Word instance at 0x1174b08c0>
 <__main__.Word instance at 0x1174b0680>
 <__main__.Word instance at 0x1174b0950>
 <__main__.Word instance at 0x1174b0b00>
 <__main__.Word instance at 0x1174b09e0>]";Violet;3_6;True;NaN;NaN;IlovehotcoffeeIthink;NaN;NaN;NaN
208;"[<__main__.Word instance at 0x1174b0cf8>
 <__main__.Word instance at 0x1174b0ef0>
 <__main__.Word instance at 0x1174b05f0>]";Violet;3_6;True;NaN;NaN;we'renotdone;NaN;NaN;NaN
209;"[<__main__.Word instance at 0x1174b0e60>
 <__main__.Word instance at 0x1174b0b90>
 <__main__.Word instance at 0x1174b41b8>]";Violet;3_6;False;True;"[['there'], ['right'], [""we're""]]";we'rerightthere;we'rerightthere;0.166666666667;1.79175946923
210;[<__main__.Word instance at 0x1174b4248>];Violet;3_6;False;True;[['yeah']];yeah;yeah;1.0;0.0
211;"[<__main__.Word instance at 0x1174b42d8>
 <__main__.Word instance at 0x1174b4638>
 <__main__.Word instance at 0x1174b4680>
 <__main__.Word instance at 0x1174b4560>
 <__main__.Word instance at 0x1174b4488>
 <__main__.Word instance at 0x1174b4950>
 <__main__.Word instance at 0x1174b4830>]";Violet;3_6;False;False;[['of', 'those'], ['one'], ['did'], ['see'], ['we'], ['no']];nodidweseeoneofthose;didweseenoofthoseone;0.00138888888889;-0.00138985428905
212;"[<__main__.Word instance at 0x1174b45a8>
 <__main__.Word instance at 0x1174b4bd8>
 <__main__.Word instance at 0x1174b4a70>]";Violet;3_6;False;False;[['and'], ['those'], ['one']];andonethose;andthoseone;0.166666666667;-0.182321556794
213;"[<__main__.Word instance at 0x1174b4b90>
 <__main__.Word instance at 0x1174b4e18>
 <__main__.Word instance at 0x1174b4d40>
 <__main__.Word instance at 0x1174b4fc8>]";Violet;3_6;True;NaN;NaN;Isawapork;NaN;NaN;NaN
214;"[<__main__.Word instance at 0x1174b4c68>
 <__main__.Word instance at 0x1174b4cb0>]";Violet;3_6;False;True;[['I'], ['saw']];Isaw;Isaw;0.5;0.69314718056
215;"[<__main__.Word instance at 0x1174b71b8>
 <__main__.Word instance at 0x1174b7050>
 <__main__.Word instance at 0x1174b7248>
 <__main__.Word instance at 0x1174b73f8>
 <__main__.Word instance at 0x1174b72d8>]";Violet;3_6;False;False;"[['down'], ['there'], [""he's""], ['I', 'think']]";Ithinkhe'sdownthere;therehe'sdownIthink;0.0416666666667;-0.0425596144188
216;"[<__main__.Word instance at 0x1174b7488>
 <__main__.Word instance at 0x1174b74d0>
 <__main__.Word instance at 0x1174b73b0>]";Violet;3_6;True;NaN;NaN;thatonehas;NaN;NaN;NaN
217;"[<__main__.Word instance at 0x1174b76c8>
 <__main__.Word instance at 0x1174b7a28>
 <__main__.Word instance at 0x1174b78c0>
 <__main__.Word instance at 0x1174b7ab8>
 <__main__.Word instance at 0x1174b7710>
 <__main__.Word instance at 0x1174b7b90>]";Violet;3_6;True;NaN;NaN;colorsoftheoftheparrot;NaN;NaN;NaN
218;"[<__main__.Word instance at 0x1174b7e18>
 <__main__.Word instance at 0x1174b7cf8>
 <__main__.Word instance at 0x1174b7ea8>
 <__main__.Word instance at 0x1174b79e0>
 <__main__.Word instance at 0x1174b7fc8>
 <__main__.Word instance at 0x1174b7b48>
 <__main__.Word instance at 0x1174b7c20>]";Violet;3_6;True;NaN;NaN;thatonehascolorslikeaparrot;NaN;NaN;NaN
219;"[<__main__.Word instance at 0x1174ba1b8>
 <__main__.Word instance at 0x1174ba098>
 <__main__.Word instance at 0x1174ba368>
 <__main__.Word instance at 0x1174ba248>
 <__main__.Word instance at 0x1174ba5a8>]";Violet;3_6;False;False;"[['where'], ['we'], [""that's""], ['yeah'], ['were']]";yeahthat'swherewewere;that'swherewereyeahwe;0.00833333333333;-0.00836824967052
220;"[<__main__.Word instance at 0x1174ba7a0>
 <__main__.Word instance at 0x1174ba6c8>
 <__main__.Word instance at 0x1174bab00>
 <__main__.Word instance at 0x1174ba9e0>
 <__main__.Word instance at 0x1174babd8>
 <__main__.Word instance at 0x1174ba680>
 <__main__.Word instance at 0x1174bac68>]";Violet;3_6;True;NaN;NaN;andthesethisiswherewelived;NaN;NaN;NaN
221;[<__main__.Word instance at 0x1174bae60>];Violet;3_6;True;NaN;NaN;&wa;NaN;NaN;NaN
222;[<__main__.Word instance at 0x1174baf80>];Violet;3_6;True;NaN;NaN;caves;NaN;NaN;NaN
223;[<__main__.Word instance at 0x1174bab48>];Violet;3_6;True;NaN;NaN;Mom;NaN;NaN;NaN
224;"[<__main__.Word instance at 0x1174bd050>
 <__main__.Word instance at 0x1174bd200>]";Violet;3_6;True;NaN;NaN;cavediving;NaN;NaN;NaN
225;"[<__main__.Word instance at 0x1174bd518>
 <__main__.Word instance at 0x1174bd440>]";Violet;3_6;True;NaN;NaN;cavediving;NaN;NaN;NaN
226;"[<__main__.Word instance at 0x1174bd5a8>
 <__main__.Word instance at 0x1174bd758>
 <__main__.Word instance at 0x1174bd2d8>
 <__main__.Word instance at 0x1174bd908>
 <__main__.Word instance at 0x1174bd8c0>
 <__main__.Word instance at 0x1174bd830>
 <__main__.Word instance at 0x1174bdab8>]";Violet;3_6;True;NaN;NaN;isthatyourfavoritekindoftree;NaN;NaN;NaN
227;[<__main__.Word instance at 0x1174bdc68>];Violet;3_6;False;True;[['no']];no;no;1.0;0.0
228;"[<__main__.Word instance at 0x1174bde18>
 <__main__.Word instance at 0x1174bdcf8>]";Violet;3_6;True;NaN;NaN;whyvolcano;NaN;NaN;NaN
229;"[<__main__.Word instance at 0x1174bdea8>
 <__main__.Word instance at 0x1174bde60>
 <__main__.Word instance at 0x1174bdc20>]";Violet;3_6;False;False;[['what'], ['that'], ['is']];whatisthat;isthatwhat;0.166666666667;-0.182321556794
230;[<__main__.Word instance at 0x1174c0248>];Violet;3_6;False;True;[['what']];what;what;1.0;0.0
231;[<__main__.Word instance at 0x1174c03f8>];Violet;3_6;False;True;[['water']];water;water;1.0;0.0
232;[<__main__.Word instance at 0x1174c07a0>];Violet;3_6;False;True;[['cow']];cow;cow;1.0;0.0
233;[<__main__.Word instance at 0x1174c08c0>];Violet;3_6;True;NaN;NaN;butterfly;NaN;NaN;NaN
234;[<__main__.Word instance at 0x1174c06c8>];Violet;3_6;False;True;[['no']];no;no;1.0;0.0
235;"[<__main__.Word instance at 0x1174c09e0>
 <__main__.Word instance at 0x1174c0b90>
 <__main__.Word instance at 0x1174c05f0>
 <__main__.Word instance at 0x1174c0c68>
 <__main__.Word instance at 0x1174c0998>]";Violet;3_6;False;True;[['one'], ['tiger'], ['wanna'], ['a'], ['see']];wannaseeatigerone;wannaseeatigerone;0.00833333333333;4.78749174278
236;[<__main__.Word instance at 0x1174c0d40>];Violet;3_6;False;True;[['yeah']];yeah;yeah;1.0;0.0
237;[<__main__.Word instance at 0x1174c0e60>];Violet;3_6;True;NaN;NaN;butterfly;NaN;NaN;NaN
238;"[<__main__.Word instance at 0x1174c0ef0>
 <__main__.Word instance at 0x1174c0908>
 <__main__.Word instance at 0x1174c3098>]";Violet;3_6;True;NaN;NaN;butwasonly;NaN;NaN;NaN
239;"[<__main__.Word instance at 0x1174c3248>
 <__main__.Word instance at 0x1174c30e0>
 <__main__.Word instance at 0x1174c3320>]";Violet;3_6;False;True;[['those'], ['we', 'saw']];wesawthose;wesawthose;0.5;0.69314718056
240;[<__main__.Word instance at 0x1174c33b0>];Violet;3_6;False;True;[['no']];no;no;1.0;0.0
241;"[<__main__.Word instance at 0x1174c34d0>
 <__main__.Word instance at 0x1174c3560>
 <__main__.Word instance at 0x1174c3710>
 <__main__.Word instance at 0x1174c35f0>]";Violet;3_6;True;NaN;NaN;arethesesnakesvenomous;NaN;NaN;NaN
242;"[<__main__.Word instance at 0x1174c38c0>
 <__main__.Word instance at 0x1174c3b48>
 <__main__.Word instance at 0x1174c3a28>]";Violet;3_6;False;True;[['and'], ['these', 'ones']];andtheseones;andtheseones;0.5;0.69314718056
243;"[<__main__.Word instance at 0x1174c3d88>
 <__main__.Word instance at 0x1174c3c68>
 <__main__.Word instance at 0x1174c3f80>
 <__main__.Word instance at 0x1174c3e60>]";Violet;3_6;False;False;[['one'], ['not'], ['why'], ['this']];whynotthisone;whythisonenot;0.0416666666667;-0.0425596144188
244;[<__main__.Word instance at 0x1174c37e8>];Violet;3_6;False;True;[['yeah']];yeah;yeah;1.0;0.0
245;"[<__main__.Word instance at 0x1174c6050>
 <__main__.Word instance at 0x1174c6248>
 <__main__.Word instance at 0x1174c63f8>]";Violet;3_6;False;True;[['not'], ['this', 'guy']];thisguynot;thisguynot;0.5;0.69314718056
246;"[<__main__.Word instance at 0x1174c6638>
 <__main__.Word instance at 0x1174c64d0>
 <__main__.Word instance at 0x1174c66c8>
 <__main__.Word instance at 0x1174c6878>]";Violet;3_6;False;False;[['but'], ['venomous'], ['looks'], ['he']];buthelooksvenomous;helooksvenomousbut;0.0416666666667;-0.0425596144188
247;"[<__main__.Word instance at 0x1174c6ab8>
 <__main__.Word instance at 0x1174c6950>
 <__main__.Word instance at 0x1174c6b48>
 <__main__.Word instance at 0x1174c6830>]";Violet;3_6;False;False;[['is'], ['venomous'], ['this', 'guy']];isthisguyvenomous;thisguyisvenomous;0.166666666667;-0.182321556794
248;"[<__main__.Word instance at 0x1174c6bd8>
 <__main__.Word instance at 0x1174c6f80>
 <__main__.Word instance at 0x1174c63b0>]";Violet;3_6;False;True;[['not'], ['this', 'guy']];thisguynot;thisguynot;0.5;0.69314718056
249;"[<__main__.Word instance at 0x1174c6ef0>
 <__main__.Word instance at 0x1174c6dd0>
 <__main__.Word instance at 0x1174c6cb0>]";Violet;3_6;False;True;[['not'], ['this', 'guy']];thisguynot;thisguynot;0.5;0.69314718056
250;"[<__main__.Word instance at 0x1174c9098>
 <__main__.Word instance at 0x1174c92d8>
 <__main__.Word instance at 0x1174c93b0>]";Violet;3_6;True;NaN;NaN;thisguyvenom;NaN;NaN;NaN
251;"[<__main__.Word instance at 0x1174c9320>
 <__main__.Word instance at 0x1174c9518>
 <__main__.Word instance at 0x1174c93f8>]";Violet;3_6;False;True;[['this', 'guy'], ['venomous']];thisguyvenomous;thisguyvenomous;0.5;0.69314718056
252;"[<__main__.Word instance at 0x1174c9758>
 <__main__.Word instance at 0x1174c98c0>
 <__main__.Word instance at 0x1174c9638>
 <__main__.Word instance at 0x1174c9a70>]";Violet;3_6;False;False;[['this', 'guy'], ['venomous'], ['is']];isthisguyvenomous;thisguyisvenomous;0.166666666667;-0.182321556794
253;"[<__main__.Word instance at 0x1174c9c68>
 <__main__.Word instance at 0x1174c9b48>
 <__main__.Word instance at 0x1174c9e60>
 <__main__.Word instance at 0x1174c9cf8>]";Violet;3_6;False;False;[['this', 'guy'], ['venomous'], ['is']];isthisguyvenomous;thisguyisvenomous;0.166666666667;-0.182321556794
254;"[<__main__.Word instance at 0x1174c9ea8>
 <__main__.Word instance at 0x1174c9248>
 <__main__.Word instance at 0x1174cc050>
 <__main__.Word instance at 0x1174cc290>]";Violet;3_6;False;True;[['this', 'guy'], ['looks'], ['venomous']];thisguylooksvenomous;thisguylooksvenomous;0.166666666667;1.79175946923
255;"[<__main__.Word instance at 0x1174cc2d8>
 <__main__.Word instance at 0x1174cc560>
 <__main__.Word instance at 0x1174cc440>]";Violet;3_6;False;False;"[['but'], ['not'], [""he's""]]";buthe'snot;he'sbutnot;0.166666666667;-0.182321556794
256;"[<__main__.Word instance at 0x1174cc878>
 <__main__.Word instance at 0x1174cc758>
 <__main__.Word instance at 0x1174cca70>
 <__main__.Word instance at 0x1174cc998>]";Violet;3_6;False;False;[['is'], ['venomous'], ['this', 'guy']];isthisguyvenomous;thisguyisvenomous;0.166666666667;-0.182321556794
257;"[<__main__.Word instance at 0x1174ccb90>
 <__main__.Word instance at 0x1174ccdd0>
 <__main__.Word instance at 0x1174cccf8>
 <__main__.Word instance at 0x1174cca28>
 <__main__.Word instance at 0x1174cf050>]";Violet;3_6;False;False;[['tell'], ['him'], ['it'], ['about'], ['does']];doesittellabouthim;doesitabouthimtell;0.00833333333333;-0.00836824967052
258;"[<__main__.Word instance at 0x1174cf248>
 <__main__.Word instance at 0x1174cf518>
 <__main__.Word instance at 0x1174cf3b0>
 <__main__.Word instance at 0x1174cf5a8>]";Violet;3_6;False;False;[['this', 'guy'], ['is'], ['venomous']];isthisguyvenomous;thisguyisvenomous;0.166666666667;-0.182321556794
259;"[<__main__.Word instance at 0x1174cf758>
 <__main__.Word instance at 0x1174cf638>
 <__main__.Word instance at 0x1174cf998>
 <__main__.Word instance at 0x1174cf830>
 <__main__.Word instance at 0x1174cf878>
 <__main__.Word instance at 0x1174cf710>
 <__main__.Word instance at 0x1174cfb90>
 <__main__.Word instance at 0x1174cfab8>
 <__main__.Word instance at 0x1174cfcf8>
 <__main__.Word instance at 0x1174cfcb0>
 <__main__.Word instance at 0x1174cff38>
 <__main__.Word instance at 0x1174cfe18>]";Violet;3_6;True;NaN;NaN;Ithinkthisguy'snotbecausehedoesn'thaveameanface;NaN;NaN;NaN
260;[<__main__.Word instance at 0x1174cfa70>];Violet;3_6;False;True;[['yeah']];yeah;yeah;1.0;0.0
261;"[<__main__.Word instance at 0x1174d2248>
 <__main__.Word instance at 0x1174d2170>
 <__main__.Word instance at 0x1174d23b0>]";Violet;3_6;True;NaN;NaN;becausemeanmeans;NaN;NaN;NaN
262;[<__main__.Word instance at 0x1174d2440>];Violet;3_6;False;True;[['yeah']];yeah;yeah;1.0;0.0
263;"[<__main__.Word instance at 0x1174d2680>
 <__main__.Word instance at 0x1174d2560>
 <__main__.Word instance at 0x1174d2830>
 <__main__.Word instance at 0x1174d2758>
 <__main__.Word instance at 0x1174d2908>
 <__main__.Word instance at 0x1174d25a8>]";Violet;3_6;False;False;[['we'], ['did'], ['see'], ['of', 'those'], ['one']];didweseeoneofthose;didweseeofthoseone;0.00833333333333;-0.00836824967052
264;[<__main__.Word instance at 0x1174d2878>];Violet;3_6;False;True;[['tiger']];tiger;tiger;1.0;0.0
265;[<__main__.Word instance at 0x1174d2b00>];Violet;3_6;False;True;[['tiger']];tiger;tiger;1.0;0.0
266;[<__main__.Word instance at 0x1174d2cb0>];Violet;3_6;False;True;[['yeah']];yeah;yeah;1.0;0.0
267;"[<__main__.Word instance at 0x1174d2e60>
 <__main__.Word instance at 0x1174d2d40>
 <__main__.Word instance at 0x1174d2ef0>
 <__main__.Word instance at 0x1174d2950>]";Violet;3_6;True;NaN;NaN;isthatatoucan;NaN;NaN;NaN
268;[<__main__.Word instance at 0x1174d5050>];Violet;3_6;True;NaN;NaN;Kiobeld;NaN;NaN;NaN
269;[<__main__.Word instance at 0x1174d5560>];Violet;3_6;True;NaN;NaN;&;NaN;NaN;NaN
270;[<__main__.Word instance at 0x1174d55f0>];Violet;3_6;False;True;[['what']];what;what;1.0;0.0
271;[<__main__.Word instance at 0x1174d5680>];Violet;3_6;False;True;[['this']];this;this;1.0;0.0
272;[<__main__.Word instance at 0x1174d5878>];Violet;3_6;True;NaN;NaN;wow;NaN;NaN;NaN
273;[<__main__.Word instance at 0x1174d5a28>];Violet;3_6;True;NaN;NaN;yay;NaN;NaN;NaN
274;[<__main__.Word instance at 0x1174d5bd8>];Violet;3_6;True;NaN;NaN;Mom;NaN;NaN;NaN
275;[<__main__.Word instance at 0x1174d5cf8>];Violet;3_6;True;NaN;NaN;jaguar;NaN;NaN;NaN
276;[<__main__.Word instance at 0x1174d5e60>];Violet;3_6;True;NaN;NaN;jaguar;NaN;NaN;NaN
277;"[<__main__.Word instance at 0x1174d5e18>
 <__main__.Word instance at 0x1174d9050>
 <__main__.Word instance at 0x1174d9248>
 <__main__.Word instance at 0x1174d90e0>]";Violet;3_6;True;NaN;NaN;whoareyoucalling;NaN;NaN;NaN
278;[<__main__.Word instance at 0x1174d9518>];Violet;3_6;False;True;[['what']];what;what;1.0;0.0
279;"[<__main__.Word instance at 0x1174d9680>
 <__main__.Word instance at 0x1174d9560>
 <__main__.Word instance at 0x1174d9878>
 <__main__.Word instance at 0x1174d9758>
 <__main__.Word instance at 0x1174d9a28>
 <__main__.Word instance at 0x1174d9908>]";Violet;3_6;True;NaN;NaN;whoareyouyoutalkingto;NaN;NaN;NaN
280;[<__main__.Word instance at 0x1174d9ab8>];Violet;3_6;False;True;[['yeah']];yeah;yeah;1.0;0.0
281;[<__main__.Word instance at 0x1174d9c68>];Violet;3_6;False;True;[['yeah']];yeah;yeah;1.0;0.0
282;"[<__main__.Word instance at 0x1174d9b00>
 <__main__.Word instance at 0x1174d9ef0>
 <__main__.Word instance at 0x1174d9c20>]";Violet;3_6;True;NaN;NaN;royalflycatcher;NaN;NaN;NaN
283;"[<__main__.Word instance at 0x1174d99e0>
 <__main__.Word instance at 0x1174dd170>
 <__main__.Word instance at 0x1174dd200>
 <__main__.Word instance at 0x1174dd3b0>]";Violet;3_6;True;NaN;NaN;snowycatingasnowycatinga;NaN;NaN;NaN
284;"[<__main__.Word instance at 0x1174dd5a8>
 <__main__.Word instance at 0x1174dd488>
 <__main__.Word instance at 0x1174dd758>]";Violet;3_6;True;NaN;NaN;hahaha;NaN;NaN;NaN
285;"[<__main__.Word instance at 0x1174dda28>
 <__main__.Word instance at 0x1174dd830>
 <__main__.Word instance at 0x1174ddb90>]";Violet;3_6;True;NaN;NaN;theycaughtsomething;NaN;NaN;NaN
286;[<__main__.Word instance at 0x1174ddd88>];Violet;3_6;False;True;[['yeah']];yeah;yeah;1.0;0.0
287;"[<__main__.Word instance at 0x1174ddea8>
 <__main__.Word instance at 0x1174ddc68>
 <__main__.Word instance at 0x1174ddf38>
 <__main__.Word instance at 0x1174dd710>
 <__main__.Word instance at 0x1174dd950>
 <__main__.Word instance at 0x1174ddfc8>]";Violet;3_6;True;NaN;NaN;IthinkIthinktapirtoo;NaN;NaN;NaN
288;"[<__main__.Word instance at 0x1174e02d8>
 <__main__.Word instance at 0x1174e0440>
 <__main__.Word instance at 0x1174e0560>]";Violet;3_6;True;NaN;NaN;isthispossum;NaN;NaN;NaN
289;[<__main__.Word instance at 0x1174e0638>];Violet;3_6;False;True;[['what']];what;what;1.0;0.0
290;[<__main__.Word instance at 0x1174e07e8>];Violet;3_6;False;True;[['yeah']];yeah;yeah;1.0;0.0
291;"[<__main__.Word instance at 0x1174e0a28>
 <__main__.Word instance at 0x1174e08c0>
 <__main__.Word instance at 0x1174e0b00>
 <__main__.Word instance at 0x1174e07a0>]";Violet;3_6;True;NaN;NaN;maybewasthegoody;NaN;NaN;NaN
292;[<__main__.Word instance at 0x1174e0a70>];Violet;3_6;False;True;[['yeah']];yeah;yeah;1.0;0.0
293;"[<__main__.Word instance at 0x1174e0d88>
 <__main__.Word instance at 0x1174e0f80>
 <__main__.Word instance at 0x1174e0ef0>
 <__main__.Word instance at 0x1174e2050>
 <__main__.Word instance at 0x1174e2320>]";Violet;3_6;True;NaN;NaN;kinkajouscomeoutatnight;NaN;NaN;NaN
294;"[<__main__.Word instance at 0x1174e25a8>
 <__main__.Word instance at 0x1174e2518>
 <__main__.Word instance at 0x1174e27a0>
 <__main__.Word instance at 0x1174e26c8>
 <__main__.Word instance at 0x1174e2830>
 <__main__.Word instance at 0x1174e20e0>
 <__main__.Word instance at 0x1174e2908>
 <__main__.Word instance at 0x1174e23b0>]";Violet;3_6;False;False;[['guy'], ['that'], ['out'], ['too'], ['night'], ['come'], ['does'], ['at']];doesthatguycomeoutatnighttoo;doescomenighttooatthatoutguy;2.48015873016e-05;-2.4801894866e-05
295;"[<__main__.Word instance at 0x1174e29e0>
 <__main__.Word instance at 0x1174e2bd8>
 <__main__.Word instance at 0x1174e24d0>
 <__main__.Word instance at 0x1174e2ef0>
 <__main__.Word instance at 0x1174e25f0>
 <__main__.Word instance at 0x1174e2f80>
 <__main__.Word instance at 0x1174e2d40>]";Violet;3_6;False;False;[['out'], ['that'], ['does'], ['come'], ['at'], ['guy'], ['night']];doesthatguycomeoutatnight;doesatthatoutnightguycome;0.000198412698413;-0.000198432384816
296;"[<__main__.Word instance at 0x1174e50e0>
 <__main__.Word instance at 0x1174e51b8>
 <__main__.Word instance at 0x1174e53b0>
 <__main__.Word instance at 0x1174e5290>
 <__main__.Word instance at 0x1174e57e8>
 <__main__.Word instance at 0x1174e55f0>]";Violet;3_6;False;False;[['out'], ['night'], ['come'], ['he'], ['at'], ['does']];doeshecomeoutatnight;doesheatoutcomenight;0.00138888888889;-0.00138985428905
297;"[<__main__.Word instance at 0x1174e5a28>
 <__main__.Word instance at 0x1174e5908>
 <__main__.Word instance at 0x1174e5bd8>
 <__main__.Word instance at 0x1174e5b00>
 <__main__.Word instance at 0x1174e5cf8>]";Violet;3_6;True;NaN;NaN;isitagrayfox;NaN;NaN;NaN
298;"[<__main__.Word instance at 0x1174e5d88>
 <__main__.Word instance at 0x1174e5518>
 <__main__.Word instance at 0x1174e5f80>
 <__main__.Word instance at 0x1174e5e18>
 <__main__.Word instance at 0x1174e5b90>
 <__main__.Word instance at 0x1174e8098>]";Violet;3_6;False;False;[['me'], ['to'], ['but'], ['looks'], ['small'], ['he']];buthelookssmalltome;helookstomesmallbut;0.00138888888889;-0.00138985428905
299;"[<__main__.Word instance at 0x1174e83f8>
 <__main__.Word instance at 0x1174e83b0>
 <__main__.Word instance at 0x1174e8320>]";Violet;3_6;True;NaN;NaN;inthesea;NaN;NaN;NaN
300;"[<__main__.Word instance at 0x1174e84d0>
 <__main__.Word instance at 0x1174e8710>
 <__main__.Word instance at 0x1174e8128>]";Violet;3_6;False;True;[['another'], ['is'], ['this']];isthisanother;isthisanother;0.166666666667;1.79175946923
301;[<__main__.Word instance at 0x1174e8680>];Violet;3_6;True;NaN;NaN;howler;NaN;NaN;NaN
302;"[<__main__.Word instance at 0x1174e8ab8>
 <__main__.Word instance at 0x1174e8c68>
 <__main__.Word instance at 0x1174e8b90>
 <__main__.Word instance at 0x1174e8fc8>
 <__main__.Word instance at 0x1174e8cb0>
 <__main__.Word instance at 0x1174e8ef0>]";Violet;3_6;True;NaN;NaN;andwesawdolphinwesaw;NaN;NaN;NaN
303;[<__main__.Word instance at 0x1174eb098>];Violet;3_6;True;NaN;NaN;bobcat;NaN;NaN;NaN
304;"[<__main__.Word instance at 0x1174eb1b8>
 <__main__.Word instance at 0x1174eb440>]";Violet;3_6;True;NaN;NaN;jaguaragain;NaN;NaN;NaN
305;[<__main__.Word instance at 0x1174eb5a8>];Violet;3_6;False;True;[['children']];children;children;1.0;0.0
306;[<__main__.Word instance at 0x1174eb7a0>];Violet;3_6;False;True;[['children']];children;children;1.0;0.0
307;"[<__main__.Word instance at 0x1174eb950>
 <__main__.Word instance at 0x1174eb830>
 <__main__.Word instance at 0x1174eb9e0>
 <__main__.Word instance at 0x1174ebe18>]";Violet;3_6;True;NaN;NaN;holdinguppicturesof;NaN;NaN;NaN
308;"[<__main__.Word instance at 0x1174ebef0>
 <__main__.Word instance at 0x1174ebcb0>]";Violet;3_6;True;NaN;NaN;ofjaguars;NaN;NaN;NaN
309;"[<__main__.Word instance at 0x1174ebc20>
 <__main__.Word instance at 0x1174ebc68>]";Violet;3_6;False;True;[['now'], ['what']];nowwhat;nowwhat;0.5;0.69314718056
310;[<__main__.Word instance at 0x1174ee200>];Violet;3_6;False;True;[['now']];now;now;1.0;0.0
311;[<__main__.Word instance at 0x1174ee3b0>];Violet;3_6;False;True;[['more']];more;more;1.0;0.0
312;[<__main__.Word instance at 0x1174ee440>];Violet;3_6;False;True;[['yeah']];yeah;yeah;1.0;0.0
313;[<__main__.Word instance at 0x1174ee758>];Violet;3_6;True;NaN;NaN;Biotopos;NaN;NaN;NaN
314;"[<__main__.Word instance at 0x1174ee7e8>
 <__main__.Word instance at 0x1174ee290>]";Violet;3_6;False;True;[['no'], ['no']];nono;nono;0.5;0.69314718056
315;"[<__main__.Word instance at 0x1174eea70>
 <__main__.Word instance at 0x1174eebd8>
 <__main__.Word instance at 0x1174ee2d8>]";Violet;3_6;False;False;[['can'], ['see'], ['I']];canIsee;canseeI;0.166666666667;-0.182321556794
316;"[<__main__.Word instance at 0x1174eea28>
 <__main__.Word instance at 0x1174eeea8>
 <__main__.Word instance at 0x1174eed88>
 <__main__.Word instance at 0x1174eef38>
 <__main__.Word instance at 0x1174f1098>]";Violet;3_6;True;NaN;NaN;seeyouthroughthathole;NaN;NaN;NaN
317;[<__main__.Word instance at 0x1174f1128>];Violet;3_6;False;True;[['yeah']];yeah;yeah;1.0;0.0
318;"[<__main__.Word instance at 0x1174f12d8>
 <__main__.Word instance at 0x1174f1488>
 <__main__.Word instance at 0x1174f1290>
 <__main__.Word instance at 0x1174f1680>]";Violet;3_6;True;NaN;NaN;let'sdoavideo;NaN;NaN;NaN
319;"[<__main__.Word instance at 0x1174f1830>
 <__main__.Word instance at 0x1174f16c8>]";Violet;3_6;False;True;[['this'], ['one']];thisone;thisone;0.5;0.69314718056
320;"[<__main__.Word instance at 0x1174f1518>
 <__main__.Word instance at 0x1174f1b00>
 <__main__.Word instance at 0x1174f1998>
 <__main__.Word instance at 0x1174f1c20>
 <__main__.Word instance at 0x1174f17e8>
 <__main__.Word instance at 0x1174f1cb0>]";Violet;3_6;False;False;[['one'], ['I'], ['that'], ['look', 'at'], ['wanna']];Iwannalookatthatone;Iwannalookatonethat;0.00833333333333;-0.00836824967052
321;"[<__main__.Word instance at 0x1174f1e60>
 <__main__.Word instance at 0x1174f1d40>
 <__main__.Word instance at 0x1174f1ef0>
 <__main__.Word instance at 0x1174f1fc8>
 <__main__.Word instance at 0x1174f5050>
 <__main__.Word instance at 0x1174f5248>
 <__main__.Word instance at 0x1174f50e0>]";Violet;3_6;False;False;[['I'], ['read'], ['want'], ['that'], ['to'], ['you'], ['one']];Iwantyoutoreadthatone;Iwantyouthatonetoread;0.000198412698413;-0.000198432384816
322;"[<__main__.Word instance at 0x1174f5710>
 <__main__.Word instance at 0x1174f5638>
 <__main__.Word instance at 0x1174f57a0>
 <__main__.Word instance at 0x1174f5368>
 <__main__.Word instance at 0x1174f5878>
 <__main__.Word instance at 0x1174f5560>
 <__main__.Word instance at 0x1174f5ab8>]";Violet;3_6;False;False;[['look', 'at'], ['I'], ['to'], ['want'], ['one'], ['that']];Iwanttolookatthatone;Iwantthatonetolookat;0.00138888888889;-0.00138985428905
323;[<__main__.Word instance at 0x1174f5b48>];Violet;3_6;True;NaN;NaN;yes;NaN;NaN;NaN
324;[<__main__.Word instance at 0x1174f5cf8>];Violet;3_6;False;True;[['one']];one;one;1.0;0.0
325;[<__main__.Word instance at 0x1174f5f38>];Violet;3_6;False;True;[['two']];two;two;1.0;0.0
326;[<__main__.Word instance at 0x1174f5f80>];Violet;3_6;False;True;[['three']];three;three;1.0;0.0
327;[<__main__.Word instance at 0x1174f81b8>];Violet;3_6;True;NaN;NaN;four;NaN;NaN;NaN
328;"[<__main__.Word instance at 0x1174f8200>
 <__main__.Word instance at 0x1174f8290>
 <__main__.Word instance at 0x1174f80e0>]";Violet;3_6;True;NaN;NaN;nowwhat'snext;NaN;NaN;NaN
329;"[<__main__.Word instance at 0x1174f8638>
 <__main__.Word instance at 0x1174f8560>
 <__main__.Word instance at 0x1174f8830>
 <__main__.Word instance at 0x1174f8680>]";Violet;3_6;False;True;[['can'], ['you'], ['read', 'more']];canyoureadmore;canyoureadmore;0.166666666667;1.79175946923
330;[<__main__.Word instance at 0x1174f82d8>];Violet;3_6;False;True;[['this']];this;this;1.0;0.0
331;"[<__main__.Word instance at 0x1174f8758>
 <__main__.Word instance at 0x1174f8a70>
 <__main__.Word instance at 0x1174f87a0>]";Violet;3_6;False;True;[['want'], ['I'], ['this']];Iwantthis;Iwantthis;0.166666666667;1.79175946923
332;[<__main__.Word instance at 0x1174f8368>];Violet;3_6;False;True;[['yeah']];yeah;yeah;1.0;0.0
333;"[<__main__.Word instance at 0x1174f8ab8>
 <__main__.Word instance at 0x1174f8d88>
 <__main__.Word instance at 0x1174f8c68>
 <__main__.Word instance at 0x1174f8f38>]";Violet;3_6;True;NaN;NaN;elephantnowtheelephant;NaN;NaN;NaN
334;[<__main__.Word instance at 0x1174f8ef0>];Violet;3_6;False;True;[['yeah']];yeah;yeah;1.0;0.0
335;[<__main__.Word instance at 0x1174fb128>];Violet;3_6;False;True;[['yeah']];yeah;yeah;1.0;0.0
336;"[<__main__.Word instance at 0x1174fb050>
 <__main__.Word instance at 0x1174fb5f0>
 <__main__.Word instance at 0x1174fb488>
 <__main__.Word instance at 0x1174fb638>
 <__main__.Word instance at 0x1174fb908>
 <__main__.Word instance at 0x1174fb8c0>]";Violet;3_6;True;NaN;NaN;theytriedtocatchthebubbles;NaN;NaN;NaN
337;"[<__main__.Word instance at 0x1174fb878>
 <__main__.Word instance at 0x1174fbab8>
 <__main__.Word instance at 0x1174fb4d0>]";Violet;3_6;False;False;[['do'], ['what'], ['they']];whattheydo;dotheywhat;0.166666666667;-0.182321556794
338;[<__main__.Word instance at 0x1174fb998>];Violet;3_6;False;True;[['yeah']];yeah;yeah;1.0;0.0
339;[<__main__.Word instance at 0x1174fb518>];Violet;3_6;False;True;[['yeah']];yeah;yeah;1.0;0.0
340;[<__main__.Word instance at 0x1174fbd40>];Violet;3_6;False;True;[['yeah']];yeah;yeah;1.0;0.0
341;[<__main__.Word instance at 0x1174fbd88>];Violet;3_6;False;True;[['yeah']];yeah;yeah;1.0;0.0
342;[<__main__.Word instance at 0x1174fe1b8>];Violet;3_6;False;True;[['yep']];yep;yep;1.0;0.0
343;"[<__main__.Word instance at 0x1174fe128>
 <__main__.Word instance at 0x1174fe440>]";Violet;3_6;False;True;[['now'], ['to']];nowto;nowto;0.5;0.69314718056
344;[<__main__.Word instance at 0x1174fe638>];Violet;3_6;False;True;[['yeah']];yeah;yeah;1.0;0.0
345;"[<__main__.Word instance at 0x1174fe908>
 <__main__.Word instance at 0x1174fe830>
 <__main__.Word instance at 0x1174fe9e0>
 <__main__.Word instance at 0x1174fe7e8>]";Violet;3_6;True;NaN;NaN;andshe'sspinningit;NaN;NaN;NaN
346;"[<__main__.Word instance at 0x1174fe950>
 <__main__.Word instance at 0x1174feb90>
 <__main__.Word instance at 0x1174fe710>]";Violet;3_6;False;True;[['and'], ['and'], ['&-um']];andand&-um;andand&-um;0.166666666667;1.79175946923
347;"[<__main__.Word instance at 0x1174febd8>
 <__main__.Word instance at 0x1174fef38>]";Violet;3_6;False;True;[['and'], ['&-um']];and&-um;and&-um;0.5;0.69314718056
348;"[<__main__.Word instance at 0x1174fecb0>
 <__main__.Word instance at 0x1174fee18>
 <__main__.Word instance at 0x1174fef80>
 <__main__.Word instance at 0x117501050>
 <__main__.Word instance at 0x1175011b8>
 <__main__.Word instance at 0x117501128>
 <__main__.Word instance at 0x1175010e0>
 <__main__.Word instance at 0x117501320>
 <__main__.Word instance at 0x117501200>
 <__main__.Word instance at 0x117501518>
 <__main__.Word instance at 0x1175013b0>
 <__main__.Word instance at 0x117501638>]";Violet;3_6;True;NaN;NaN;because&-umseeIthinkthinkhejustwantstowatchher;NaN;NaN;NaN
349;[<__main__.Word instance at 0x1175015a8>];Violet;3_6;False;True;[['yeah']];yeah;yeah;1.0;0.0
350;[<__main__.Word instance at 0x117501950>];Violet;3_6;False;True;[['yeah']];yeah;yeah;1.0;0.0
351;[<__main__.Word instance at 0x1175019e0>];Violet;3_6;False;True;[['yeah']];yeah;yeah;1.0;0.0
352;"[<__main__.Word instance at 0x117501a70>
 <__main__.Word instance at 0x117501ef0>
 <__main__.Word instance at 0x117501e60>]";Violet;3_6;False;False;"[[""what's""], ['the'], ['ice']]";what'stheice;thewhat'sice;0.166666666667;-0.182321556794
353;[<__main__.Word instance at 0x117501cb0>];Violet;3_6;True;NaN;NaN;strawberry;NaN;NaN;NaN
354;"[<__main__.Word instance at 0x117501b48>
 <__main__.Word instance at 0x117501d88>
 <__main__.Word instance at 0x117504050>
 <__main__.Word instance at 0x117504320>]";Violet;3_6;True;NaN;NaN;andwhat'sMaxvanilla;NaN;NaN;NaN
355;"[<__main__.Word instance at 0x1175043f8>
 <__main__.Word instance at 0x117504488>
 <__main__.Word instance at 0x117504368>
 <__main__.Word instance at 0x1175047a0>
 <__main__.Word instance at 0x117504680>]";Violet;3_6;True;NaN;NaN;andlet'sdodaddychocolate;NaN;NaN;NaN
356;"[<__main__.Word instance at 0x117504878>
 <__main__.Word instance at 0x1175049e0>
 <__main__.Word instance at 0x117504a70>
 <__main__.Word instance at 0x117504518>]";Violet;3_6;True;NaN;NaN;thoseareourfriends;NaN;NaN;NaN
357;"[<__main__.Word instance at 0x117504950>
 <__main__.Word instance at 0x117504d88>
 <__main__.Word instance at 0x117504c20>
 <__main__.Word instance at 0x117504e18>]";Violet;3_6;True;NaN;NaN;andicecreamsthey;NaN;NaN;NaN
358;[<__main__.Word instance at 0x117504ea8>];Violet;3_6;False;True;[['yeah']];yeah;yeah;1.0;0.0
359;"[<__main__.Word instance at 0x1175047e8>
 <__main__.Word instance at 0x117507050>
 <__main__.Word instance at 0x117507128>]";Violet;3_6;False;True;[['want'], ['want'], ['now']];nowwantwant;nowwantwant;0.166666666667;1.79175946923
360;[<__main__.Word instance at 0x1175071b8>];Violet;3_6;False;True;[['yeah']];yeah;yeah;1.0;0.0
361;[<__main__.Word instance at 0x1175073b0>];Violet;3_6;False;True;[['no']];no;no;1.0;0.0
362;[<__main__.Word instance at 0x1175077a0>];Violet;3_6;False;True;[['yeah']];yeah;yeah;1.0;0.0
363;"[<__main__.Word instance at 0x1175078c0>
 <__main__.Word instance at 0x1175074d0>
 <__main__.Word instance at 0x117507998>
 <__main__.Word instance at 0x117507290>]";Violet;3_6;False;False;"[['which', ""one's""], ['and'], ['this']]";andwhichone'sthis;andthiswhichone's;0.166666666667;-0.182321556794
364;[<__main__.Word instance at 0x117507908>];Violet;3_6;False;True;[['yeah']];yeah;yeah;1.0;0.0
365;"[<__main__.Word instance at 0x117507a70>
 <__main__.Word instance at 0x117507c68>
 <__main__.Word instance at 0x117507830>
 <__main__.Word instance at 0x117507e18>]";Violet;3_6;True;NaN;NaN;let'sturnthepage;NaN;NaN;NaN
366;"[<__main__.Word instance at 0x117507fc8>
 <__main__.Word instance at 0x117507ea8>
 <__main__.Word instance at 0x1175079e0>
 <__main__.Word instance at 0x11750a2d8>]";Violet;3_6;True;NaN;NaN;what'sthenextone;NaN;NaN;NaN
367;"[<__main__.Word instance at 0x11750a5f0>
 <__main__.Word instance at 0x11750a4d0>]";Violet;3_6;False;True;[['one'], ['this']];thisone;thisone;0.5;0.69314718056
368;"[<__main__.Word instance at 0x11750a9e0>
 <__main__.Word instance at 0x11750a8c0>
 <__main__.Word instance at 0x11750aa70>]";Violet;3_6;False;False;"[[""what's""], ['this'], ['one']]";what'sthisone;thisonewhat's;0.166666666667;-0.182321556794
369;[<__main__.Word instance at 0x11750ac20>];Violet;3_6;False;True;[['&-um']];&-um;&-um;1.0;0.0
370;"[<__main__.Word instance at 0x11750af38>
 <__main__.Word instance at 0x11750ae60>
 <__main__.Word instance at 0x11750a488>]";Violet;3_6;True;NaN;NaN;gorillaniceone;NaN;NaN;NaN
371;"[<__main__.Word instance at 0x11750e290>
 <__main__.Word instance at 0x11750e248>
 <__main__.Word instance at 0x11750e4d0>
 <__main__.Word instance at 0x11750e368>]";Violet;3_6;True;NaN;NaN;thisisagorilla;NaN;NaN;NaN
372;[<__main__.Word instance at 0x11750e1b8>];Violet;3_6;False;True;[['look']];look;look;1.0;0.0
373;[<__main__.Word instance at 0x11750e518>];Violet;3_6;False;True;[['yeah']];yeah;yeah;1.0;0.0
374;"[<__main__.Word instance at 0x11750e6c8>
 <__main__.Word instance at 0x11750e8c0>
 <__main__.Word instance at 0x11750e0e0>
 <__main__.Word instance at 0x11750eab8>
 <__main__.Word instance at 0x11750e950>
 <__main__.Word instance at 0x11750eb90>]";Violet;3_6;True;NaN;NaN;Madagascargorillasdon'tliveinMadagascar;NaN;NaN;NaN
375;[<__main__.Word instance at 0x11750ed88>];Violet;3_6;False;True;[['no']];no;no;1.0;0.0
376;[<__main__.Word instance at 0x11750eea8>];Violet;3_6;True;NaN;NaN;Madagascar;NaN;NaN;NaN
377;[<__main__.Word instance at 0x11750ef38>];Violet;3_6;False;True;[['yeah']];yeah;yeah;1.0;0.0
378;"[<__main__.Word instance at 0x11750efc8>
 <__main__.Word instance at 0x117510128>
 <__main__.Word instance at 0x1175102d8>
 <__main__.Word instance at 0x1175101b8>
 <__main__.Word instance at 0x117510518>]";Violet;3_6;True;NaN;NaN;nowthey'reinthejungle;NaN;NaN;NaN
379;"[<__main__.Word instance at 0x1175103b0>
 <__main__.Word instance at 0x117510290>
 <__main__.Word instance at 0x1175107e8>
 <__main__.Word instance at 0x117510710>
 <__main__.Word instance at 0x117510a70>
 <__main__.Word instance at 0x1175109e0>
 <__main__.Word instance at 0x117510a28>
 <__main__.Word instance at 0x117510ab8>
 <__main__.Word instance at 0x117510cb0>]";Violet;3_6;True;NaN;NaN;thisguyissupposedtobeinthejungle;NaN;NaN;NaN
380;"[<__main__.Word instance at 0x117510ea8>
 <__main__.Word instance at 0x117510dd0>
 <__main__.Word instance at 0x117510f38>
 <__main__.Word instance at 0x1175108c0>
 <__main__.Word instance at 0x117513098>]";Violet;3_6;True;NaN;NaN;nowlet'sflipthepage;NaN;NaN;NaN
381;"[<__main__.Word instance at 0x117513440>
 <__main__.Word instance at 0x117513200>
 <__main__.Word instance at 0x1175136c8>
 <__main__.Word instance at 0x1175135a8>
 <__main__.Word instance at 0x117513638>]";Violet;3_6;True;NaN;NaN;wealreadydidthatone;NaN;NaN;NaN
382;[<__main__.Word instance at 0x117513830>];Violet;3_6;True;NaN;NaN;yes;NaN;NaN;NaN
383;"[<__main__.Word instance at 0x1175139e0>
 <__main__.Word instance at 0x1175138c0>]";Violet;3_6;False;True;[['one'], ['this']];thisone;thisone;0.5;0.69314718056
384;"[<__main__.Word instance at 0x117513c20>
 <__main__.Word instance at 0x117513d40>]";Violet;3_6;False;True;[['this'], ['one']];thisone;thisone;0.5;0.69314718056
385;"[<__main__.Word instance at 0x117513fc8>
 <__main__.Word instance at 0x117513ea8>]";Violet;3_6;False;True;[['one'], ['this']];thisone;thisone;0.5;0.69314718056
386;[<__main__.Word instance at 0x117517050>];Violet;3_6;False;True;[['this']];this;this;1.0;0.0
387;[<__main__.Word instance at 0x1175171b8>];Violet;3_6;False;True;[['yeah']];yeah;yeah;1.0;0.0
388;[<__main__.Word instance at 0x117517518>];Violet;3_6;True;NaN;NaN;moss;NaN;NaN;NaN
389;[<__main__.Word instance at 0x117517638>];Violet;3_6;True;NaN;NaN;mud;NaN;NaN;NaN
390;[<__main__.Word instance at 0x117517758>];Violet;3_6;True;NaN;NaN;snow;NaN;NaN;NaN
391;[<__main__.Word instance at 0x117517878>];Violet;3_6;False;True;[['yeah']];yeah;yeah;1.0;0.0
392;[<__main__.Word instance at 0x117517908>];Violet;3_6;True;NaN;NaN;lava;NaN;NaN;NaN
393;[<__main__.Word instance at 0x117517b48>];Violet;3_6;True;NaN;NaN;rocks;NaN;NaN;NaN
394;[<__main__.Word instance at 0x1175173f8>];Violet;3_6;False;True;[['yeah']];yeah;yeah;1.0;0.0
395;"[<__main__.Word instance at 0x117517a70>
 <__main__.Word instance at 0x117517f80>
 <__main__.Word instance at 0x117517d88>
 <__main__.Word instance at 0x117519128>
 <__main__.Word instance at 0x117519200>
 <__main__.Word instance at 0x117519518>
 <__main__.Word instance at 0x117519440>]";Violet;3_6;False;False;[['now'], ['say'], ['this'], ['one'], ['does'], ['right'], ['what']];whatdoesthisonesayrightnow;nowdoeswhatthisonesayright;0.000198412698413;-0.000198432384816
396;"[<__main__.Word instance at 0x1175195a8>
 <__main__.Word instance at 0x117519710>
 <__main__.Word instance at 0x117519560>
 <__main__.Word instance at 0x1175197e8>
 <__main__.Word instance at 0x1175196c8>
 <__main__.Word instance at 0x117519998>]";Violet;3_6;False;False;[['now'], ['what'], ['say'], ['it'], ['right'], ['does']];whatdoesitsayrightnow;nowdoesitrightsaywhat;0.00138888888889;-0.00138985428905
397;[<__main__.Word instance at 0x117519b90>];Violet;3_6;False;True;[['ice']];ice;ice;1.0;0.0
398;"[<__main__.Word instance at 0x117519c20>
 <__main__.Word instance at 0x117519950>]";Violet;3_6;True;NaN;NaN;sanddunes;NaN;NaN;NaN
399;[<__main__.Word instance at 0x117519e60>];Violet;3_6;False;True;[['yeah']];yeah;yeah;1.0;0.0
400;[<__main__.Word instance at 0x117519e18>];Violet;3_6;False;True;[['forest']];forest;forest;1.0;0.0
401;[<__main__.Word instance at 0x11751c098>];Violet;3_6;True;NaN;NaN;elephant;NaN;NaN;NaN
402;"[<__main__.Word instance at 0x11751c518>
 <__main__.Word instance at 0x11751c638>
 <__main__.Word instance at 0x11751c3f8>
 <__main__.Word instance at 0x11751c8c0>]";Violet;3_6;False;False;[['what'], ['it'], ['does'], ['say']];whatdoesitsay;doesitsaywhat;0.0416666666667;-0.0425596144188
403;"[<__main__.Word instance at 0x11751c9e0>
 <__main__.Word instance at 0x11751c320>
 <__main__.Word instance at 0x11751ca28>
 <__main__.Word instance at 0x11751c7e8>]";Violet;3_6;True;NaN;NaN;jumpingoffthecliff;NaN;NaN;NaN
404;[<__main__.Word instance at 0x11751cab8>];Violet;3_6;False;True;[['yeah']];yeah;yeah;1.0;0.0
405;"[<__main__.Word instance at 0x11751cef0>
 <__main__.Word instance at 0x11751c908>
 <__main__.Word instance at 0x11751cea8>]";Violet;3_6;True;NaN;NaN;pickhernose;NaN;NaN;NaN
406;"[<__main__.Word instance at 0x11751f098>
 <__main__.Word instance at 0x11751f170>
 <__main__.Word instance at 0x11751f4d0>
 <__main__.Word instance at 0x11751f3b0>
 <__main__.Word instance at 0x11751f5a8>]";Violet;3_6;False;True;[['big'], ['is', 'really'], ['that'], ['cat']];thatcatisreallybig;thatcatisreallybig;0.0416666666667;3.17805383035
407;"[<__main__.Word instance at 0x11751f638>
 <__main__.Word instance at 0x11751f7e8>]";Violet;3_6;False;False;[['and'], ['now']];andnow;nowand;0.5;-0.69314718056
408;"[<__main__.Word instance at 0x11751fb90>
 <__main__.Word instance at 0x11751fb48>
 <__main__.Word instance at 0x11751fcb0>
 <__main__.Word instance at 0x11751f518>
 <__main__.Word instance at 0x11751ff80>
 <__main__.Word instance at 0x11751fea8>]";Violet;3_6;False;False;[['you', 'find'], ['of'], ['them'], ['all'], ['did']];didyoufindallofthem;youfinddidallofthem;0.00833333333333;-0.00836824967052
409;[<__main__.Word instance at 0x1175223b0>];Violet;3_6;False;True;[['yeah']];yeah;yeah;1.0;0.0
410;"[<__main__.Word instance at 0x117522440>
 <__main__.Word instance at 0x117522560>]";Violet;3_6;False;True;[['one'], ['this']];thisone;thisone;0.5;0.69314718056
411;[<__main__.Word instance at 0x117522638>];Violet;3_6;False;True;[['yeah']];yeah;yeah;1.0;0.0
412;[<__main__.Word instance at 0x1175227e8>];Violet;3_6;False;True;[['yeah']];yeah;yeah;1.0;0.0
413;[<__main__.Word instance at 0x117522c68>];Violet;3_6;False;True;[['yeah']];yeah;yeah;1.0;0.0
414;"[<__main__.Word instance at 0x117522cb0>
 <__main__.Word instance at 0x117522d88>
 <__main__.Word instance at 0x117522ea8>]";Violet;3_6;False;False;[['are'], ['they'], ['moving']];theyaremoving;aretheymoving;0.166666666667;-0.182321556794
415;"[<__main__.Word instance at 0x1175250e0>
 <__main__.Word instance at 0x117525128>
 <__main__.Word instance at 0x117525200>
 <__main__.Word instance at 0x117525050>]";Violet;3_6;False;False;[['me'], ['that'], ['let'], ['do']];letmedothat;domethatlet;0.0416666666667;-0.0425596144188
416;[<__main__.Word instance at 0x1175252d8>];Violet;3_6;False;True;[['yeah']];yeah;yeah;1.0;0.0
417;"[<__main__.Word instance at 0x117525680>
 <__main__.Word instance at 0x117525560>
 <__main__.Word instance at 0x1175258c0>
 <__main__.Word instance at 0x117525758>]";Violet;3_6;False;False;[['look', 'at'], ['this'], ['to']];tolookatthis;thistolookat;0.166666666667;-0.182321556794
418;"[<__main__.Word instance at 0x117525638>
 <__main__.Word instance at 0x117525b48>
 <__main__.Word instance at 0x1175259e0>
 <__main__.Word instance at 0x117525c20>
 <__main__.Word instance at 0x117525878>
 <__main__.Word instance at 0x117525ea8>]";Violet;3_6;True;NaN;NaN;momnowIwantto&-um;NaN;NaN;NaN
419;"[<__main__.Word instance at 0x117525e18>
 <__main__.Word instance at 0x117525b00>
 <__main__.Word instance at 0x117529320>
 <__main__.Word instance at 0x117529290>
 <__main__.Word instance at 0x1175293b0>]";Violet;3_6;True;NaN;NaN;howboutthesquishything;NaN;NaN;NaN
420;"[<__main__.Word instance at 0x117529248>
 <__main__.Word instance at 0x117529638>
 <__main__.Word instance at 0x117529518>
 <__main__.Word instance at 0x1175297e8>]";Violet;3_6;True;NaN;NaN;readthehorsiething;NaN;NaN;NaN
421;[<__main__.Word instance at 0x117529998>];Violet;3_6;False;True;[['yeah']];yeah;yeah;1.0;0.0
422;[<__main__.Word instance at 0x117529cf8>];Violet;3_6;False;True;[['yeah']];yeah;yeah;1.0;0.0
423;[<__main__.Word instance at 0x117529f80>];Violet;3_6;False;True;[['yeah']];yeah;yeah;1.0;0.0
424;"[<__main__.Word instance at 0x117529b00>
 <__main__.Word instance at 0x117529b90>
 <__main__.Word instance at 0x11752b050>
 <__main__.Word instance at 0x11752b200>]";Violet;3_6;True;NaN;NaN;he'spettingthehorse;NaN;NaN;NaN
425;[<__main__.Word instance at 0x11752b440>];Violet;3_6;False;True;[['yeah']];yeah;yeah;1.0;0.0
426;"[<__main__.Word instance at 0x11752b5a8>
 <__main__.Word instance at 0x11752b488>]";Violet;3_6;True;NaN;NaN;snappingturtle;NaN;NaN;NaN
427;"[<__main__.Word instance at 0x11752b680>
 <__main__.Word instance at 0x11752b878>
 <__main__.Word instance at 0x11752ba28>
 <__main__.Word instance at 0x11752b908>]";Violet;3_6;True;NaN;NaN;ahugesnappingturtle;NaN;NaN;NaN
428;"[<__main__.Word instance at 0x11752bc68>
 <__main__.Word instance at 0x11752be60>
 <__main__.Word instance at 0x11752bbd8>
 <__main__.Word instance at 0x11752bf38>
 <__main__.Word instance at 0x11752bdd0>
 <__main__.Word instance at 0x11752bfc8>]";Violet;3_6;True;NaN;NaN;lookadogwithhistoy;NaN;NaN;NaN
429;"[<__main__.Word instance at 0x11752f1b8>
 <__main__.Word instance at 0x11752f0e0>
 <__main__.Word instance at 0x11752f4d0>
 <__main__.Word instance at 0x11752f3b0>
 <__main__.Word instance at 0x11752f5a8>
 <__main__.Word instance at 0x11752f248>]";Violet;3_6;True;NaN;NaN;anddogwithadog'stoy;NaN;NaN;NaN
430;[<__main__.Word instance at 0x11752f518>];Violet;3_6;False;True;[['yeah']];yeah;yeah;1.0;0.0
431;"[<__main__.Word instance at 0x11752f6c8>
 <__main__.Word instance at 0x11752fab8>
 <__main__.Word instance at 0x11752f9e0>
 <__main__.Word instance at 0x11752fb48>]";Violet;3_6;False;True;"[['I', 'hope'], ['we', ""didn't""]]";Ihopewedidn't;Ihopewedidn't;0.5;0.69314718056
432;"[<__main__.Word instance at 0x11752fc20>
 <__main__.Word instance at 0x11752f998>
 <__main__.Word instance at 0x11752ff80>
 <__main__.Word instance at 0x11752fe60>
 <__main__.Word instance at 0x11752fdd0>
 <__main__.Word instance at 0x11752fcf8>]";Violet;3_6;True;NaN;NaN;Ilikeisthisapage;NaN;NaN;NaN
433;"[<__main__.Word instance at 0x117532248>
 <__main__.Word instance at 0x117532170>
 <__main__.Word instance at 0x1175322d8>]";Violet;3_6;False;False;[['these'], ['what'], ['are']];whatarethese;thesearewhat;0.166666666667;-0.182321556794
434;"[<__main__.Word instance at 0x117532440>
 <__main__.Word instance at 0x117532908>
 <__main__.Word instance at 0x117532830>]";Violet;3_6;True;NaN;NaN;andcolorbottoms;NaN;NaN;NaN
435;"[<__main__.Word instance at 0x1175325a8>
 <__main__.Word instance at 0x117532e18>]";Violet;3_6;False;True;[['markers'], ['and']];andmarkers;andmarkers;0.5;0.69314718056
436;"[<__main__.Word instance at 0x117532c68>
 <__main__.Word instance at 0x117532c20>
 <__main__.Word instance at 0x117532f38>]";Violet;3_6;False;True;[['I'], ['these'], ['like']];Ilikethese;Ilikethese;0.166666666667;1.79175946923
437;"[<__main__.Word instance at 0x117532fc8>
 <__main__.Word instance at 0x117532758>
 <__main__.Word instance at 0x117535170>
 <__main__.Word instance at 0x117535200>
 <__main__.Word instance at 0x117535488>
 <__main__.Word instance at 0x117535440>
 <__main__.Word instance at 0x117535a70>
 <__main__.Word instance at 0x117535368>]";Violet;3_6;False;False;[['I'], ['to'], ['want'], ['I'], ['&-um'], ['look', 'at'], ['now']];InowIwantto&-umlookat;nowIwantto&-umlookatI;0.000198412698413;-0.000198432384816
438;"[<__main__.Word instance at 0x117535a28>
 <__main__.Word instance at 0x117535878>
 <__main__.Word instance at 0x117535908>
 <__main__.Word instance at 0x117535cb0>
 <__main__.Word instance at 0x117535b00>
 <__main__.Word instance at 0x117535dd0>
 <__main__.Word instance at 0x1175357e8>]";Violet;3_6;True;NaN;NaN;isourvideoisourvideoready;NaN;NaN;NaN
439;[<__main__.Word instance at 0x117535e60>];Violet;3_6;False;True;[['yeah']];yeah;yeah;1.0;0.0
440;"[<__main__.Word instance at 0x117538098>
 <__main__.Word instance at 0x117538248>
 <__main__.Word instance at 0x117538128>
 <__main__.Word instance at 0x117538440>
 <__main__.Word instance at 0x117538320>
 <__main__.Word instance at 0x117538758>
 <__main__.Word instance at 0x117538638>
 <__main__.Word instance at 0x1175387e8>
 <__main__.Word instance at 0x1175385f0>]";Violet;3_6;True;NaN;NaN;yeahcanyoumake&-umit'sallscribblyscrabble;NaN;NaN;NaN
441;[<__main__.Word instance at 0x117538878>];Violet;3_6;False;True;[['yeah']];yeah;yeah;1.0;0.0
442;"[<__main__.Word instance at 0x117538b00>
 <__main__.Word instance at 0x117538c68>
 <__main__.Word instance at 0x117538998>
 <__main__.Word instance at 0x117538d40>
 <__main__.Word instance at 0x1175388c0>
 <__main__.Word instance at 0x117538f80>]";Violet;3_6;True;NaN;NaN;yeahConnordidthescribblescrabble;NaN;NaN;NaN
443;"[<__main__.Word instance at 0x1175384d0>
 <__main__.Word instance at 0x117538a70>
 <__main__.Word instance at 0x117538fc8>
 <__main__.Word instance at 0x11753b098>
 <__main__.Word instance at 0x11753b128>
 <__main__.Word instance at 0x11753b488>]";Violet;3_6;True;NaN;NaN;Connordidallofthecircles;NaN;NaN;NaN
444;"[<__main__.Word instance at 0x11753b518>
 <__main__.Word instance at 0x11753b950>
 <__main__.Word instance at 0x11753b878>
 <__main__.Word instance at 0x11753bab8>]";Violet;3_6;False;False;[['or'], ['did'], ['me'], ['maybe']];ormaybemedid;didormaybeme;0.0416666666667;-0.0425596144188
445;[<__main__.Word instance at 0x11753bb90>];Violet;3_6;False;True;[['me']];me;me;1.0;0.0
446;"[<__main__.Word instance at 0x11753bd40>
 <__main__.Word instance at 0x11753bc20>
 <__main__.Word instance at 0x11753bf80>]";Violet;3_6;False;False;[['maybe'], ['me'], ['yeah']];yeahmaybeme;memaybeyeah;0.166666666667;-0.182321556794
447;"[<__main__.Word instance at 0x11753bfc8>
 <__main__.Word instance at 0x11753b290>
 <__main__.Word instance at 0x11753bdd0>
 <__main__.Word instance at 0x11753bef0>
 <__main__.Word instance at 0x11753e248>]";Violet;3_6;False;False;[['did'], ['maybe'], ['it'], ['&-um'], ['I']];maybe&-umIdidit;I&-umitmaybedid;0.00833333333333;-0.00836824967052
448;"[<__main__.Word instance at 0x11753e3f8>
 <__main__.Word instance at 0x11753e680>
 <__main__.Word instance at 0x11753e560>
 <__main__.Word instance at 0x11753e758>
 <__main__.Word instance at 0x11753e7e8>
 <__main__.Word instance at 0x11753e6c8>]";Violet;3_6;True;NaN;NaN;andthatlookslikeamarine;NaN;NaN;NaN
449;"[<__main__.Word instance at 0x11753e908>
 <__main__.Word instance at 0x11753eb00>
 <__main__.Word instance at 0x11753e290>
 <__main__.Word instance at 0x11753ecf8>]";Violet;3_6;True;NaN;NaN;maybeit'samarine;NaN;NaN;NaN
450;[<__main__.Word instance at 0x11753ed40>];Violet;3_6;True;NaN;NaN;flipper;NaN;NaN;NaN
451;"[<__main__.Word instance at 0x11753ef80>
 <__main__.Word instance at 0x11753eb48>
 <__main__.Word instance at 0x117541098>
 <__main__.Word instance at 0x1175413f8>
 <__main__.Word instance at 0x1175415a8>
 <__main__.Word instance at 0x117541488>
 <__main__.Word instance at 0x1175417e8>
 <__main__.Word instance at 0x1175417a0>
 <__main__.Word instance at 0x117541950>
 <__main__.Word instance at 0x117541638>
 <__main__.Word instance at 0x117541b90>
 <__main__.Word instance at 0x117541ab8>]";Violet;3_6;True;NaN;NaN;doesitlooklikeaturtleormakeashellofit;NaN;NaN;NaN
452;[<__main__.Word instance at 0x117541e60>];Violet;3_6;True;NaN;NaN;spot;NaN;NaN;NaN
453;"[<__main__.Word instance at 0x1175410e0>
 <__main__.Word instance at 0x117541f80>
 <__main__.Word instance at 0x1175418c0>
 <__main__.Word instance at 0x1175440e0>
 <__main__.Word instance at 0x117544050>
 <__main__.Word instance at 0x117544200>]";Violet;3_6;False;False;"[['&-um'], [""I'll""], ['then'], ['tail'], ['the'], ['make']]";thenI'llmake&-umthetail;thenI'llmakethetail&-um;0.00138888888889;-0.00138985428905
454;"[<__main__.Word instance at 0x117544560>
 <__main__.Word instance at 0x1175444d0>
 <__main__.Word instance at 0x117544680>
 <__main__.Word instance at 0x1175445a8>
 <__main__.Word instance at 0x1175447e8>]";Violet;3_6;True;NaN;NaN;that's&-umthatisfeet;NaN;NaN;NaN
455;"[<__main__.Word instance at 0x117544998>
 <__main__.Word instance at 0x117544830>
 <__main__.Word instance at 0x117544b90>
 <__main__.Word instance at 0x117544a70>
 <__main__.Word instance at 0x117544d88>]";Violet;3_6;True;NaN;NaN;anotherflipperandanotherflipper;NaN;NaN;NaN
456;[<__main__.Word instance at 0x117544ef0>];Violet;3_6;True;NaN;NaN;flip;NaN;NaN;NaN
457;[<__main__.Word instance at 0x117544ea8>];Violet;3_6;True;NaN;NaN;eye;NaN;NaN;NaN
458;[<__main__.Word instance at 0x117544f80>];Violet;3_6;True;NaN;NaN;mouth;NaN;NaN;NaN
459;"[<__main__.Word instance at 0x1175473f8>
 <__main__.Word instance at 0x117547320>
 <__main__.Word instance at 0x117547488>]";Violet;3_6;False;True;[['and'], ['and'], ['&-um']];andand&-um;andand&-um;0.166666666667;1.79175946923
460;"[<__main__.Word instance at 0x117547560>
 <__main__.Word instance at 0x1175477a0>
 <__main__.Word instance at 0x117547638>
 <__main__.Word instance at 0x1175478c0>
 <__main__.Word instance at 0x117547908>
 <__main__.Word instance at 0x117547680>
 <__main__.Word instance at 0x117547cf8>
 <__main__.Word instance at 0x117547c20>
 <__main__.Word instance at 0x117547d88>
 <__main__.Word instance at 0x117547998>]";Violet;3_6;True;NaN;NaN;and&-umthisthisisaturtleintheaquarium;NaN;NaN;NaN
461;"[<__main__.Word instance at 0x117547b00>
 <__main__.Word instance at 0x11754a050>
 <__main__.Word instance at 0x11754a0e0>
 <__main__.Word instance at 0x11754a290>
 <__main__.Word instance at 0x11754a170>
 <__main__.Word instance at 0x11754a4d0>
 <__main__.Word instance at 0x11754a368>
 <__main__.Word instance at 0x11754a5a8>]";Violet;3_6;True;NaN;NaN;andtheseareitsaysabc;NaN;NaN;NaN
462;"[<__main__.Word instance at 0x11754a680>
 <__main__.Word instance at 0x11754a518>]";Violet;3_6;False;False;[['now'], ['and']];andnow;nowand;0.5;-0.69314718056
463;"[<__main__.Word instance at 0x11754a5f0>
 <__main__.Word instance at 0x11754a878>]";Violet;3_6;True;NaN;NaN;andg;NaN;NaN;NaN
464;"[<__main__.Word instance at 0x11754acf8>
 <__main__.Word instance at 0x11754ac20>
 <__main__.Word instance at 0x11754ad88>
 <__main__.Word instance at 0x11754ab00>]";Violet;3_6;True;NaN;NaN;abcd;NaN;NaN;NaN
465;"[<__main__.Word instance at 0x11754a9e0>
 <__main__.Word instance at 0x11754af80>
 <__main__.Word instance at 0x11754abd8>
 <__main__.Word instance at 0x11754a7a0>]";Violet;3_6;True;NaN;NaN;fthenyz;NaN;NaN;NaN
466;"[<__main__.Word instance at 0x11754d050>
 <__main__.Word instance at 0x11754d3b0>
 <__main__.Word instance at 0x11754d248>]";Violet;3_6;True;NaN;NaN;bol;NaN;NaN;NaN
467;[<__main__.Word instance at 0x11754d518>];Violet;3_6;True;NaN;NaN;v;NaN;NaN;NaN
468;[<__main__.Word instance at 0x11754d7e8>];Violet;3_6;True;NaN;NaN;o;NaN;NaN;NaN
469;[<__main__.Word instance at 0x11754d998>];Violet;3_6;True;NaN;NaN;o;NaN;NaN;NaN
470;[<__main__.Word instance at 0x11754dcb0>];Violet;3_6;True;NaN;NaN;l;NaN;NaN;NaN
471;[<__main__.Word instance at 0x11754dea8>];Violet;3_6;False;True;[['this']];this;this;1.0;0.0
472;[<__main__.Word instance at 0x11754def0>];Violet;3_6;True;NaN;NaN;e;NaN;NaN;NaN
473;[<__main__.Word instance at 0x11754dfc8>];Violet;3_6;True;NaN;NaN;t;NaN;NaN;NaN
474;"[<__main__.Word instance at 0x117550440>
 <__main__.Word instance at 0x117550320>
 <__main__.Word instance at 0x1175505f0>
 <__main__.Word instance at 0x117550368>
 <__main__.Word instance at 0x117550950>
 <__main__.Word instance at 0x117550758>
 <__main__.Word instance at 0x1175509e0>
 <__main__.Word instance at 0x1175504d0>
 <__main__.Word instance at 0x117550a70>
 <__main__.Word instance at 0x1175507e8>
 <__main__.Word instance at 0x117550b48>]";Violet;3_6;True;NaN;NaN;yeahyoucanmakeascribblyyoucanmakeascribble;NaN;NaN;NaN
475;[<__main__.Word instance at 0x117550cf8>];Violet;3_6;True;NaN;NaN;i;NaN;NaN;NaN
476;[<__main__.Word instance at 0x117550ea8>];Violet;3_6;True;NaN;NaN;o;NaN;NaN;NaN
477;[<__main__.Word instance at 0x117550f38>];Violet;3_6;True;NaN;NaN;l;NaN;NaN;NaN
478;[<__main__.Word instance at 0x1175530e0>];Violet;3_6;True;NaN;NaN;e;NaN;NaN;NaN
479;[<__main__.Word instance at 0x1175533b0>];Violet;3_6;True;NaN;NaN;t;NaN;NaN;NaN
480;[<__main__.Word instance at 0x1175533f8>];Violet;3_6;True;NaN;NaN;violet;NaN;NaN;NaN
481;"[<__main__.Word instance at 0x117553998>
 <__main__.Word instance at 0x117553290>
 <__main__.Word instance at 0x117553908>
 <__main__.Word instance at 0x117553950>]";Violet;3_6;True;NaN;NaN;isthisthee;NaN;NaN;NaN
482;"[<__main__.Word instance at 0x1175537a0>
 <__main__.Word instance at 0x117553c68>
 <__main__.Word instance at 0x117553b48>]";Violet;3_6;True;NaN;NaN;&-umahead;NaN;NaN;NaN
483;[<__main__.Word instance at 0x117553cf8>];Violet;3_6;True;NaN;NaN;fingernail;NaN;NaN;NaN
484;"[<__main__.Word instance at 0x117553dd0>
 <__main__.Word instance at 0x117556050>
 <__main__.Word instance at 0x1175560e0>]";Violet;3_6;False;False;[['that'], ['is'], ['what']];whatisthat;isthatwhat;0.166666666667;-0.182321556794
485;[<__main__.Word instance at 0x117556170>];Violet;3_6;True;NaN;NaN;pencil;NaN;NaN;NaN
486;"[<__main__.Word instance at 0x117556248>
 <__main__.Word instance at 0x117556680>
 <__main__.Word instance at 0x117556518>
 <__main__.Word instance at 0x117556830>
 <__main__.Word instance at 0x117556758>
 <__main__.Word instance at 0x1175568c0>]";Violet;3_6;True;NaN;NaN;thehandisholdingapencil;NaN;NaN;NaN
487;"[<__main__.Word instance at 0x117556998>
 <__main__.Word instance at 0x117556560>
 <__main__.Word instance at 0x117556bd8>
 <__main__.Word instance at 0x117556a70>
 <__main__.Word instance at 0x117556cb0>
 <__main__.Word instance at 0x1175566c8>]";Violet;3_6;True;NaN;NaN;yeahmakeitgrabbingapencil;NaN;NaN;NaN
488;"[<__main__.Word instance at 0x117556cf8>
 <__main__.Word instance at 0x117556368>
 <__main__.Word instance at 0x117556e60>
 <__main__.Word instance at 0x117556ea8>]";Violet;3_6;True;NaN;NaN;yeahgrabbingapencil;NaN;NaN;NaN
489;[<__main__.Word instance at 0x117556d40>];Violet;3_6;True;NaN;NaN;yes;NaN;NaN;NaN
490;[<__main__.Word instance at 0x117559170>];Violet;3_6;True;NaN;NaN;yay;NaN;NaN;NaN
491;"[<__main__.Word instance at 0x1175590e0>
 <__main__.Word instance at 0x117559320>
 <__main__.Word instance at 0x1175593b0>
 <__main__.Word instance at 0x117559560>]";Violet;3_6;False;False;"[['these'], ['do'], ['now'], [""let's""]]";let'sdothesenow;nowdotheselet's;0.0416666666667;-0.0425596144188
492;"[<__main__.Word instance at 0x117559998>
 <__main__.Word instance at 0x117559638>
 <__main__.Word instance at 0x117559a70>
 <__main__.Word instance at 0x1175597a0>]";Violet;3_6;False;False;"[[""I'll""], ['this'], ['one'], ['do']]";I'lldothisone;dothisoneI'll;0.0416666666667;-0.0425596144188
493;"[<__main__.Word instance at 0x1175599e0>
 <__main__.Word instance at 0x117559bd8>
 <__main__.Word instance at 0x117559cb0>]";Violet;3_6;False;False;[['that'], ['what'], ['is']];whatisthat;isthatwhat;0.166666666667;-0.182321556794
494;"[<__main__.Word instance at 0x117559d40>
 <__main__.Word instance at 0x117559c20>
 <__main__.Word instance at 0x117559ef0>
 <__main__.Word instance at 0x117559dd0>
 <__main__.Word instance at 0x11755d170>]";Violet;3_6;False;False;"[['a', 'square'], ['make'], ['now'], [""let's""]]";nowlet'smakeasquare;nowmakeasquarelet's;0.0416666666667;-0.0425596144188
495;"[<__main__.Word instance at 0x11755d3f8>
 <__main__.Word instance at 0x11755d248>]";Violet;3_6;True;NaN;NaN;makesquare;NaN;NaN;NaN
496;[<__main__.Word instance at 0x11755d758>];Violet;3_6;False;True;[['yeah']];yeah;yeah;1.0;0.0
497;[<__main__.Word instance at 0x11755d098>];Violet;3_6;False;True;[['what']];what;what;1.0;0.0
498;[<__main__.Word instance at 0x11755d5f0>];Violet;3_6;True;NaN;NaN;jack;NaN;NaN;NaN
499;[<__main__.Word instance at 0x11755da70>];Violet;3_6;False;True;[['yeah']];yeah;yeah;1.0;0.0
500;[<__main__.Word instance at 0x11755da28>];Violet;3_6;False;True;[['yeah']];yeah;yeah;1.0;0.0
501;"[<__main__.Word instance at 0x11755d950>
 <__main__.Word instance at 0x11755d518>
 <__main__.Word instance at 0x11755dbd8>
 <__main__.Word instance at 0x11755f0e0>
 <__main__.Word instance at 0x11755f488>
 <__main__.Word instance at 0x11755f3b0>
 <__main__.Word instance at 0x11755f638>
 <__main__.Word instance at 0x11755f518>
 <__main__.Word instance at 0x11755fa70>
 <__main__.Word instance at 0x11755f5f0>
 <__main__.Word instance at 0x11755fab8>
 <__main__.Word instance at 0x11755fbd8>
 <__main__.Word instance at 0x11755f908>]";Violet;3_6;True;NaN;NaN;nowlet's&-umnowlet's&-umonlydonowlet's&-umseewho;NaN;NaN;NaN
502;"[<__main__.Word instance at 0x11755f6c8>
 <__main__.Word instance at 0x11755fe60>
 <__main__.Word instance at 0x11755fd40>
 <__main__.Word instance at 0x11755ff38>
 <__main__.Word instance at 0x117562098>
 <__main__.Word instance at 0x117562320>
 <__main__.Word instance at 0x117562290>
 <__main__.Word instance at 0x1175625a8>
 <__main__.Word instance at 0x117562560>
 <__main__.Word instance at 0x117562710>]";Violet;3_6;True;NaN;NaN;let'sputthreecirclesandthreetrianglesandthreesquares;NaN;NaN;NaN
503;[<__main__.Word instance at 0x117562830>];Violet;3_6;False;True;[['one']];one;one;1.0;0.0
504;[<__main__.Word instance at 0x1175627a0>];Violet;3_6;False;True;[['two']];two;two;1.0;0.0
505;[<__main__.Word instance at 0x1175629e0>];Violet;3_6;False;True;[['three']];three;three;1.0;0.0
506;[<__main__.Word instance at 0x117562b90>];Violet;3_6;False;True;[['now']];now;now;1.0;0.0
507;[<__main__.Word instance at 0x117562b48>];Violet;3_6;True;NaN;NaN;triangle;NaN;NaN;NaN
508;[<__main__.Word instance at 0x117562ea8>];Violet;3_6;False;True;[['one']];one;one;1.0;0.0
509;[<__main__.Word instance at 0x117562fc8>];Violet;3_6;False;True;[['two']];two;two;1.0;0.0
510;[<__main__.Word instance at 0x117562368>];Violet;3_6;False;True;[['three']];three;three;1.0;0.0
511;[<__main__.Word instance at 0x117566128>];Violet;3_6;True;NaN;NaN;square;NaN;NaN;NaN
512;[<__main__.Word instance at 0x117566290>];Violet;3_6;False;True;[['one']];one;one;1.0;0.0
513;"[<__main__.Word instance at 0x117566200>
 <__main__.Word instance at 0x117566440>]";Violet;3_6;False;False;[['three'], ['two']];twothree;threetwo;0.5;-0.69314718056
514;"[<__main__.Word instance at 0x117566638>
 <__main__.Word instance at 0x1175664d0>
 <__main__.Word instance at 0x1175666c8>
 <__main__.Word instance at 0x1175668c0>]";Violet;3_6;True;NaN;NaN;yeahnowwhatdraw;NaN;NaN;NaN
515;"[<__main__.Word instance at 0x117566998>
 <__main__.Word instance at 0x1175665f0>
 <__main__.Word instance at 0x117566e60>]";Violet;3_6;False;False;"[['now'], ['make'], [""let's""]]";nowlet'smake;nowmakelet's;0.166666666667;-0.182321556794
516;"[<__main__.Word instance at 0x117566ea8>
 <__main__.Word instance at 0x117566a28>
 <__main__.Word instance at 0x117566f38>]";Violet;3_6;False;False;"[[""let's""], ['yeah'], ['make']]";yeahlet'smake;let'syeahmake;0.166666666667;-0.182321556794
517;[<__main__.Word instance at 0x1175690e0>];Violet;3_6;True;NaN;NaN;rocks;NaN;NaN;NaN
518;"[<__main__.Word instance at 0x117569518>
 <__main__.Word instance at 0x117569440>
 <__main__.Word instance at 0x117569680>]";Violet;3_6;True;NaN;NaN;thismanyrocks;NaN;NaN;NaN
519;[<__main__.Word instance at 0x117569758>];Violet;3_6;False;True;[['one']];one;one;1.0;0.0
520;[<__main__.Word instance at 0x117569908>];Violet;3_6;False;True;[['two']];two;two;1.0;0.0
521;[<__main__.Word instance at 0x117569ab8>];Violet;3_6;False;True;[['three']];three;three;1.0;0.0
522;"[<__main__.Word instance at 0x117569d88>
 <__main__.Word instance at 0x117569cb0>]";Violet;3_6;True;NaN;NaN;fourfive;NaN;NaN;NaN
523;"[<__main__.Word instance at 0x117569e18>
 <__main__.Word instance at 0x11756c290>
 <__main__.Word instance at 0x11756c170>
 <__main__.Word instance at 0x11756c560>
 <__main__.Word instance at 0x11756c488>
 <__main__.Word instance at 0x11756c758>
 <__main__.Word instance at 0x11756c5f0>
 <__main__.Word instance at 0x11756c830>
 <__main__.Word instance at 0x11756c368>
 <__main__.Word instance at 0x11756c8c0>
 <__main__.Word instance at 0x11756c7a0>
 <__main__.Word instance at 0x11756ca70>
 <__main__.Word instance at 0x11756c950>]";Violet;3_6;False;False;"[['get'], ['can'], [""let's""], ['get'], ['what'], ['I'], ['now'], ['get'], ['know'], ['now'], ['we'], ['now'], [""let's""]]";nowlet'sgetnowlet'sgetIknowwhatwecangetnow;nowwenowIknowwhatgetlet'slet'sgetcangetnow;1.60590438368e-10;-1.60590429856e-10
524;"[<__main__.Word instance at 0x11756cb00>
 <__main__.Word instance at 0x11756cdd0>
 <__main__.Word instance at 0x11756ccb0>
 <__main__.Word instance at 0x11756cf80>
 <__main__.Word instance at 0x11756ce60>
 <__main__.Word instance at 0x11756c2d8>
 <__main__.Word instance at 0x11756f1b8>
 <__main__.Word instance at 0x11756f2d8>]";Violet;3_6;True;NaN;NaN;let'sgetlet'sget&-umdrawaface;NaN;NaN;NaN
