,num,utterance,child,age,skipped,reconstructed,bow,gold,prediction,chance,controlledscore,repetition,correctedscore
0,0,[<__main__.Word instance at 0x1083964d0>],Lily,1_6,True,,,&,,,,NaN,NaN
1,1,[<__main__.Word instance at 0x1083966c8>],Lily,1_6,True,,,&,,,,NaN,NaN
2,2,[<__main__.Word instance at 0x108396c20>],Lily,1_6,True,,,&muah,,,,NaN,NaN
3,3,[<__main__.Word instance at 0x1156f2098>],Lily,1_6,True,,,&,,,,NaN,NaN
4,4,[<__main__.Word instance at 0x1156f2248>],Lily,1_6,False,True,[['dirty']],dirty,dirty,1.0,0.0,False,-0.0
5,5,[<__main__.Word instance at 0x1156f23f8>],Lily,1_6,False,True,[['dirty']],dirty,dirty,1.0,0.0,False,-0.0
6,6,[<__main__.Word instance at 0x1156f2680>],Lily,1_6,False,True,[['dirty']],dirty,dirty,1.0,0.0,False,-0.0
7,7,[<__main__.Word instance at 0x1156f27e8>],Lily,1_6,False,True,[['daddy']],daddy,daddy,1.0,0.0,False,-0.0
8,8,[<__main__.Word instance at 0x1156f2950>],Lily,1_6,False,True,[['daddy']],daddy,daddy,1.0,0.0,False,-0.0
9,9,[<__main__.Word instance at 0x1156f2ab8>],Lily,1_6,False,True,[['daddy']],daddy,daddy,1.0,0.0,False,-0.0
10,10,[<__main__.Word instance at 0x1156f2c68>],Lily,1_6,False,True,[['daddy']],daddy,daddy,1.0,0.0,False,-0.0
11,11,[<__main__.Word instance at 0x1156f2e18>],Lily,1_6,False,True,[['mommy']],mommy,mommy,1.0,0.0,False,-0.0
12,12,[<__main__.Word instance at 0x1156f2f38>],Lily,1_6,False,True,[['daddy']],daddy,daddy,1.0,0.0,False,-0.0
13,13,[<__main__.Word instance at 0x10852f560>],Lily,1_6,False,True,[['daddy']],daddy,daddy,1.0,0.0,False,-0.0
14,14,[<__main__.Word instance at 0x10852f7a0>],Lily,1_6,False,True,[['daddy']],daddy,daddy,1.0,0.0,False,-0.0
15,15,[<__main__.Word instance at 0x10852fa28>],Lily,1_6,False,True,[['mommy']],mommy,mommy,1.0,0.0,False,-0.0
16,16,[<__main__.Word instance at 0x10852f680>],Lily,1_6,False,True,[['daddy']],daddy,daddy,1.0,0.0,False,-0.0
17,17,[<__main__.Word instance at 0x10852f518>],Lily,1_6,False,True,[['daddy']],daddy,daddy,1.0,0.0,False,-0.0
18,18,[<__main__.Word instance at 0x10852f3f8>],Lily,1_6,False,True,[['mommy']],mommy,mommy,1.0,0.0,False,-0.0
19,19,[<__main__.Word instance at 0x108398ab8>],Lily,1_6,False,True,[['daddy']],daddy,daddy,1.0,0.0,False,-0.0
20,20,[<__main__.Word instance at 0x108398c20>],Lily,1_6,False,True,[['daddy']],daddy,daddy,1.0,0.0,False,-0.0
21,21,[<__main__.Word instance at 0x1083989e0>],Lily,1_6,False,True,[['daddy']],daddy,daddy,1.0,0.0,False,-0.0
22,22,[<__main__.Word instance at 0x1156f8050>],Lily,1_6,False,True,[['daddy']],daddy,daddy,1.0,0.0,False,-0.0
23,23,[<__main__.Word instance at 0x1156f8200>],Lily,1_6,False,True,[['daddy']],daddy,daddy,1.0,0.0,False,-0.0
24,24,[<__main__.Word instance at 0x1156f82d8>],Lily,1_6,False,True,[['dirty']],dirty,dirty,1.0,0.0,False,-0.0
25,25,[<__main__.Word instance at 0x1156f8248>],Lily,1_6,True,,,&,,,,NaN,NaN
26,26,[<__main__.Word instance at 0x1156f8560>],Lily,1_6,True,,,&muah,,,,NaN,NaN
27,27,[<__main__.Word instance at 0x1156f8638>],Lily,1_6,True,,,duckie,,,,NaN,NaN
28,28,[<__main__.Word instance at 0x1156f85a8>],Lily,1_6,False,True,[['no']],no,no,1.0,0.0,False,-0.0
29,29,[<__main__.Word instance at 0x1156f8440>],Lily,1_6,True,,,&,,,,NaN,NaN
30,30,[<__main__.Word instance at 0x1156f8758>],Lily,1_6,True,,,blah,,,,NaN,NaN
31,31,[<__main__.Word instance at 0x1156f8680>],Lily,1_6,False,True,[['mommy']],mommy,mommy,1.0,0.0,False,-0.0
32,32,[<__main__.Word instance at 0x1156f86c8>],Lily,1_6,False,True,[['daddy']],daddy,daddy,1.0,0.0,False,-0.0
33,33,[<__main__.Word instance at 0x1156f8ab8>],Lily,1_6,False,True,[['daddy']],daddy,daddy,1.0,0.0,False,-0.0
34,34,[<__main__.Word instance at 0x1156f8bd8>],Lily,1_6,False,True,[['daddy']],daddy,daddy,1.0,0.0,False,-0.0
35,35,[<__main__.Word instance at 0x1156f8830>],Lily,1_6,True,,,woofy,,,,NaN,NaN
36,36,[<__main__.Word instance at 0x1156f8908>],Lily,1_6,True,,,woofy,,,,NaN,NaN
37,37,[<__main__.Word instance at 0x1156f8cf8>],Lily,1_6,True,,,woof,,,,NaN,NaN
38,38,[<__main__.Word instance at 0x1156f8ef0>],Lily,1_6,True,,,blah,,,,NaN,NaN
39,39,[<__main__.Word instance at 0x1156fb098>],Lily,1_6,True,,,blah,,,,NaN,NaN
40,40,[<__main__.Word instance at 0x1156fb290>],Lily,1_6,False,True,[['dirty']],dirty,dirty,1.0,0.0,False,-0.0
41,41,"[<__main__.Word instance at 0x1156fb518>
 <__main__.Word instance at 0x1156fb5a8>]",Lily,1_6,False,True,"[['Pooh', 'Bear']]",PoohBear,PoohBear,1.0,0.0,False,-0.0
42,42,[<__main__.Word instance at 0x1156fb758>],Lily,1_6,True,,,blah,,,,NaN,NaN
43,43,[<__main__.Word instance at 0x1156fb830>],Lily,1_6,False,True,[['dirty']],dirty,dirty,1.0,0.0,False,-0.0
44,44,"[<__main__.Word instance at 0x1156fb8c0>
 <__main__.Word instance at 0x1156fb7a0>]",Lily,1_6,False,True,"[['Pooh', 'Bear']]",PoohBear,PoohBear,1.0,0.0,False,-0.0
45,45,[<__main__.Word instance at 0x1156fb560>],Lily,1_6,True,,,Poohbie,,,,NaN,NaN
46,46,[<__main__.Word instance at 0x1156fb368>],Lily,1_6,True,,,&,,,,NaN,NaN
47,47,[<__main__.Word instance at 0x1156fb5f0>],Lily,1_6,False,True,[['dirty']],dirty,dirty,1.0,0.0,False,-0.0
48,48,[<__main__.Word instance at 0x1156fbbd8>],Lily,1_6,False,True,[['hm']],hm,hm,1.0,0.0,False,-0.0
49,49,[<__main__.Word instance at 0x1156fba28>],Lily,1_6,False,True,[['dirty']],dirty,dirty,1.0,0.0,False,-0.0
50,50,[<__main__.Word instance at 0x1156fbd88>],Lily,1_6,False,True,[['dirty']],dirty,dirty,1.0,0.0,False,-0.0
51,51,[<__main__.Word instance at 0x1156fbb00>],Lily,1_6,False,True,[['hm']],hm,hm,1.0,0.0,False,-0.0
52,52,[<__main__.Word instance at 0x1156ff0e0>],Lily,1_6,False,True,[['backpack']],backpack,backpack,1.0,0.0,False,-0.0
53,53,[<__main__.Word instance at 0x1156ff248>],Lily,1_6,False,True,[['dirty']],dirty,dirty,1.0,0.0,False,-0.0
54,54,[<__main__.Word instance at 0x1156ff440>],Lily,1_6,False,True,[['daddy']],daddy,daddy,1.0,0.0,False,-0.0
55,55,[<__main__.Word instance at 0x1156ff5a8>],Lily,1_6,False,True,[['mommy']],mommy,mommy,1.0,0.0,False,-0.0
56,56,[<__main__.Word instance at 0x1156ff7a0>],Lily,1_6,False,True,[['daddy']],daddy,daddy,1.0,0.0,False,-0.0
57,57,[<__main__.Word instance at 0x1156ff830>],Lily,1_6,False,True,[['daddy']],daddy,daddy,1.0,0.0,False,-0.0
58,58,[<__main__.Word instance at 0x1156ff8c0>],Lily,1_6,False,True,[['puppy']],puppy,puppy,1.0,0.0,False,-0.0
59,59,[<__main__.Word instance at 0x1156ff560>],Lily,1_6,True,,,doggy,,,,NaN,NaN
60,60,[<__main__.Word instance at 0x1156ffa70>],Lily,1_6,False,True,[['puppy']],puppy,puppy,1.0,0.0,False,-0.0
61,61,[<__main__.Word instance at 0x1156ffb48>],Lily,1_6,False,True,[['ah']],ah,ah,1.0,0.0,False,-0.0
62,62,[<__main__.Word instance at 0x1156ffc20>],Lily,1_6,True,,,&,,,,NaN,NaN
63,63,"[<__main__.Word instance at 0x1156ffd40>
 <__main__.Word instance at 0x1156fff80>]",Lily,1_6,True,,,bumblebee,,,,NaN,NaN
64,64,[<__main__.Word instance at 0x115702098>],Lily,1_6,False,True,[['ah']],ah,ah,1.0,0.0,False,-0.0
65,65,[<__main__.Word instance at 0x115702368>],Lily,1_6,False,True,[['puppy']],puppy,puppy,1.0,0.0,False,-0.0
66,66,[<__main__.Word instance at 0x115702050>],Lily,1_6,False,True,[['puppy']],puppy,puppy,1.0,0.0,False,-0.0
67,67,[<__main__.Word instance at 0x115702290>],Lily,1_6,True,,,woof,,,,NaN,NaN
68,68,[<__main__.Word instance at 0x1157021b8>],Lily,1_6,False,True,[['moon']],moon,moon,1.0,0.0,False,-0.0
69,69,"[<__main__.Word instance at 0x115702680>
 <__main__.Word instance at 0x115702830>]",Lily,1_6,True,,,ahelicopter,,,,NaN,NaN
70,70,[<__main__.Word instance at 0x115702908>],Lily,1_6,False,True,[['dirty']],dirty,dirty,1.0,0.0,False,-0.0
71,71,[<__main__.Word instance at 0x115702998>],Lily,1_6,True,,,bleh,,,,NaN,NaN
72,72,[<__main__.Word instance at 0x115702ab8>],Lily,1_6,True,,,bleh,,,,NaN,NaN
73,73,[<__main__.Word instance at 0x115702b90>],Lily,1_6,False,True,[['hm']],hm,hm,1.0,0.0,False,-0.0
74,74,[<__main__.Word instance at 0x115702b00>],Lily,1_6,True,,,&,,,,NaN,NaN
75,75,[<__main__.Word instance at 0x115702bd8>],Lily,1_6,True,,,&,,,,NaN,NaN
76,76,[<__main__.Word instance at 0x115702cb0>],Lily,1_6,False,True,[['puppy']],puppy,puppy,1.0,0.0,False,-0.0
77,77,[<__main__.Word instance at 0x115702d88>],Lily,1_6,False,True,[['gaudy']],gaudy,gaudy,1.0,0.0,False,-0.0
78,78,[<__main__.Word instance at 0x115702e60>],Lily,1_6,False,True,[['daddy']],daddy,daddy,1.0,0.0,False,-0.0
79,79,[<__main__.Word instance at 0x115702248>],Lily,1_6,False,True,[['gaudy']],gaudy,gaudy,1.0,0.0,False,-0.0
80,80,[<__main__.Word instance at 0x1157050e0>],Lily,1_6,False,True,[['gaudy']],gaudy,gaudy,1.0,0.0,False,-0.0
81,81,[<__main__.Word instance at 0x115705050>],Lily,1_6,False,True,[['huh']],huh,huh,1.0,0.0,False,-0.0
82,82,[<__main__.Word instance at 0x115705518>],Lily,1_6,False,True,[['daddy']],daddy,daddy,1.0,0.0,False,-0.0
83,83,[<__main__.Word instance at 0x115705488>],Lily,1_6,False,True,[['daddy']],daddy,daddy,1.0,0.0,False,-0.0
84,84,[<__main__.Word instance at 0x115705638>],Lily,1_6,False,True,[['moon']],moon,moon,1.0,0.0,False,-0.0
85,85,[<__main__.Word instance at 0x1157055f0>],Lily,1_6,False,True,[['moon']],moon,moon,1.0,0.0,False,-0.0
86,86,[<__main__.Word instance at 0x1157056c8>],Lily,1_6,False,True,[['dirty']],dirty,dirty,1.0,0.0,False,-0.0
87,87,[<__main__.Word instance at 0x115705998>],Lily,1_6,False,True,[['dirty']],dirty,dirty,1.0,0.0,False,-0.0
88,88,[<__main__.Word instance at 0x115705560>],Lily,1_6,False,True,[['dirty']],dirty,dirty,1.0,0.0,False,-0.0
89,89,[<__main__.Word instance at 0x115705b48>],Lily,1_6,False,True,[['dirty']],dirty,dirty,1.0,0.0,False,-0.0
90,90,[<__main__.Word instance at 0x115705cb0>],Lily,1_6,False,True,[['dirty']],dirty,dirty,1.0,0.0,False,-0.0
91,91,[<__main__.Word instance at 0x1157057a0>],Lily,1_6,False,True,[['mm']],mm,mm,1.0,0.0,False,-0.0
92,92,[<__main__.Word instance at 0x115705878>],Lily,1_6,False,True,[['mm']],mm,mm,1.0,0.0,False,-0.0
93,93,[<__main__.Word instance at 0x115705e60>],Lily,1_6,True,,,dede,,,,NaN,NaN
94,94,[<__main__.Word instance at 0x115705c20>],Lily,1_6,False,True,[['daddy']],daddy,daddy,1.0,0.0,False,-0.0
95,95,[<__main__.Word instance at 0x115709050>],Lily,1_6,False,True,[['dirty']],dirty,dirty,1.0,0.0,False,-0.0
96,96,[<__main__.Word instance at 0x115709368>],Lily,1_6,False,True,[['dirty']],dirty,dirty,1.0,0.0,False,-0.0
97,97,[<__main__.Word instance at 0x1157093f8>],Lily,1_6,False,True,[['puppy']],puppy,puppy,1.0,0.0,False,-0.0
98,98,[<__main__.Word instance at 0x115709488>],Lily,1_6,False,True,[['puppy']],puppy,puppy,1.0,0.0,False,-0.0
99,99,[<__main__.Word instance at 0x1157092d8>],Lily,1_6,False,True,[['dirty']],dirty,dirty,1.0,0.0,False,-0.0
100,100,[<__main__.Word instance at 0x115709908>],Lily,1_6,True,,,mama,,,,NaN,NaN
101,101,[<__main__.Word instance at 0x1157099e0>],Lily,1_6,False,True,[['puppy']],puppy,puppy,1.0,0.0,False,-0.0
102,102,[<__main__.Word instance at 0x115709b90>],Lily,1_6,True,,,woof,,,,NaN,NaN
103,103,[<__main__.Word instance at 0x115709ea8>],Lily,1_6,False,True,[['puppy']],puppy,puppy,1.0,0.0,False,-0.0
104,104,[<__main__.Word instance at 0x115709bd8>],Lily,1_6,False,True,[['dirty']],dirty,dirty,1.0,0.0,False,-0.0
105,105,[<__main__.Word instance at 0x11570c098>],Lily,1_6,False,True,[['puppy']],puppy,puppy,1.0,0.0,False,-0.0
106,106,[<__main__.Word instance at 0x11570c248>],Lily,1_6,False,True,[['puppy']],puppy,puppy,1.0,0.0,False,-0.0
107,107,"[<__main__.Word instance at 0x11570c488>
 <__main__.Word instance at 0x11570c368>]",Lily,1_6,True,,,woofwoof,,,,NaN,NaN
108,108,[<__main__.Word instance at 0x11570c518>],Lily,1_6,False,True,[['moo']],moo,moo,1.0,0.0,False,-0.0
109,109,"[<__main__.Word instance at 0x11570c908>
 <__main__.Word instance at 0x11570c7a0>
 <__main__.Word instance at 0x11570c830>]",Lily,1_6,False,True,"[['ooh'], ['ooh'], ['ooh']]",oohoohooh,oohoohooh,0.166666666667,1.79175946923,True,-0.0
110,110,"[<__main__.Word instance at 0x11570cb90>
 <__main__.Word instance at 0x11570cb00>]",Lily,1_6,True,,,bumblebee,,,,NaN,NaN
111,111,[<__main__.Word instance at 0x11570c8c0>],Lily,1_6,False,True,[['&-um']],&-um,&-um,1.0,0.0,False,-0.0
112,112,[<__main__.Word instance at 0x11570c9e0>],Lily,1_6,False,True,[['baby']],baby,baby,1.0,0.0,False,-0.0
113,113,[<__main__.Word instance at 0x11570c6c8>],Lily,1_6,False,True,[['baby']],baby,baby,1.0,0.0,False,-0.0
114,114,[<__main__.Word instance at 0x11570cdd0>],Lily,1_6,False,True,[['no']],no,no,1.0,0.0,False,-0.0
115,115,[<__main__.Word instance at 0x11570cab8>],Lily,1_6,False,True,[['dirty']],dirty,dirty,1.0,0.0,False,-0.0
116,116,[<__main__.Word instance at 0x11570f050>],Lily,1_6,False,True,[['dirty']],dirty,dirty,1.0,0.0,False,-0.0
117,117,[<__main__.Word instance at 0x11570f098>],Lily,1_6,True,,,blah,,,,NaN,NaN
118,118,"[<__main__.Word instance at 0x11570f248>
 <__main__.Word instance at 0x11570f4d0>
 <__main__.Word instance at 0x11570f440>]",Lily,1_6,False,True,"[['ooh'], ['ooh'], ['ooh']]",oohoohooh,oohoohooh,0.166666666667,1.79175946923,True,-0.0
119,119,[<__main__.Word instance at 0x11570f560>],Lily,1_6,False,True,[['bear']],bear,bear,1.0,0.0,False,-0.0
120,120,[<__main__.Word instance at 0x11570f170>],Lily,1_6,False,True,[['moon']],moon,moon,1.0,0.0,False,-0.0
121,121,[<__main__.Word instance at 0x11570f7e8>],Lily,1_6,False,True,[['baby']],baby,baby,1.0,0.0,False,-0.0
122,122,[<__main__.Word instance at 0x11570f5a8>],Lily,1_6,False,True,[['baby']],baby,baby,1.0,0.0,False,-0.0
123,123,[<__main__.Word instance at 0x11570f878>],Lily,1_6,False,True,[['baby']],baby,baby,1.0,0.0,False,-0.0
124,124,[<__main__.Word instance at 0x11570fb00>],Lily,1_6,False,True,[['daddy']],daddy,daddy,1.0,0.0,False,-0.0
125,125,[<__main__.Word instance at 0x11570f2d8>],Lily,1_6,False,True,[['baby']],baby,baby,1.0,0.0,False,-0.0
126,126,[<__main__.Word instance at 0x11570fa70>],Lily,1_6,False,True,[['puppy']],puppy,puppy,1.0,0.0,False,-0.0
127,127,"[<__main__.Word instance at 0x11570f830>
 <__main__.Word instance at 0x11570ff80>]",Lily,1_6,True,,,woofwoof,,,,NaN,NaN
128,128,[<__main__.Word instance at 0x11570fb48>],Lily,1_6,False,True,[['puppy']],puppy,puppy,1.0,0.0,False,-0.0
129,129,[<__main__.Word instance at 0x115712050>],Lily,1_6,False,True,[['baby']],baby,baby,1.0,0.0,False,-0.0
130,130,[<__main__.Word instance at 0x1157123f8>],Lily,1_6,False,True,[['daddy']],daddy,daddy,1.0,0.0,False,-0.0
131,131,[<__main__.Word instance at 0x1157125f0>],Lily,1_6,False,True,[['puppy']],puppy,puppy,1.0,0.0,False,-0.0
132,132,[<__main__.Word instance at 0x1157126c8>],Lily,1_6,False,True,[['puppy']],puppy,puppy,1.0,0.0,False,-0.0
133,133,"[<__main__.Word instance at 0x1157127a0>
 <__main__.Word instance at 0x115712638>]",Lily,1_6,False,True,"[['moon'], ['moon']]",moonmoon,moonmoon,0.5,0.69314718056,True,-0.0
134,134,[<__main__.Word instance at 0x115712710>],Lily,1_6,False,True,[['moon']],moon,moon,1.0,0.0,False,-0.0
135,135,"[<__main__.Word instance at 0x1157127e8>
 <__main__.Word instance at 0x115712ab8>]",Lily,1_6,False,True,"[['baby'], ['baby']]",babybaby,babybaby,0.5,0.69314718056,True,-0.0
136,136,[<__main__.Word instance at 0x115712cb0>],Lily,1_6,False,True,[['dirty']],dirty,dirty,1.0,0.0,False,-0.0
137,137,[<__main__.Word instance at 0x115712d40>],Lily,1_6,False,True,[['dirty']],dirty,dirty,1.0,0.0,False,-0.0
138,138,[<__main__.Word instance at 0x115712ef0>],Lily,1_6,False,True,[['dirty']],dirty,dirty,1.0,0.0,False,-0.0
139,139,[<__main__.Word instance at 0x115712f80>],Lily,1_6,False,True,[['dirty']],dirty,dirty,1.0,0.0,False,-0.0
140,140,[<__main__.Word instance at 0x115715290>],Lily,1_6,True,,,&,,,,NaN,NaN
141,141,[<__main__.Word instance at 0x115715440>],Lily,1_6,False,True,[['puppy']],puppy,puppy,1.0,0.0,False,-0.0
142,142,[<__main__.Word instance at 0x115715638>],Lily,1_6,False,True,[['dirty']],dirty,dirty,1.0,0.0,False,-0.0
143,143,[<__main__.Word instance at 0x115715710>],Lily,1_6,False,True,[['dirty']],dirty,dirty,1.0,0.0,False,-0.0
144,144,[<__main__.Word instance at 0x1157157a0>],Lily,1_6,False,True,[['dirty']],dirty,dirty,1.0,0.0,False,-0.0
145,145,[<__main__.Word instance at 0x115715998>],Lily,1_6,True,,,whoa,,,,NaN,NaN
146,146,[<__main__.Word instance at 0x115715a70>],Lily,1_6,False,True,[['mommy']],mommy,mommy,1.0,0.0,False,-0.0
147,147,[<__main__.Word instance at 0x115715b48>],Lily,1_6,False,True,[['mommy']],mommy,mommy,1.0,0.0,False,-0.0
148,148,[<__main__.Word instance at 0x115715830>],Lily,1_6,False,True,[['mommy']],mommy,mommy,1.0,0.0,False,-0.0
149,149,[<__main__.Word instance at 0x115715d88>],Lily,1_6,False,True,[['mommy']],mommy,mommy,1.0,0.0,False,-0.0
150,150,[<__main__.Word instance at 0x115715e18>],Lily,1_6,False,True,[['puppy']],puppy,puppy,1.0,0.0,False,-0.0
151,151,[<__main__.Word instance at 0x115715f38>],Lily,1_6,False,True,[['puppy']],puppy,puppy,1.0,0.0,False,-0.0
152,152,[<__main__.Word instance at 0x115715c20>],Lily,1_6,False,True,[['puppy']],puppy,puppy,1.0,0.0,False,-0.0
153,153,[<__main__.Word instance at 0x115719128>],Lily,1_6,False,True,[['yeah']],yeah,yeah,1.0,0.0,False,-0.0
154,154,[<__main__.Word instance at 0x1157191b8>],Lily,1_6,True,,,whoa,,,,NaN,NaN
155,155,[<__main__.Word instance at 0x115719488>],Lily,1_6,False,True,[['oh']],oh,oh,1.0,0.0,False,-0.0
156,156,[<__main__.Word instance at 0x115719638>],Lily,1_6,False,True,[['moon']],moon,moon,1.0,0.0,False,-0.0
157,157,[<__main__.Word instance at 0x1157199e0>],Lily,1_6,False,True,[['moon']],moon,moon,1.0,0.0,False,-0.0
158,158,[<__main__.Word instance at 0x115719998>],Lily,1_6,True,,,mom,,,,NaN,NaN
159,159,[<__main__.Word instance at 0x115719b00>],Lily,1_6,False,True,[['moon']],moon,moon,1.0,0.0,False,-0.0
160,160,[<__main__.Word instance at 0x115719bd8>],Lily,1_6,True,,,&,,,,NaN,NaN
161,161,[<__main__.Word instance at 0x115719dd0>],Lily,1_6,False,True,[['moon']],moon,moon,1.0,0.0,False,-0.0
162,162,[<__main__.Word instance at 0x115719ea8>],Lily,1_6,False,True,[['moon']],moon,moon,1.0,0.0,False,-0.0
163,163,[<__main__.Word instance at 0x115719f80>],Lily,1_6,False,True,[['moon']],moon,moon,1.0,0.0,False,-0.0
164,164,[<__main__.Word instance at 0x115719ef0>],Lily,1_6,False,True,[['moon']],moon,moon,1.0,0.0,False,-0.0
165,165,[<__main__.Word instance at 0x1157196c8>],Lily,1_6,False,True,[['Po']],Po,Po,1.0,0.0,False,-0.0
166,166,[<__main__.Word instance at 0x11571c248>],Lily,1_6,False,True,[['Po']],Po,Po,1.0,0.0,False,-0.0
167,167,[<__main__.Word instance at 0x11571c320>],Lily,1_6,False,True,[['Po']],Po,Po,1.0,0.0,False,-0.0
168,168,[<__main__.Word instance at 0x11571c290>],Lily,1_6,False,True,[['Mama']],Mama,Mama,1.0,0.0,False,-0.0
169,169,[<__main__.Word instance at 0x11571c488>],Lily,1_6,False,True,[['Mama']],Mama,Mama,1.0,0.0,False,-0.0
170,170,[<__main__.Word instance at 0x11571c200>],Lily,1_6,False,True,[['Mama']],Mama,Mama,1.0,0.0,False,-0.0
171,171,[<__main__.Word instance at 0x11571c758>],Lily,1_6,False,True,[['Mama']],Mama,Mama,1.0,0.0,False,-0.0
172,172,[<__main__.Word instance at 0x11571c4d0>],Lily,1_6,False,True,[['Floppy']],Floppy,Floppy,1.0,0.0,False,-0.0
173,173,[<__main__.Word instance at 0x11571cab8>],Lily,1_6,False,True,[['Floppy']],Floppy,Floppy,1.0,0.0,False,-0.0
174,174,[<__main__.Word instance at 0x11571cb48>],Lily,1_6,False,True,[['duck']],duck,duck,1.0,0.0,False,-0.0
175,175,[<__main__.Word instance at 0x11571cdd0>],Lily,1_6,False,True,[['Po']],Po,Po,1.0,0.0,False,-0.0
176,176,"[<__main__.Word instance at 0x11571ce60>
 <__main__.Word instance at 0x11571ccf8>]",Lily,1_6,False,True,"[['Po'], ['Po']]",PoPo,PoPo,0.5,0.69314718056,True,-0.0
177,177,[<__main__.Word instance at 0x11571cf38>],Lily,1_6,False,True,[['Po']],Po,Po,1.0,0.0,False,-0.0
178,178,[<__main__.Word instance at 0x11571c5f0>],Lily,1_6,False,True,[['puppy']],puppy,puppy,1.0,0.0,False,-0.0
179,179,[<__main__.Word instance at 0x11571f170>],Lily,1_6,False,True,[['baby']],baby,baby,1.0,0.0,False,-0.0
180,180,[<__main__.Word instance at 0x11571f200>],Lily,1_6,False,True,[['baby']],baby,baby,1.0,0.0,False,-0.0
181,181,[<__main__.Word instance at 0x11571f638>],Lily,1_6,False,True,[['baby']],baby,baby,1.0,0.0,False,-0.0
182,182,[<__main__.Word instance at 0x11571f5a8>],Lily,1_6,False,True,[['baby']],baby,baby,1.0,0.0,False,-0.0
183,183,[<__main__.Word instance at 0x11571f710>],Lily,1_6,True,,,grr,,,,NaN,NaN
184,184,"[<__main__.Word instance at 0x11571f488>
 <__main__.Word instance at 0x11571f7a0>
 <__main__.Word instance at 0x11571f8c0>
 <__main__.Word instance at 0x11571fbd8>
 <__main__.Word instance at 0x11571f998>
 <__main__.Word instance at 0x11571fc68>
 <__main__.Word instance at 0x11571fab8>
 <__main__.Word instance at 0x11571fd40>
 <__main__.Word instance at 0x11571fa70>]",Lily,1_6,True,,,I'vegotyourtummytummytummytummytummytum,,,,NaN,NaN
185,185,[<__main__.Word instance at 0x11571fcb0>],Lily,1_6,False,True,[['puppy']],puppy,puppy,1.0,0.0,False,-0.0
186,186,[<__main__.Word instance at 0x11571fe18>],Lily,1_6,False,True,[['duck']],duck,duck,1.0,0.0,False,-0.0
187,187,[<__main__.Word instance at 0x115722200>],Lily,1_6,False,True,[['puppy']],puppy,puppy,1.0,0.0,False,-0.0
188,188,[<__main__.Word instance at 0x1157221b8>],Lily,1_6,False,True,[['puppy']],puppy,puppy,1.0,0.0,False,-0.0
189,189,[<__main__.Word instance at 0x115722440>],Lily,1_6,False,True,[['baby']],baby,baby,1.0,0.0,False,-0.0
190,190,[<__main__.Word instance at 0x115722518>],Lily,1_6,False,True,[['puppy']],puppy,puppy,1.0,0.0,False,-0.0
191,191,[<__main__.Word instance at 0x115722098>],Lily,1_6,False,True,[['Po']],Po,Po,1.0,0.0,False,-0.0
192,192,[<__main__.Word instance at 0x115722878>],Lily,1_6,True,,,Boo,,,,NaN,NaN
193,193,[<__main__.Word instance at 0x1157225f0>],Lily,1_6,False,True,[['dirty']],dirty,dirty,1.0,0.0,False,-0.0
194,194,"[<__main__.Word instance at 0x115722998>
 <__main__.Word instance at 0x115722cf8>]",Lily,1_6,False,True,"[['Pooh', 'Bear']]",PoohBear,PoohBear,1.0,0.0,False,-0.0
195,195,[<__main__.Word instance at 0x115722e60>],Lily,1_6,False,True,[['dirty']],dirty,dirty,1.0,0.0,False,-0.0
196,196,[<__main__.Word instance at 0x115722f38>],Lily,1_6,False,True,[['dirty']],dirty,dirty,1.0,0.0,False,-0.0
197,197,[<__main__.Word instance at 0x115722fc8>],Lily,1_6,False,True,[['moon']],moon,moon,1.0,0.0,False,-0.0
198,198,[<__main__.Word instance at 0x115726128>],Lily,1_6,False,True,[['moon']],moon,moon,1.0,0.0,False,-0.0
199,199,[<__main__.Word instance at 0x1157261b8>],Lily,1_6,False,True,[['cow']],cow,cow,1.0,0.0,False,-0.0
200,200,"[<__main__.Word instance at 0x1157260e0>
 <__main__.Word instance at 0x115726560>]",Lily,1_6,False,True,"[['moo'], ['moo']]",moomoo,moomoo,0.5,0.69314718056,True,-0.0
201,201,[<__main__.Word instance at 0x1157267a0>],Lily,1_6,False,True,[['moo']],moo,moo,1.0,0.0,False,-0.0
202,202,[<__main__.Word instance at 0x1157267e8>],Lily,1_6,False,True,[['Floppy']],Floppy,Floppy,1.0,0.0,False,-0.0
203,203,[<__main__.Word instance at 0x115726878>],Lily,1_6,False,True,[['Floppy']],Floppy,Floppy,1.0,0.0,False,-0.0
204,204,[<__main__.Word instance at 0x115726a28>],Lily,1_6,False,True,[['Floppy']],Floppy,Floppy,1.0,0.0,False,-0.0
205,205,[<__main__.Word instance at 0x115726bd8>],Lily,1_6,False,True,[['Floppy']],Floppy,Floppy,1.0,0.0,False,-0.0
206,206,[<__main__.Word instance at 0x1157262d8>],Lily,1_6,False,True,[['Floppy']],Floppy,Floppy,1.0,0.0,False,-0.0
207,207,"[<__main__.Word instance at 0x115726d88>
 <__main__.Word instance at 0x115726fc8>]",Lily,1_6,False,True,"[['boo'], ['boo']]",booboo,booboo,0.5,0.69314718056,True,-0.0
208,208,[<__main__.Word instance at 0x115726f38>],Lily,1_6,False,True,[['boo']],boo,boo,1.0,0.0,False,-0.0
209,209,[<__main__.Word instance at 0x115729440>],Lily,1_6,False,True,[['boo']],boo,boo,1.0,0.0,False,-0.0
210,210,[<__main__.Word instance at 0x115729518>],Lily,1_6,False,True,[['puppy']],puppy,puppy,1.0,0.0,False,-0.0
211,211,[<__main__.Word instance at 0x1157297e8>],Lily,1_6,False,True,[['puppy']],puppy,puppy,1.0,0.0,False,-0.0
212,212,[<__main__.Word instance at 0x1157299e0>],Lily,1_6,False,True,[['boo']],boo,boo,1.0,0.0,False,-0.0
213,213,"[<__main__.Word instance at 0x115729ab8>
 <__main__.Word instance at 0x1157295a8>]",Lily,1_6,False,True,"[['boo'], ['boo']]",booboo,booboo,0.5,0.69314718056,True,-0.0
214,214,[<__main__.Word instance at 0x115729128>],Lily,1_6,False,True,[['boo']],boo,boo,1.0,0.0,False,-0.0
215,215,"[<__main__.Word instance at 0x115729bd8>
 <__main__.Word instance at 0x115729ea8>
 <__main__.Word instance at 0x115729d88>
 <__main__.Word instance at 0x115729ef0>]",Lily,1_6,False,True,"[['boo'], ['boo'], ['boo'], ['boo']]",booboobooboo,booboobooboo,0.0416666666667,3.17805383035,True,-0.0
216,216,[<__main__.Word instance at 0x115729a28>],Lily,1_6,False,True,[['Elmo']],Elmo,Elmo,1.0,0.0,False,-0.0
217,217,[<__main__.Word instance at 0x11572d170>],Lily,1_6,False,True,[['Elmo']],Elmo,Elmo,1.0,0.0,False,-0.0
218,218,[<__main__.Word instance at 0x11572d200>],Lily,1_6,False,True,[['Elmo']],Elmo,Elmo,1.0,0.0,False,-0.0
219,219,[<__main__.Word instance at 0x11572d4d0>],Lily,1_6,False,True,[['Elmo']],Elmo,Elmo,1.0,0.0,False,-0.0
220,220,[<__main__.Word instance at 0x11572d638>],Lily,1_6,False,True,[['boom']],boom,boom,1.0,0.0,False,-0.0
221,221,[<__main__.Word instance at 0x11572d7e8>],Lily,1_6,True,,,&,,,,NaN,NaN
222,222,[<__main__.Word instance at 0x11572d998>],Lily,1_6,True,,,blah,,,,NaN,NaN
223,223,[<__main__.Word instance at 0x11572dc20>],Lily,1_6,False,True,[['puppy']],puppy,puppy,1.0,0.0,False,-0.0
224,224,[<__main__.Word instance at 0x11572dd40>],Lily,1_6,True,,,woof,,,,NaN,NaN
225,225,[<__main__.Word instance at 0x11572ddd0>],Lily,1_6,False,True,[['boom']],boom,boom,1.0,0.0,False,-0.0
226,226,[<__main__.Word instance at 0x11572dfc8>],Lily,1_6,False,True,[['boom']],boom,boom,1.0,0.0,False,-0.0
227,227,[<__main__.Word instance at 0x11572def0>],Lily,1_6,False,True,[['baby']],baby,baby,1.0,0.0,False,-0.0
228,228,[<__main__.Word instance at 0x11572df80>],Lily,1_6,False,True,[['daddy']],daddy,daddy,1.0,0.0,False,-0.0
229,229,[<__main__.Word instance at 0x115730248>],Lily,1_6,False,True,[['daddy']],daddy,daddy,1.0,0.0,False,-0.0
230,230,"[<__main__.Word instance at 0x115730320>
 <__main__.Word instance at 0x1157303b0>]",Lily,1_6,False,False,"[['mommy'], [""that's""]]",that'smommy,mommythat's,0.5,-0.69314718056,False,-0.6931471805599453
231,231,[<__main__.Word instance at 0x1157304d0>],Lily,1_6,False,True,[['oh']],oh,oh,1.0,0.0,False,-0.0
232,232,[<__main__.Word instance at 0x115730518>],Lily,1_6,False,True,[['oh']],oh,oh,1.0,0.0,False,-0.0
233,233,[<__main__.Word instance at 0x115730830>],Lily,1_6,False,True,[['oh']],oh,oh,1.0,0.0,False,-0.0
234,234,[<__main__.Word instance at 0x1157307a0>],Lily,1_6,True,,,whoa,,,,NaN,NaN
235,235,[<__main__.Word instance at 0x115730a70>],Lily,1_6,True,,,whoa,,,,NaN,NaN
236,236,[<__main__.Word instance at 0x115730c20>],Lily,1_6,True,,,whoa,,,,NaN,NaN
237,237,[<__main__.Word instance at 0x115730b48>],Lily,1_6,False,True,[['oh']],oh,oh,1.0,0.0,False,-0.0
238,238,[<__main__.Word instance at 0x115730050>],Lily,1_6,False,True,[['baby']],baby,baby,1.0,0.0,False,-0.0
239,239,[<__main__.Word instance at 0x115730f80>],Lily,1_6,False,True,[['baby']],baby,baby,1.0,0.0,False,-0.0
240,240,[<__main__.Word instance at 0x115736200>],Lily,1_6,False,True,[['baby']],baby,baby,1.0,0.0,False,-0.0
241,241,[<__main__.Word instance at 0x1157363f8>],Lily,1_6,False,True,[['yes']],yes,yes,1.0,0.0,False,-0.0
242,242,[<__main__.Word instance at 0x115736488>],Lily,1_6,False,True,[['yes']],yes,yes,1.0,0.0,False,-0.0
243,243,[<__main__.Word instance at 0x115736680>],Lily,1_6,False,True,[['yes']],yes,yes,1.0,0.0,False,-0.0
244,244,[<__main__.Word instance at 0x115736758>],Lily,1_6,False,True,[['daddy']],daddy,daddy,1.0,0.0,False,-0.0
245,245,[<__main__.Word instance at 0x115736830>],Lily,1_6,False,True,[['baby']],baby,baby,1.0,0.0,False,-0.0
246,246,[<__main__.Word instance at 0x1157368c0>],Lily,1_6,False,True,[['baby']],baby,baby,1.0,0.0,False,-0.0
247,247,[<__main__.Word instance at 0x115736a70>],Lily,1_6,False,True,[['baby']],baby,baby,1.0,0.0,False,-0.0
248,248,[<__main__.Word instance at 0x115736c20>],Lily,1_6,False,True,[['baby']],baby,baby,1.0,0.0,False,-0.0
249,249,[<__main__.Word instance at 0x115736e18>],Lily,1_6,False,True,[['baby']],baby,baby,1.0,0.0,False,-0.0
250,250,[<__main__.Word instance at 0x115736ef0>],Lily,1_6,False,True,[['Floppy']],Floppy,Floppy,1.0,0.0,False,-0.0
251,251,[<__main__.Word instance at 0x115736f80>],Lily,1_6,True,,,dada,,,,NaN,NaN
252,252,[<__main__.Word instance at 0x1157330e0>],Lily,1_6,False,True,[['daddy']],daddy,daddy,1.0,0.0,False,-0.0
253,253,[<__main__.Word instance at 0x1157331b8>],Lily,1_6,True,,,dada,,,,NaN,NaN
254,254,[<__main__.Word instance at 0x115733368>],Lily,1_6,True,,,blah,,,,NaN,NaN
255,255,[<__main__.Word instance at 0x115733248>],Lily,1_6,False,True,[['daddy']],daddy,daddy,1.0,0.0,False,-0.0
256,256,[<__main__.Word instance at 0x1157333f8>],Lily,1_6,True,,,dada,,,,NaN,NaN
257,257,[<__main__.Word instance at 0x1157335f0>],Lily,1_6,True,,,dada,,,,NaN,NaN
258,258,[<__main__.Word instance at 0x1157337e8>],Lily,1_6,False,True,[['daddy']],daddy,daddy,1.0,0.0,False,-0.0
259,259,[<__main__.Word instance at 0x115733998>],Lily,1_6,True,,,grr,,,,NaN,NaN
260,260,"[<__main__.Word instance at 0x115733ea8>
 <__main__.Word instance at 0x115733e60>]",Lily,1_6,False,False,"[['stuck'], [""it's""]]",it'sstuck,stuckit's,0.5,-0.69314718056,False,-0.6931471805599453
261,261,"[<__main__.Word instance at 0x115733b00>
 <__main__.Word instance at 0x115733c20>]",Lily,1_6,False,False,"[['stuck'], [""it's""]]",it'sstuck,stuckit's,0.5,-0.69314718056,False,-0.6931471805599453
262,262,[<__main__.Word instance at 0x11573a128>],Lily,1_6,False,True,[['duck']],duck,duck,1.0,0.0,False,-0.0
263,263,[<__main__.Word instance at 0x11573a2d8>],Lily,1_6,False,True,[['boo']],boo,boo,1.0,0.0,False,-0.0
264,264,"[<__main__.Word instance at 0x11573a5f0>
 <__main__.Word instance at 0x11573a518>
 <__main__.Word instance at 0x11573a6c8>
 <__main__.Word instance at 0x11573a7a0>]",Lily,1_6,False,True,"[['boo'], ['boo'], ['boo'], ['boo']]",booboobooboo,booboobooboo,0.0416666666667,3.17805383035,True,-0.0
265,265,[<__main__.Word instance at 0x11573a878>],Lily,1_6,False,True,[['Po']],Po,Po,1.0,0.0,False,-0.0
266,266,"[<__main__.Word instance at 0x11573a950>
 <__main__.Word instance at 0x11573a638>]",Lily,1_6,False,True,"[['Po'], ['Po']]",PoPo,PoPo,0.5,0.69314718056,True,-0.0
267,267,[<__main__.Word instance at 0x11573a8c0>],Lily,1_6,False,True,[['Po']],Po,Po,1.0,0.0,False,-0.0
268,268,"[<__main__.Word instance at 0x11573ab00>
 <__main__.Word instance at 0x11573acb0>]",Lily,1_6,False,False,"[['a'], ['moon']]",amoon,moona,0.5,-0.69314718056,False,-0.6931471805599453
269,269,"[<__main__.Word instance at 0x11573acf8>
 <__main__.Word instance at 0x11573a7e8>
 <__main__.Word instance at 0x11573ae18>]",Lily,1_6,False,False,"[['Mama'], ['moon'], ['a']]",amoonMama,moonaMama,0.166666666667,-0.182321556794,False,-0.1823215567939546
270,270,[<__main__.Word instance at 0x11573aef0>],Lily,1_6,False,True,[['moo']],moo,moo,1.0,0.0,False,-0.0
271,271,[<__main__.Word instance at 0x11573af80>],Lily,1_6,False,True,[['moon']],moon,moon,1.0,0.0,False,-0.0
272,272,"[<__main__.Word instance at 0x11573d170>
 <__main__.Word instance at 0x11573d098>
 <__main__.Word instance at 0x11573d4d0>
 <__main__.Word instance at 0x11573d440>]",Lily,1_6,False,False,"[['a'], ['a'], ['moon'], ['moon']]",amoonamoon,moonmoonaa,0.0416666666667,-0.0425596144188,True,-0.1823215567939546
273,273,[<__main__.Word instance at 0x11573d560>],Lily,1_6,False,True,[['bye']],bye,bye,1.0,0.0,False,-0.0
