num;utterance;child;age;skipped;reconstructed;bow;gold;prediction;chance;controlledscore
0;[<__main__.Word instance at 0x111030e18>];Violet;4_0;False;True;[['trick']];trick;trick;1.0;0.0
1;"[<__main__.Word instance at 0x10453d560>
 <__main__.Word instance at 0x10453da70>
 <__main__.Word instance at 0x10453d7a0>
 <__main__.Word instance at 0x10453dcf8>
 <__main__.Word instance at 0x10453da28>]";Violet;4_0;True;NaN;NaN;needthislightinhere;NaN;NaN;NaN
2;[<__main__.Word instance at 0x10453d8c0>];Violet;4_0;True;NaN;NaN;Tigri;NaN;NaN;NaN
3;"[<__main__.Word instance at 0x104398cf8>
 <__main__.Word instance at 0x1043a69e0>
 <__main__.Word instance at 0x1043a6c20>
 <__main__.Word instance at 0x1043a45a8>
 <__main__.Word instance at 0x1043a4a28>
 <__main__.Word instance at 0x1043a4368>
 <__main__.Word instance at 0x1043a4878>
 <__main__.Word instance at 0x1043a4c20>
 <__main__.Word instance at 0x1043a4998>]";Violet;4_0;True;NaN;NaN;firstIhave_togetreadyinmybookof;NaN;NaN;NaN
4;"[<__main__.Word instance at 0x111035170>
 <__main__.Word instance at 0x111035290>
 <__main__.Word instance at 0x1110353b0>]";Violet;4_0;True;NaN;NaN;there'sairbornetigers;NaN;NaN;NaN
5;"[<__main__.Word instance at 0x1110355f0>
 <__main__.Word instance at 0x111035710>
 <__main__.Word instance at 0x111035830>]";Violet;4_0;True;NaN;NaN;he'sgoingup;NaN;NaN;NaN
6;[<__main__.Word instance at 0x111035a28>];Violet;4_0;False;True;[['up']];up;up;1.0;0.0
7;"[<__main__.Word instance at 0x111035c20>
 <__main__.Word instance at 0x111035d40>
 <__main__.Word instance at 0x111035ea8>
 <__main__.Word instance at 0x111035d88>
 <__main__.Word instance at 0x111035e18>
 <__main__.Word instance at 0x111035f80>
 <__main__.Word instance at 0x111035ef0>
 <__main__.Word instance at 0x111035f38>
 <__main__.Word instance at 0x11103a0e0>]";Violet;4_0;True;NaN;NaN;yeahbutI'mtryingtomakehimgoflippy;NaN;NaN;NaN
8;"[<__main__.Word instance at 0x11103a248>
 <__main__.Word instance at 0x11103a2d8>
 <__main__.Word instance at 0x11103a1b8>]";Violet;4_0;True;NaN;NaN;openthedoor;NaN;NaN;NaN
9;"[<__main__.Word instance at 0x11103a4d0>
 <__main__.Word instance at 0x11103a5a8>
 <__main__.Word instance at 0x11103a440>]";Violet;4_0;True;NaN;NaN;let'stossit;NaN;NaN;NaN
10;[<__main__.Word instance at 0x11103a518>];Violet;4_0;True;NaN;NaN;whoa;NaN;NaN;NaN
11;"[<__main__.Word instance at 0x11103a050>
 <__main__.Word instance at 0x11103a878>
 <__main__.Word instance at 0x11103a638>]";Violet;4_0;True;NaN;NaN;anextraone;NaN;NaN;NaN
12;[<__main__.Word instance at 0x11103a9e0>];Violet;4_0;True;NaN;NaN;extra;NaN;NaN;NaN
13;[<__main__.Word instance at 0x11103aab8>];Violet;4_0;False;True;[['oh']];oh;oh;1.0;0.0
14;"[<__main__.Word instance at 0x11103ab48>
 <__main__.Word instance at 0x11103aa28>
 <__main__.Word instance at 0x11103ad88>
 <__main__.Word instance at 0x11103a6c8>
 <__main__.Word instance at 0x11103ae60>
 <__main__.Word instance at 0x11103abd8>
 <__main__.Word instance at 0x11103aef0>
 <__main__.Word instance at 0x11103ac20>
 <__main__.Word instance at 0x11103ac68>]";Violet;4_0;True;NaN;NaN;&-um&-umokaylet'sseeIwantairbornesnakes;NaN;NaN;NaN
15;"[<__main__.Word instance at 0x11103a7a0>
 <__main__.Word instance at 0x11103af38>
 <__main__.Word instance at 0x11103e050>
 <__main__.Word instance at 0x11103e098>
 <__main__.Word instance at 0x11103e290>]";Violet;4_0;True;NaN;NaN;snakesarefunairbornesnakes;NaN;NaN;NaN
16;"[<__main__.Word instance at 0x11103e368>
 <__main__.Word instance at 0x11103e440>
 <__main__.Word instance at 0x11103e2d8>
 <__main__.Word instance at 0x11103e518>
 <__main__.Word instance at 0x11103e3b0>]";Violet;4_0;True;NaN;NaN;momcanyouthetop;NaN;NaN;NaN
17;"[<__main__.Word instance at 0x11103e488>
 <__main__.Word instance at 0x11103e6c8>
 <__main__.Word instance at 0x11103e560>
 <__main__.Word instance at 0x11103e7a0>
 <__main__.Word instance at 0x11103e638>
 <__main__.Word instance at 0x11103e878>
 <__main__.Word instance at 0x11103e908>]";Violet;4_0;True;NaN;NaN;canyoumomcanyouundothis;NaN;NaN;NaN
18;"[<__main__.Word instance at 0x11103eab8>
 <__main__.Word instance at 0x11103e998>]";Violet;4_0;False;True;[['can'], ['you']];canyou;canyou;0.5;0.69314718056
19;"[<__main__.Word instance at 0x11103eb48>
 <__main__.Word instance at 0x11103ed40>]";Violet;4_0;True;NaN;NaN;undothat;NaN;NaN;NaN
20;[<__main__.Word instance at 0x11103ef38>];Violet;4_0;False;True;[['yeah']];yeah;yeah;1.0;0.0
21;"[<__main__.Word instance at 0x11103ec68>
 <__main__.Word instance at 0x11103ef80>
 <__main__.Word instance at 0x11103eef0>
 <__main__.Word instance at 0x11103e710>]";Violet;4_0;True;NaN;NaN;butitgoesaway;NaN;NaN;NaN
22;[<__main__.Word instance at 0x1110410e0>];Violet;4_0;False;True;[['yeah']];yeah;yeah;1.0;0.0
23;[<__main__.Word instance at 0x111041170>];Violet;4_0;False;True;[['circle']];circle;circle;1.0;0.0
24;"[<__main__.Word instance at 0x111041488>
 <__main__.Word instance at 0x111041320>
 <__main__.Word instance at 0x111041518>
 <__main__.Word instance at 0x1110413f8>
 <__main__.Word instance at 0x111041878>]";Violet;4_0;True;NaN;NaN;momIwannawrite&-um;NaN;NaN;NaN
25;[<__main__.Word instance at 0x111041290>];Violet;4_0;False;True;[['yeah']];yeah;yeah;1.0;0.0
26;"[<__main__.Word instance at 0x111041950>
 <__main__.Word instance at 0x111041b90>
 <__main__.Word instance at 0x111041710>
 <__main__.Word instance at 0x111041c68>
 <__main__.Word instance at 0x1110415f0>
 <__main__.Word instance at 0x111041cf8>]";Violet;4_0;True;NaN;NaN;I'llpretendI'mdoingmyhomework;NaN;NaN;NaN
27;[<__main__.Word instance at 0x111041ef0>];Violet;4_0;True;NaN;NaN;o;NaN;NaN;NaN
28;[<__main__.Word instance at 0x111041f80>];Violet;4_0;True;NaN;NaN;i;NaN;NaN;NaN
29;"[<__main__.Word instance at 0x111041bd8>
 <__main__.Word instance at 0x111048098>
 <__main__.Word instance at 0x111048128>]";Violet;4_0;False;False;[['and'], ['one'], ['one']];oneandone;oneoneand;0.166666666667;-0.182321556794
30;[<__main__.Word instance at 0x1110481b8>];Violet;4_0;False;True;[['two']];two;two;1.0;0.0
31;"[<__main__.Word instance at 0x1110484d0>
 <__main__.Word instance at 0x111048368>
 <__main__.Word instance at 0x1110485a8>
 <__main__.Word instance at 0x111048440>
 <__main__.Word instance at 0x111048758>
 <__main__.Word instance at 0x111048680>
 <__main__.Word instance at 0x111048830>
 <__main__.Word instance at 0x1110482d8>
 <__main__.Word instance at 0x111048908>
 <__main__.Word instance at 0x1110487a0>
 <__main__.Word instance at 0x1110489e0>
 <__main__.Word instance at 0x111048878>
 <__main__.Word instance at 0x111048a70>
 <__main__.Word instance at 0x111048950>
 <__main__.Word instance at 0x111048b90>
 <__main__.Word instance at 0x111048290>]";Violet;4_0;True;NaN;NaN;lookI'mdrawingfromtheI'mdoingmydrawsformyI'mdrawingformyhomework;NaN;NaN;NaN
32;"[<__main__.Word instance at 0x1110485f0>
 <__main__.Word instance at 0x111048d40>]";Violet;4_0;True;NaN;NaN;I'mdrawing;NaN;NaN;NaN
33;"[<__main__.Word instance at 0x111048dd0>
 <__main__.Word instance at 0x111048cb0>
 <__main__.Word instance at 0x111048fc8>
 <__main__.Word instance at 0x111048ea8>
 <__main__.Word instance at 0x111048518>]";Violet;4_0;True;NaN;NaN;here'smyhomeworkit'sdrawing;NaN;NaN;NaN
34;"[<__main__.Word instance at 0x111045050>
 <__main__.Word instance at 0x111045368>]";Violet;4_0;True;NaN;NaN;heremom;NaN;NaN;NaN
35;"[<__main__.Word instance at 0x111045440>
 <__main__.Word instance at 0x111045128>]";Violet;4_0;False;True;"[[""I'm""], ['done']]";I'mdone;I'mdone;0.5;0.69314718056
36;[<__main__.Word instance at 0x1110456c8>];Violet;4_0;False;True;[['oh']];oh;oh;1.0;0.0
37;[<__main__.Word instance at 0x111045758>];Violet;4_0;True;NaN;NaN;mama;NaN;NaN;NaN
38;"[<__main__.Word instance at 0x111045908>
 <__main__.Word instance at 0x1110457e8>
 <__main__.Word instance at 0x111045ab8>
 <__main__.Word instance at 0x111045998>
 <__main__.Word instance at 0x111045c68>]";Violet;4_0;True;NaN;NaN;gotogetababy;NaN;NaN;NaN
39;"[<__main__.Word instance at 0x111045fc8>
 <__main__.Word instance at 0x111045f38>
 <__main__.Word instance at 0x111045488>]";Violet;4_0;False;True;[['so'], ['we'], ['have_to']];sowehave_to;sowehave_to;0.166666666667;1.79175946923
40;"[<__main__.Word instance at 0x111045cf8>
 <__main__.Word instance at 0x111045dd0>
 <__main__.Word instance at 0x11104b0e0>
 <__main__.Word instance at 0x11104b170>
 <__main__.Word instance at 0x11104b050>
 <__main__.Word instance at 0x11104b320>
 <__main__.Word instance at 0x11104b248>
 <__main__.Word instance at 0x11104b518>
 <__main__.Word instance at 0x11104b3b0>
 <__main__.Word instance at 0x11104b5a8>
 <__main__.Word instance at 0x11104b200>
 <__main__.Word instance at 0x11104b7a0>]";Violet;4_0;True;NaN;NaN;lookatmomI'mdonewithI'mdonewithallmyhomework;NaN;NaN;NaN
41;"[<__main__.Word instance at 0x11104b878>
 <__main__.Word instance at 0x11104b6c8>
 <__main__.Word instance at 0x11104ba28>]";Violet;4_0;True;NaN;NaN;myschoolbackpack;NaN;NaN;NaN
42;"[<__main__.Word instance at 0x11104bab8>
 <__main__.Word instance at 0x11104bcb0>
 <__main__.Word instance at 0x11104bb48>
 <__main__.Word instance at 0x11104bd88>
 <__main__.Word instance at 0x11104b9e0>
 <__main__.Word instance at 0x11104bbd8>
 <__main__.Word instance at 0x11104bcf8>]";Violet;4_0;True;NaN;NaN;ohIjustgothomefromschool;NaN;NaN;NaN
43;"[<__main__.Word instance at 0x11104bea8>
 <__main__.Word instance at 0x11104be60>
 <__main__.Word instance at 0x11104bdd0>
 <__main__.Word instance at 0x11104e098>]";Violet;4_0;False;False;"[[""I'm""], ['my'], ['doing'], ['homework']]";I'mdoingmyhomework;I'mmyhomeworkdoing;0.0416666666667;-0.0425596144188
44;"[<__main__.Word instance at 0x11104e290>
 <__main__.Word instance at 0x11104e440>
 <__main__.Word instance at 0x11104e200>
 <__main__.Word instance at 0x11104e680>
 <__main__.Word instance at 0x11104e6c8>]";Violet;4_0;True;NaN;NaN;I'mdoingmyhomeworkmom;NaN;NaN;NaN
45;"[<__main__.Word instance at 0x11104e8c0>
 <__main__.Word instance at 0x11104e758>
 <__main__.Word instance at 0x11104e950>
 <__main__.Word instance at 0x11104e5f0>]";Violet;4_0;False;False;"[[""I'm""], ['my'], ['doing'], ['homework']]";I'mdoingmyhomework;I'mdoinghomeworkmy;0.0416666666667;-0.0425596144188
46;[<__main__.Word instance at 0x11104e9e0>];Violet;4_0;True;NaN;NaN;mom;NaN;NaN;NaN
47;"[<__main__.Word instance at 0x11104e878>
 <__main__.Word instance at 0x11104ed40>]";Violet;4_0;True;NaN;NaN;I'mdrawing;NaN;NaN;NaN
48;[<__main__.Word instance at 0x11104ee18>];Violet;4_0;False;True;[['okay']];okay;okay;1.0;0.0
49;"[<__main__.Word instance at 0x11104eea8>
 <__main__.Word instance at 0x11104eb90>
 <__main__.Word instance at 0x111052050>]";Violet;4_0;True;NaN;NaN;what'stheother;NaN;NaN;NaN
50;"[<__main__.Word instance at 0x111052290>
 <__main__.Word instance at 0x111052170>
 <__main__.Word instance at 0x111052488>
 <__main__.Word instance at 0x111052320>
 <__main__.Word instance at 0x111052518>
 <__main__.Word instance at 0x111052248>]";Violet;4_0;True;NaN;NaN;howcanIundomybows;NaN;NaN;NaN
51;"[<__main__.Word instance at 0x111052710>
 <__main__.Word instance at 0x111052908>
 <__main__.Word instance at 0x1110525a8>
 <__main__.Word instance at 0x111052a70>
 <__main__.Word instance at 0x111052830>
 <__main__.Word instance at 0x111052b00>]";Violet;4_0;True;NaN;NaN;kayhelpmedothisseven;NaN;NaN;NaN
52;[<__main__.Word instance at 0x111052cb0>];Violet;4_0;False;True;[['what']];what;what;1.0;0.0
53;[<__main__.Word instance at 0x111052e60>];Violet;4_0;False;True;[['no']];no;no;1.0;0.0
54;"[<__main__.Word instance at 0x111052ef0>
 <__main__.Word instance at 0x111052950>
 <__main__.Word instance at 0x111052fc8>
 <__main__.Word instance at 0x111055050>
 <__main__.Word instance at 0x111055200>
 <__main__.Word instance at 0x1110550e0>
 <__main__.Word instance at 0x111055368>]";Violet;4_0;True;NaN;NaN;thisthishowI'msupposedtoerase;NaN;NaN;NaN
55;"[<__main__.Word instance at 0x111055488>
 <__main__.Word instance at 0x111055248>
 <__main__.Word instance at 0x111055518>
 <__main__.Word instance at 0x111055710>
 <__main__.Word instance at 0x1110555a8>
 <__main__.Word instance at 0x1110557e8>
 <__main__.Word instance at 0x111055320>]";Violet;4_0;True;NaN;NaN;isthishowI'msupposedtoerase;NaN;NaN;NaN
56;"[<__main__.Word instance at 0x111055758>
 <__main__.Word instance at 0x111055e18>
 <__main__.Word instance at 0x111055c20>
 <__main__.Word instance at 0x111055e60>
 <__main__.Word instance at 0x111055ef0>
 <__main__.Word instance at 0x111055fc8>
 <__main__.Word instance at 0x111055908>]";Violet;4_0;True;NaN;NaN;onebyonemakesonebyone;NaN;NaN;NaN
57;"[<__main__.Word instance at 0x111058248>
 <__main__.Word instance at 0x1110580e0>
 <__main__.Word instance at 0x1110582d8>
 <__main__.Word instance at 0x1110584d0>
 <__main__.Word instance at 0x111058368>
 <__main__.Word instance at 0x111058560>
 <__main__.Word instance at 0x111058200>
 <__main__.Word instance at 0x111058710>
 <__main__.Word instance at 0x1110585f0>
 <__main__.Word instance at 0x1110588c0>
 <__main__.Word instance at 0x1110587a0>]";Violet;4_0;True;NaN;NaN;twomomhowbigyouthinkI'mgonnamakethiscircle;NaN;NaN;NaN
58;"[<__main__.Word instance at 0x111058950>
 <__main__.Word instance at 0x111058c68>
 <__main__.Word instance at 0x111058b00>
 <__main__.Word instance at 0x111058d40>
 <__main__.Word instance at 0x111058a28>
 <__main__.Word instance at 0x111058e18>
 <__main__.Word instance at 0x111058ea8>
 <__main__.Word instance at 0x111058d88>
 <__main__.Word instance at 0x111058f38>
 <__main__.Word instance at 0x111058c20>
 <__main__.Word instance at 0x111058cb0>]";Violet;4_0;True;NaN;NaN;momhowbigdoyouthinkI'mgonnamakethiscircle;NaN;NaN;NaN
59;"[<__main__.Word instance at 0x11105b170>
 <__main__.Word instance at 0x11105b368>
 <__main__.Word instance at 0x11105b200>
 <__main__.Word instance at 0x11105b3f8>
 <__main__.Word instance at 0x11105b098>]";Violet;4_0;True;NaN;NaN;firstIhave_togetready;NaN;NaN;NaN
60;"[<__main__.Word instance at 0x11105b5f0>
 <__main__.Word instance at 0x11105b7a0>
 <__main__.Word instance at 0x11105b560>]";Violet;4_0;False;False;"[['good'], ['not'], [""that's""]]";that'snotgood;goodnotthat's;0.166666666667;-0.182321556794
61;"[<__main__.Word instance at 0x11105b830>
 <__main__.Word instance at 0x11105ba70>
 <__main__.Word instance at 0x11105b488>
 <__main__.Word instance at 0x11105bb48>
 <__main__.Word instance at 0x11105bc20>]";Violet;4_0;True;NaN;NaN;momhowbigisit;NaN;NaN;NaN
62;"[<__main__.Word instance at 0x11105ba28>
 <__main__.Word instance at 0x11105bb90>
 <__main__.Word instance at 0x11105be18>
 <__main__.Word instance at 0x11105bd40>
 <__main__.Word instance at 0x11105e638>
 <__main__.Word instance at 0x11105e2d8>
 <__main__.Word instance at 0x11105e710>
 <__main__.Word instance at 0x11105e518>
 <__main__.Word instance at 0x11105e908>]";Violet;4_0;True;NaN;NaN;butIthinkIIthinkiterasedalready;NaN;NaN;NaN
63;"[<__main__.Word instance at 0x11105e9e0>
 <__main__.Word instance at 0x11105e758>
 <__main__.Word instance at 0x11105eb90>]";Violet;4_0;True;NaN;NaN;heymommylook;NaN;NaN;NaN
64;"[<__main__.Word instance at 0x11105ed40>
 <__main__.Word instance at 0x11105ec20>]";Violet;4_0;True;NaN;NaN;momlook;NaN;NaN;NaN
65;"[<__main__.Word instance at 0x11105edd0>
 <__main__.Word instance at 0x11105ef80>]";Violet;4_0;True;NaN;NaN;ahearing;NaN;NaN;NaN
66;"[<__main__.Word instance at 0x11105ecf8>
 <__main__.Word instance at 0x11105efc8>
 <__main__.Word instance at 0x11105ef38>
 <__main__.Word instance at 0x11105e7a0>
 <__main__.Word instance at 0x1110610e0>]";Violet;4_0;True;NaN;NaN;whyareyougoingback;NaN;NaN;NaN
67;[<__main__.Word instance at 0x1110612d8>];Violet;4_0;True;NaN;NaN;first;NaN;NaN;NaN
68;"[<__main__.Word instance at 0x111061440>
 <__main__.Word instance at 0x111061518>
 <__main__.Word instance at 0x1110615a8>
 <__main__.Word instance at 0x111061488>
 <__main__.Word instance at 0x111061758>
 <__main__.Word instance at 0x111061638>
 <__main__.Word instance at 0x111061908>
 <__main__.Word instance at 0x1110617e8>
 <__main__.Word instance at 0x111061998>
 <__main__.Word instance at 0x1110616c8>
 <__main__.Word instance at 0x111061ab8>
 <__main__.Word instance at 0x1110617a0>]";Violet;4_0;True;NaN;NaN;momhowbig&-umdoyouthinkI'mgonnadoacircle;NaN;NaN;NaN
69;[<__main__.Word instance at 0x111061200>];Violet;4_0;False;True;[['no']];no;no;1.0;0.0
70;"[<__main__.Word instance at 0x111061b00>
 <__main__.Word instance at 0x111061e18>
 <__main__.Word instance at 0x111061cb0>
 <__main__.Word instance at 0x111061ef0>
 <__main__.Word instance at 0x1110618c0>
 <__main__.Word instance at 0x111061f80>]";Violet;4_0;True;NaN;NaN;butIhavenowheretodraw;NaN;NaN;NaN
71;"[<__main__.Word instance at 0x111061dd0>
 <__main__.Word instance at 0x1110661b8>
 <__main__.Word instance at 0x111066050>
 <__main__.Word instance at 0x111066248>
 <__main__.Word instance at 0x111066518>
 <__main__.Word instance at 0x111066440>
 <__main__.Word instance at 0x111066830>
 <__main__.Word instance at 0x111066710>
 <__main__.Word instance at 0x1110668c0>
 <__main__.Word instance at 0x111066680>]";Violet;4_0;True;NaN;NaN;momhowbigdoyouthinkI'mgonnadoit;NaN;NaN;NaN
72;"[<__main__.Word instance at 0x111066950>
 <__main__.Word instance at 0x111066c20>
 <__main__.Word instance at 0x111066b00>
 <__main__.Word instance at 0x111066dd0>
 <__main__.Word instance at 0x111066cb0>
 <__main__.Word instance at 0x111066f80>]";Violet;4_0;True;NaN;NaN;howhowmuchisthreeinches;NaN;NaN;NaN
73;"[<__main__.Word instance at 0x111066f38>
 <__main__.Word instance at 0x1110691b8>
 <__main__.Word instance at 0x111069050>
 <__main__.Word instance at 0x111069290>
 <__main__.Word instance at 0x1110693f8>]";Violet;4_0;True;NaN;NaN;&-umwhat'syournextguess;NaN;NaN;NaN
74;"[<__main__.Word instance at 0x111069638>
 <__main__.Word instance at 0x111069518>
 <__main__.Word instance at 0x111069710>
 <__main__.Word instance at 0x111069200>
 <__main__.Word instance at 0x1110697e8>
 <__main__.Word instance at 0x111069680>]";Violet;4_0;True;NaN;NaN;&-umhowmuchisoneinch;NaN;NaN;NaN
75;"[<__main__.Word instance at 0x111069758>
 <__main__.Word instance at 0x111069a70>
 <__main__.Word instance at 0x111069908>
 <__main__.Word instance at 0x111069b48>]";Violet;4_0;False;False;[['mean'], ['does'], ['two'], ['that']];doesthatmeantwo;twodoesthatmean;0.0416666666667;-0.0425596144188
76;"[<__main__.Word instance at 0x111069bd8>
 <__main__.Word instance at 0x111069ab8>
 <__main__.Word instance at 0x111069d88>]";Violet;4_0;False;False;[['&-um'], ['well'], ['how']];&-umwellhow;howwell&-um;0.166666666667;-0.182321556794
77;"[<__main__.Word instance at 0x111069f80>
 <__main__.Word instance at 0x111069e18>]";Violet;4_0;False;True;[['is'], ['one']];isone;isone;0.5;0.69314718056
78;[<__main__.Word instance at 0x111069f38>];Violet;4_0;True;NaN;NaN;mommy;NaN;NaN;NaN
79;[<__main__.Word instance at 0x11106c050>];Violet;4_0;True;NaN;NaN;mom;NaN;NaN;NaN
80;"[<__main__.Word instance at 0x11106c0e0>
 <__main__.Word instance at 0x11106c320>
 <__main__.Word instance at 0x11106c3f8>]";Violet;4_0;True;NaN;NaN;didIdraw;NaN;NaN;NaN
81;"[<__main__.Word instance at 0x11106c368>
 <__main__.Word instance at 0x11106c5a8>
 <__main__.Word instance at 0x11106c440>
 <__main__.Word instance at 0x11106c680>
 <__main__.Word instance at 0x11106c290>
 <__main__.Word instance at 0x11106c710>
 <__main__.Word instance at 0x11106c518>]";Violet;4_0;True;NaN;NaN;momdidIdrawminebigenough;NaN;NaN;NaN
82;"[<__main__.Word instance at 0x11106c7a0>
 <__main__.Word instance at 0x11106c998>
 <__main__.Word instance at 0x11106c200>
 <__main__.Word instance at 0x11106cb90>
 <__main__.Word instance at 0x11106ca28>
 <__main__.Word instance at 0x11106cc20>
 <__main__.Word instance at 0x11106c8c0>]";Violet;4_0;True;NaN;NaN;momdidIdrawitbigenough;NaN;NaN;NaN
83;[<__main__.Word instance at 0x11106ccb0>];Violet;4_0;False;True;[['why']];why;why;1.0;0.0
84;"[<__main__.Word instance at 0x11106cb48>
 <__main__.Word instance at 0x11106cf38>
 <__main__.Word instance at 0x11106cdd0>
 <__main__.Word instance at 0x11106c5f0>
 <__main__.Word instance at 0x11106f0e0>
 <__main__.Word instance at 0x11106f170>
 <__main__.Word instance at 0x11106f320>
 <__main__.Word instance at 0x11106f200>
 <__main__.Word instance at 0x11106f4d0>
 <__main__.Word instance at 0x11106f3b0>
 <__main__.Word instance at 0x11106f6c8>
 <__main__.Word instance at 0x11106f560>]";Violet;4_0;True;NaN;NaN;momlookhowmuchdoyouthinkI'mgonnaputthecircle;NaN;NaN;NaN
85;[<__main__.Word instance at 0x11106f488>];Violet;4_0;False;True;[['there']];there;there;1.0;0.0
86;"[<__main__.Word instance at 0x11106f7e8>
 <__main__.Word instance at 0x11106f998>
 <__main__.Word instance at 0x11106f680>
 <__main__.Word instance at 0x11106fab8>]";Violet;4_0;True;NaN;NaN;momlookatthis;NaN;NaN;NaN
87;"[<__main__.Word instance at 0x11106fb48>
 <__main__.Word instance at 0x11106f710>
 <__main__.Word instance at 0x11106fcf8>
 <__main__.Word instance at 0x11106fbd8>]";Violet;4_0;True;NaN;NaN;ishowIerase;NaN;NaN;NaN
88;"[<__main__.Word instance at 0x11106fe60>
 <__main__.Word instance at 0x11106fd88>
 <__main__.Word instance at 0x111073050>]";Violet;4_0;True;NaN;NaN;Ierasedit;NaN;NaN;NaN
89;[<__main__.Word instance at 0x1110731b8>];Violet;4_0;True;NaN;NaN;yes;NaN;NaN;NaN
90;"[<__main__.Word instance at 0x111073248>
 <__main__.Word instance at 0x111073488>
 <__main__.Word instance at 0x111073518>
 <__main__.Word instance at 0x1110733f8>
 <__main__.Word instance at 0x111073830>]";Violet;4_0;True;NaN;NaN;thisishowwaterbottle;NaN;NaN;NaN
91;"[<__main__.Word instance at 0x1110738c0>
 <__main__.Word instance at 0x111073680>
 <__main__.Word instance at 0x111073a70>
 <__main__.Word instance at 0x111073950>
 <__main__.Word instance at 0x111073c68>
 <__main__.Word instance at 0x111073b00>
 <__main__.Word instance at 0x111073d40>
 <__main__.Word instance at 0x111073a28>]";Violet;4_0;True;NaN;NaN;isthisoldwateristhisgoodwater;NaN;NaN;NaN
92;"[<__main__.Word instance at 0x111073cb0>
 <__main__.Word instance at 0x111073f80>
 <__main__.Word instance at 0x111073e60>
 <__main__.Word instance at 0x111073c20>
 <__main__.Word instance at 0x111073fc8>
 <__main__.Word instance at 0x111073e18>]";Violet;4_0;True;NaN;NaN;canymegetitopen;NaN;NaN;NaN
93;[<__main__.Word instance at 0x111073f38>];Violet;4_0;True;NaN;NaN;mommy;NaN;NaN;NaN
94;"[<__main__.Word instance at 0x111076098>
 <__main__.Word instance at 0x111076170>
 <__main__.Word instance at 0x111076200>
 <__main__.Word instance at 0x1110760e0>
 <__main__.Word instance at 0x111076320>
 <__main__.Word instance at 0x1110763f8>
 <__main__.Word instance at 0x111076488>
 <__main__.Word instance at 0x111076368>
 <__main__.Word instance at 0x111076680>]";Violet;4_0;True;NaN;NaN;noIwasgonnaputitonyourhead;NaN;NaN;NaN
95;[<__main__.Word instance at 0x111076758>];Violet;4_0;False;True;[['this']];this;this;1.0;0.0
96;"[<__main__.Word instance at 0x1110766c8>
 <__main__.Word instance at 0x111076908>
 <__main__.Word instance at 0x1110769e0>]";Violet;4_0;False;True;"[['gonna', 'draw'], [""I'm""]]";I'mgonnadraw;I'mgonnadraw;0.5;0.69314718056
97;"[<__main__.Word instance at 0x111076a70>
 <__main__.Word instance at 0x1110767a0>
 <__main__.Word instance at 0x111076d40>
 <__main__.Word instance at 0x111076c68>
 <__main__.Word instance at 0x111076dd0>
 <__main__.Word instance at 0x111076b90>
 <__main__.Word instance at 0x111076ea8>]";Violet;4_0;False;False;"[['number'], ['one'], ['gonna', 'draw'], ['a'], ['okay'], [""I'm""]]";okayI'mgonnadrawanumberone;I'mokaygonnadrawonenumbera;0.00138888888889;-0.00138985428905
98;[<__main__.Word instance at 0x111076f38>];Violet;4_0;True;NaN;NaN;mom;NaN;NaN;NaN
99;"[<__main__.Word instance at 0x1110790e0>
 <__main__.Word instance at 0x1110791b8>]";Violet;4_0;True;NaN;NaN;waterbottle;NaN;NaN;NaN
100;"[<__main__.Word instance at 0x111079128>
 <__main__.Word instance at 0x1110793f8>
 <__main__.Word instance at 0x111079320>]";Violet;4_0;True;NaN;NaN;abookabout;NaN;NaN;NaN
101;[<__main__.Word instance at 0x1110794d0>];Violet;4_0;False;True;[['one']];one;one;1.0;0.0
102;"[<__main__.Word instance at 0x1110797a0>
 <__main__.Word instance at 0x111079a70>]";Violet;4_0;True;NaN;NaN;ababy;NaN;NaN;NaN
103;"[<__main__.Word instance at 0x111079bd8>
 <__main__.Word instance at 0x111079b00>
 <__main__.Word instance at 0x111079cf8>
 <__main__.Word instance at 0x111079c20>
 <__main__.Word instance at 0x111079e60>
 <__main__.Word instance at 0x111079d40>]";Violet;4_0;True;NaN;NaN;Iwastryinghistailflat;NaN;NaN;NaN
104;"[<__main__.Word instance at 0x111079fc8>
 <__main__.Word instance at 0x11107c050>
 <__main__.Word instance at 0x11107c248>
 <__main__.Word instance at 0x11107c3f8>
 <__main__.Word instance at 0x11107c290>
 <__main__.Word instance at 0x11107c4d0>
 <__main__.Word instance at 0x11107c0e0>
 <__main__.Word instance at 0x11107c560>
 <__main__.Word instance at 0x11107c440>]";Violet;4_0;True;NaN;NaN;causehecamelikethathistailwasflat;NaN;NaN;NaN
105;[<__main__.Word instance at 0x11107c5f0>];Violet;4_0;False;True;[['yeah']];yeah;yeah;1.0;0.0
106;"[<__main__.Word instance at 0x11107c7a0>
 <__main__.Word instance at 0x11107cb00>]";Violet;4_0;False;True;[['you'], ['have_to']];youhave_to;youhave_to;0.5;0.69314718056
107;"[<__main__.Word instance at 0x11107cb48>
 <__main__.Word instance at 0x11107c6c8>
 <__main__.Word instance at 0x11107cd40>
 <__main__.Word instance at 0x11107cbd8>
 <__main__.Word instance at 0x11107cdd0>
 <__main__.Word instance at 0x11107c950>
 <__main__.Word instance at 0x11107cfc8>
 <__main__.Word instance at 0x11107f0e0>]";Violet;4_0;True;NaN;NaN;yeahalittlebitcanmorethanif;NaN;NaN;NaN
108;"[<__main__.Word instance at 0x11107f170>
 <__main__.Word instance at 0x11107f488>
 <__main__.Word instance at 0x11107f290>]";Violet;4_0;False;False;[['can'], ['I'], ['do']];Icando;canIdo;0.166666666667;-0.182321556794
109;[<__main__.Word instance at 0x11107f200>];Violet;4_0;False;True;[['yeah']];yeah;yeah;1.0;0.0
110;[<__main__.Word instance at 0x11107f5a8>];Violet;4_0;False;True;[['okay']];okay;okay;1.0;0.0
111;"[<__main__.Word instance at 0x11107f8c0>
 <__main__.Word instance at 0x11107fa70>
 <__main__.Word instance at 0x11107f878>
 <__main__.Word instance at 0x11107fd40>
 <__main__.Word instance at 0x11107fc68>
 <__main__.Word instance at 0x11107ffc8>
 <__main__.Word instance at 0x11107fdd0>
 <__main__.Word instance at 0x11107ff38>
 <__main__.Word instance at 0x111082128>]";Violet;4_0;True;NaN;NaN;turnhimaroundthenIkeepitandthen;NaN;NaN;NaN
112;"[<__main__.Word instance at 0x1110821b8>
 <__main__.Word instance at 0x111082290>
 <__main__.Word instance at 0x111082170>
 <__main__.Word instance at 0x111082488>
 <__main__.Word instance at 0x111082320>
 <__main__.Word instance at 0x111082518>]";Violet;4_0;False;False;"[[""that's""], ['it'], ['not'], ['do'], ['how'], ['I']]";that'snothowIdoit;that'showIdoitnot;0.00138888888889;-0.00138985428905
113;"[<__main__.Word instance at 0x1110825a8>
 <__main__.Word instance at 0x111082878>
 <__main__.Word instance at 0x111082758>
 <__main__.Word instance at 0x111082a28>
 <__main__.Word instance at 0x111082908>]";Violet;4_0;True;NaN;NaN;thenIsawtheclothes;NaN;NaN;NaN
114;"[<__main__.Word instance at 0x111082ab8>
 <__main__.Word instance at 0x111082cf8>
 <__main__.Word instance at 0x1110829e0>
 <__main__.Word instance at 0x111082d88>
 <__main__.Word instance at 0x111082f38>
 <__main__.Word instance at 0x111082e18>
 <__main__.Word instance at 0x111082c68>
 <__main__.Word instance at 0x111086290>
 <__main__.Word instance at 0x111086170>]";Violet;4_0;False;False;[['want'], ['I'], ['but'], ['to'], ['mail'], ['it'], ['not'], ['right'], ['now']];Iwanttomailitbutnotrightnow;nowrightnottomailitbutIwant;2.7557319224e-06;-2.75573571947e-06
115;"[<__main__.Word instance at 0x1110860e0>
 <__main__.Word instance at 0x1110864d0>
 <__main__.Word instance at 0x1110863b0>
 <__main__.Word instance at 0x1110866c8>
 <__main__.Word instance at 0x111086560>]";Violet;4_0;False;False;[['now'], ['I'], ['wanna'], ['it'], ['do']];nowIwannadoit;nowdoitIwanna;0.00833333333333;-0.00836824967052
116;"[<__main__.Word instance at 0x111086488>
 <__main__.Word instance at 0x111086908>
 <__main__.Word instance at 0x1110867e8>
 <__main__.Word instance at 0x111086b00>]";Violet;4_0;True;NaN;NaN;it'sagreencar;NaN;NaN;NaN
117;"[<__main__.Word instance at 0x111086b90>
 <__main__.Word instance at 0x1110868c0>]";Violet;4_0;True;NaN;NaN;momcolor;NaN;NaN;NaN
118;"[<__main__.Word instance at 0x111086c20>
 <__main__.Word instance at 0x111086f38>
 <__main__.Word instance at 0x111086dd0>]";Violet;4_0;False;True;"[['my'], ['have'], [""don't""]]";don'thavemy;don'thavemy;0.166666666667;1.79175946923
119;"[<__main__.Word instance at 0x111086cf8>
 <__main__.Word instance at 0x111086e60>]";Violet;4_0;False;True;[['yeah'], ['oh']];ohyeah;ohyeah;0.5;0.69314718056
120;[<__main__.Word instance at 0x111089050>];Violet;4_0;False;True;[['mail']];mail;mail;1.0;0.0
121;"[<__main__.Word instance at 0x111089098>
 <__main__.Word instance at 0x111089248>
 <__main__.Word instance at 0x111089368>
 <__main__.Word instance at 0x1110893f8>]";Violet;4_0;False;False;[['do'], ['it'], ['can'], ['I']];Icandoit;canIdoit;0.0416666666667;-0.0425596144188
122;[<__main__.Word instance at 0x111089488>];Violet;4_0;True;NaN;NaN;key;NaN;NaN;NaN
123;"[<__main__.Word instance at 0x111089170>
 <__main__.Word instance at 0x1110898c0>
 <__main__.Word instance at 0x1110896c8>
 <__main__.Word instance at 0x111089950>
 <__main__.Word instance at 0x1110899e0>]";Violet;4_0;True;NaN;NaN;yeahbringbackthekey;NaN;NaN;NaN
124;"[<__main__.Word instance at 0x111089c68>
 <__main__.Word instance at 0x111089bd8>
 <__main__.Word instance at 0x111089d40>
 <__main__.Word instance at 0x111089b90>]";Violet;4_0;True;NaN;NaN;grabitgrabit;NaN;NaN;NaN
125;"[<__main__.Word instance at 0x111089dd0>
 <__main__.Word instance at 0x111089ea8>]";Violet;4_0;False;False;[['two'], ['number']];numbertwo;twonumber;0.5;-0.69314718056
126;"[<__main__.Word instance at 0x11108c170>
 <__main__.Word instance at 0x11108c050>
 <__main__.Word instance at 0x11108c200>]";Violet;4_0;True;NaN;NaN;momwhat'sthis;NaN;NaN;NaN
127;"[<__main__.Word instance at 0x11108c3b0>
 <__main__.Word instance at 0x11108c6c8>]";Violet;4_0;True;NaN;NaN;what'sthat;NaN;NaN;NaN
128;[<__main__.Word instance at 0x11108c7a0>];Violet;4_0;True;NaN;NaN;mom;NaN;NaN;NaN
129;"[<__main__.Word instance at 0x11108c710>
 <__main__.Word instance at 0x11108c908>
 <__main__.Word instance at 0x11108c7e8>
 <__main__.Word instance at 0x11108cab8>
 <__main__.Word instance at 0x11108c9e0>
 <__main__.Word instance at 0x11108ccb0>
 <__main__.Word instance at 0x11108cb90>
 <__main__.Word instance at 0x11108cd88>
 <__main__.Word instance at 0x11108ca70>]";Violet;4_0;True;NaN;NaN;momcanIcutoutcutoutyourcoupon;NaN;NaN;NaN
130;"[<__main__.Word instance at 0x11108ccf8>
 <__main__.Word instance at 0x11108cf80>
 <__main__.Word instance at 0x11108c518>]";Violet;4_0;False;False;"[['cut'], [""I'll""], ['and']]";andI'llcut;I'llcutand;0.166666666667;-0.182321556794
131;"[<__main__.Word instance at 0x11108cc68>
 <__main__.Word instance at 0x11108f050>
 <__main__.Word instance at 0x11108f0e0>
 <__main__.Word instance at 0x11108f290>]";Violet;4_0;False;False;[['I'], ['a'], ['banana'], ['want']];Iwantabanana;wantIabanana;0.0416666666667;-0.0425596144188
132;[<__main__.Word instance at 0x11108f440>];Violet;4_0;False;True;[['banana']];banana;banana;1.0;0.0
133;[<__main__.Word instance at 0x11108f5f0>];Violet;4_0;False;True;[['banana']];banana;banana;1.0;0.0
134;"[<__main__.Word instance at 0x11108f758>
 <__main__.Word instance at 0x11108f680>
 <__main__.Word instance at 0x11108f830>]";Violet;4_0;False;False;[['banana'], ['banana'], ['is']];bananaisbanana;isbananabanana;0.166666666667;-0.182321556794
135;"[<__main__.Word instance at 0x11108f9e0>
 <__main__.Word instance at 0x11108f8c0>
 <__main__.Word instance at 0x11108fb48>
 <__main__.Word instance at 0x11108fa70>
 <__main__.Word instance at 0x11108fc20>
 <__main__.Word instance at 0x11108fa28>
 <__main__.Word instance at 0x11108fdd0>
 <__main__.Word instance at 0x11108fcb0>
 <__main__.Word instance at 0x11108ff80>
 <__main__.Word instance at 0x11108fe60>
 <__main__.Word instance at 0x11108f710>]";Violet;4_0;True;NaN;NaN;abananawhocutsbananaabananawhocutsbananaand;NaN;NaN;NaN
136;"[<__main__.Word instance at 0x111092050>
 <__main__.Word instance at 0x111092320>
 <__main__.Word instance at 0x111092200>
 <__main__.Word instance at 0x1110924d0>]";Violet;4_0;True;NaN;NaN;cutoutmycoupon;NaN;NaN;NaN
137;"[<__main__.Word instance at 0x111092680>
 <__main__.Word instance at 0x111092560>
 <__main__.Word instance at 0x1110928c0>]";Violet;4_0;True;NaN;NaN;momIwant;NaN;NaN;NaN
138;[<__main__.Word instance at 0x111092908>];Violet;4_0;False;True;[['no']];no;no;1.0;0.0
139;"[<__main__.Word instance at 0x111092b00>
 <__main__.Word instance at 0x111092998>
 <__main__.Word instance at 0x111092bd8>
 <__main__.Word instance at 0x1110927a0>]";Violet;4_0;False;False;[['what'], ['one'], ['it'], ['is']];whatoneisit;iswhatitone;0.0416666666667;-0.0425596144188
140;"[<__main__.Word instance at 0x111092c20>
 <__main__.Word instance at 0x111092e60>
 <__main__.Word instance at 0x111092ef0>
 <__main__.Word instance at 0x111092dd0>]";Violet;4_0;True;NaN;NaN;momyouneedthis;NaN;NaN;NaN
141;"[<__main__.Word instance at 0x111092f80>
 <__main__.Word instance at 0x111092d40>
 <__main__.Word instance at 0x111095128>]";Violet;4_0;False;True;[['need'], ['this'], ['you']];youneedthis;youneedthis;0.166666666667;1.79175946923
142;"[<__main__.Word instance at 0x111095170>
 <__main__.Word instance at 0x1110953b0>
 <__main__.Word instance at 0x111095440>]";Violet;4_0;True;NaN;NaN;icecreamcone;NaN;NaN;NaN
143;"[<__main__.Word instance at 0x111095638>
 <__main__.Word instance at 0x1110954d0>
 <__main__.Word instance at 0x1110956c8>
 <__main__.Word instance at 0x111095290>
 <__main__.Word instance at 0x1110958c0>
 <__main__.Word instance at 0x111095758>
 <__main__.Word instance at 0x111095a70>
 <__main__.Word instance at 0x1110959e0>
 <__main__.Word instance at 0x111095cb0>]";Violet;4_0;True;NaN;NaN;andI'mgonnacuttheicecreamconesout;NaN;NaN;NaN
144;"[<__main__.Word instance at 0x111095d88>
 <__main__.Word instance at 0x1110955f0>
 <__main__.Word instance at 0x111095c20>]";Violet;4_0;True;NaN;NaN;icecreamcone;NaN;NaN;NaN
145;"[<__main__.Word instance at 0x111095fc8>
 <__main__.Word instance at 0x111095ea8>
 <__main__.Word instance at 0x111095e60>
 <__main__.Word instance at 0x111095dd0>]";Violet;4_0;True;NaN;NaN;it'sonlynextweek;NaN;NaN;NaN
146;"[<__main__.Word instance at 0x11109c050>
 <__main__.Word instance at 0x11109c560>
 <__main__.Word instance at 0x11109c488>
 <__main__.Word instance at 0x11109c5f0>]";Violet;4_0;True;NaN;NaN;momIdidit;NaN;NaN;NaN
147;"[<__main__.Word instance at 0x11109c878>
 <__main__.Word instance at 0x11109c758>
 <__main__.Word instance at 0x11109c950>
 <__main__.Word instance at 0x11109c440>
 <__main__.Word instance at 0x11109ccb0>]";Violet;4_0;True;NaN;NaN;adolphinoradragon;NaN;NaN;NaN
148;"[<__main__.Word instance at 0x11109cd40>
 <__main__.Word instance at 0x11109c9e0>
 <__main__.Word instance at 0x111099098>
 <__main__.Word instance at 0x111099170>
 <__main__.Word instance at 0x1110993b0>
 <__main__.Word instance at 0x111099248>
 <__main__.Word instance at 0x111099518>
 <__main__.Word instance at 0x111099488>]";Violet;4_0;True;NaN;NaN;momnowcanItakeoffmybackpack;NaN;NaN;NaN
